"dose_def","family","var","label","estimator","estimate","se_analytic","se_boot","d_std","p","q","p_tost","q_tost","class3","n_old","n_new","n_pairs","funnel_ratio","funnel_ratio_supported","funnel_zero_denom","funnel_sparse_gt1","funnel_ncat","exclude_flag","count_exclude","ec_class","ec_main","filter_mismatch","nr_routing_flag","routing_followup"
"exact","A_substantive","DQ101","w5問1_意識項目1","naive",0.34239,0.04131,0.04389,0.3235,6.106e-15,1.791e-13,1,1,"affected",2556,887,2379,0.881,0.881,0,0,5,FALSE,FALSE,"A",TRUE,FALSE,FALSE,FALSE
"exact","A_substantive","DQ101","w5問1_意識項目1","sm",0.24146,0.05033,0.05983,0.2281,5.437e-05,0.001196,0.9883,0.9992,"affected",2556,539,2379,0.881,0.881,0,0,5,FALSE,FALSE,"A",TRUE,FALSE,FALSE,FALSE
"exact","A_substantive","DQ101","w5問1_意識項目1","ssm",0.26719,0.05447,0.0637,0.2524,2.731e-05,0.000717,0.9943,0.9981,"affected",2232,458,2379,0.881,0.881,0,0,5,FALSE,FALSE,"A",TRUE,FALSE,FALSE,FALSE
"exact","A_substantive","DQ101","w5問1_意識項目1","ec",0.23066,0.04259,0.04634,0.2179,6.452e-07,1.527e-05,0.9965,1,"affected",2556,887,2379,0.881,0.881,0,0,5,FALSE,FALSE,"A",TRUE,FALSE,FALSE,FALSE
"exact","A_substantive","DQ101","w5問1_意識項目1","ec_adj",0.23101,NA,0.04645,0.2183,6.603e-07,1.255e-05,0.9965,1,"affected",2556,887,2379,0.881,0.881,0,0,5,FALSE,FALSE,"A",TRUE,FALSE,FALSE,FALSE
"exact","A_substantive","DQ102","w5問2_意識項目2","naive",0.37266,0.04177,0.0418,0.3478,4.838e-19,2.129e-17,1,1,"affected",2549,879,2367,1.026,1.026,0,0,5,FALSE,FALSE,"A",TRUE,FALSE,FALSE,FALSE
"exact","A_substantive","DQ102","w5問2_意識項目2","sm",0.22878,0.0497,0.0561,0.2135,4.538e-05,0.001196,0.9849,0.9992,"affected",2549,531,2367,1.026,1.026,0,0,5,FALSE,FALSE,"A",TRUE,FALSE,FALSE,FALSE
"exact","A_substantive","DQ102","w5問2_意識項目2","ssm",0.24298,0.05281,0.05848,0.2268,3.259e-05,0.000717,0.9899,0.9981,"affected",2229,449,2367,1.026,1.026,0,0,5,FALSE,FALSE,"A",TRUE,FALSE,FALSE,FALSE
"exact","A_substantive","DQ102","w5問2_意識項目2","ec",0.25887,0.04288,0.04583,0.2416,1.623e-08,6.168e-07,0.9995,1,"affected",2549,879,2367,1.026,1.026,0,0,5,FALSE,FALSE,"A",TRUE,FALSE,FALSE,FALSE
"exact","A_substantive","DQ102","w5問2_意識項目2","ec_adj",0.26061,NA,0.04645,0.2432,2.022e-08,7.685e-07,0.9995,1,"affected",2549,879,2367,1.026,1.026,0,0,5,FALSE,FALSE,"A",TRUE,FALSE,FALSE,FALSE
"exact","A_substantive","DQ103","w5問3_意識項目3","naive",0.42962,0.04327,0.0417,0.3923,6.933e-25,6.101e-23,1,1,"affected",2542,888,2350,0.992,0.992,0,0,5,FALSE,FALSE,"D",FALSE,FALSE,FALSE,FALSE
"exact","A_substantive","DQ103","w5問3_意識項目3","sm",0.28435,0.05376,0.06724,0.2596,2.347e-05,0.001033,0.9953,0.9992,"affected",2542,525,2350,0.992,0.992,0,0,5,FALSE,FALSE,"D",FALSE,FALSE,FALSE,FALSE
"exact","A_substantive","DQ103","w5問3_意識項目3","ssm",0.30584,0.0577,0.06798,0.2793,6.836e-06,0.0003008,0.9981,0.9981,"affected",2225,447,2350,0.992,0.992,0,0,5,FALSE,FALSE,"D",FALSE,FALSE,FALSE,FALSE
"exact","A_substantive","DQ103","w5問3_意識項目3","ec",0.3049,0.04441,0.0394,0.2784,1.003e-14,NA,1,NA,"excluded (entry-wave class D)",2542,888,2350,0.992,0.992,0,0,5,FALSE,TRUE,"D",FALSE,FALSE,FALSE,FALSE
"exact","A_substantive","DQ103","w5問3_意識項目3","ec_adj",0.30581,NA,0.03935,0.2792,7.724e-15,NA,1,NA,"excluded (entry-wave class D)",2542,888,2350,0.992,0.992,0,0,5,FALSE,TRUE,"D",FALSE,FALSE,FALSE,FALSE
"exact","A_substantive","DQ104","w5問4_意識項目4","naive",-0.14697,0.04276,0.03991,-0.1346,0.0002306,0.001691,0.8281,0.9778,"affected",2539,891,2350,0.656,0.656,0,0,5,FALSE,FALSE,"A",TRUE,FALSE,FALSE,FALSE
"exact","A_substantive","DQ104","w5問4_意識項目4","sm",-0.25823,0.05243,0.0474,-0.2365,5.084e-08,4.474e-06,0.9992,0.9992,"affected",2539,536,2350,0.656,0.656,0,0,5,FALSE,FALSE,"A",TRUE,FALSE,FALSE,FALSE
"exact","A_substantive","DQ104","w5問4_意識項目4","ssm",-0.25299,0.05625,0.05603,-0.2317,6.318e-06,0.0003008,0.9949,0.9981,"affected",2222,456,2350,0.656,0.656,0,0,5,FALSE,FALSE,"A",TRUE,FALSE,FALSE,FALSE
"exact","A_substantive","DQ104","w5問4_意識項目4","ec",-0.27655,0.04395,0.0404,-0.2533,7.621e-12,5.792e-10,1,1,"affected",2539,891,2350,0.656,0.656,0,0,5,FALSE,FALSE,"A",TRUE,FALSE,FALSE,FALSE
"exact","A_substantive","DQ104","w5問4_意識項目4","ec_adj",-0.27544,NA,0.04047,-0.2523,1.002e-11,7.614e-10,1,1,"affected",2539,891,2350,0.656,0.656,0,0,5,FALSE,FALSE,"A",TRUE,FALSE,FALSE,FALSE
"exact","A_substantive","DQ105","w5問5_意識項目5","naive",0.05379,0.04136,0.03539,0.0504,0.1285,0.2513,0.0673,0.3484,"undetermined",2556,882,2392,0.806,0.806,0,0,5,FALSE,FALSE,"A",TRUE,FALSE,FALSE,FALSE
"exact","A_substantive","DQ105","w5問5_意識項目5","sm",-0.08276,0.04894,0.03816,-0.0775,0.03008,0.3778,0.2649,0.4398,"undetermined",2556,531,2392,0.806,0.806,0,0,5,FALSE,FALSE,"A",TRUE,FALSE,FALSE,FALSE
"exact","A_substantive","DQ105","w5問5_意識項目5","ssm",-0.04677,0.05277,0.04666,-0.0438,0.3162,0.8692,0.09938,0.3062,"undetermined",2233,456,2392,0.806,0.806,0,0,5,FALSE,FALSE,"A",TRUE,FALSE,FALSE,FALSE
"exact","A_substantive","DQ105","w5問5_意識項目5","ec",-0.06501,0.04259,0.03704,-0.0609,0.07923,0.6872,0.1299,0.2669,"undetermined",2556,882,2392,0.806,0.806,0,0,5,FALSE,FALSE,"A",TRUE,FALSE,FALSE,FALSE
"exact","A_substantive","DQ105","w5問5_意識項目5","ec_adj",-0.06441,NA,0.03771,-0.0603,0.08761,0.7393,0.1308,0.2617,"undetermined",2556,882,2392,0.806,0.806,0,0,5,FALSE,FALSE,"A",TRUE,FALSE,FALSE,FALSE
"exact","A_substantive","DQ106","w5問6_意識項目6","naive",0.10849,0.04331,0.04547,0.0982,0.01702,0.04994,0.4827,0.8169,"affected",2545,871,2380,0.671,0.671,0,0,5,FALSE,FALSE,"A",TRUE,FALSE,FALSE,FALSE
"exact","A_substantive","DQ106","w5問6_意識項目6","sm",0.00781,0.05189,0.05457,0.0071,0.8862,0.9735,0.02999,0.14,"undetermined",2545,524,2380,0.671,0.671,0,0,5,FALSE,FALSE,"A",TRUE,FALSE,FALSE,FALSE
"exact","A_substantive","DQ106","w5問6_意識項目6","ssm",0.02559,0.05564,0.05702,0.0232,0.6535,0.9117,0.06833,0.2662,"undetermined",2235,450,2380,0.671,0.671,0,0,5,FALSE,FALSE,"A",TRUE,FALSE,FALSE,FALSE
"exact","A_substantive","DQ106","w5問6_意識項目6","ec",-0.0484,0.04447,0.04609,-0.0438,0.2937,0.9188,0.08909,0.1991,"undetermined",2545,871,2380,0.671,0.671,0,0,5,FALSE,FALSE,"A",TRUE,FALSE,FALSE,FALSE
"exact","A_substantive","DQ106","w5問6_意識項目6","ec_adj",-0.04784,NA,0.04642,-0.0433,0.3028,0.9357,0.08869,0.1983,"undetermined",2545,871,2380,0.671,0.671,0,0,5,FALSE,FALSE,"A",TRUE,FALSE,FALSE,FALSE
"exact","A_substantive","DQ107","w5問7_意識項目7","naive",0.19313,0.04096,0.04212,0.1829,4.528e-06,5.692e-05,0.9811,1,"affected",2549,885,2356,0.779,0.779,0,0,5,FALSE,FALSE,"A",TRUE,FALSE,FALSE,FALSE
"exact","A_substantive","DQ107","w5問7_意識項目7","sm",0.01443,0.04833,0.04517,0.0137,0.7493,0.9657,0.02176,0.14,"undetermined",2549,529,2356,0.779,0.779,0,0,5,FALSE,FALSE,"A",TRUE,FALSE,FALSE,FALSE
"exact","A_substantive","DQ107","w5問7_意識項目7","ssm",0.06416,0.05212,0.0538,0.0608,0.233,0.8692,0.2205,0.441,"undetermined",2231,451,2356,0.779,0.779,0,0,5,FALSE,FALSE,"A",TRUE,FALSE,FALSE,FALSE
"exact","A_substantive","DQ107","w5問7_意識項目7","ec",0.06605,0.04208,0.04189,0.0625,0.1149,0.6872,0.1725,0.3049,"undetermined",2549,885,2356,0.779,0.779,0,0,5,FALSE,FALSE,"A",TRUE,FALSE,FALSE,FALSE
"exact","A_substantive","DQ107","w5問7_意識項目7","ec_adj",0.06665,NA,0.0415,0.0631,0.1083,0.7393,0.1739,0.3074,"undetermined",2549,885,2356,0.779,0.779,0,0,5,FALSE,FALSE,"A",TRUE,FALSE,FALSE,FALSE
"exact","A_substantive","DQ108","w5問8_意識項目8","naive",0.10372,0.04209,0.0374,0.0951,0.005553,0.02221,0.4434,0.8169,"affected",2555,891,2383,0.7,0.7,0,0,5,FALSE,FALSE,"A",TRUE,FALSE,FALSE,FALSE
"exact","A_substantive","DQ108","w5問8_意識項目8","sm",-0.04609,0.05025,0.04757,-0.0423,0.3325,0.9439,0.09285,0.2459,"undetermined",2555,534,2383,0.7,0.7,0,0,5,FALSE,FALSE,"A",TRUE,FALSE,FALSE,FALSE
"exact","A_substantive","DQ108","w5問8_意識項目8","ssm",0.02856,0.05438,0.05363,0.0262,0.5943,0.9117,0.06672,0.2662,"undetermined",2235,456,2383,0.7,0.7,0,0,5,FALSE,FALSE,"A",TRUE,FALSE,FALSE,FALSE
"exact","A_substantive","DQ108","w5問8_意識項目8","ec",-0.01788,0.04317,0.03605,-0.0164,0.62,0.9188,0.005725,0.05439,"equivalent",2555,891,2383,0.7,0.7,0,0,5,FALSE,FALSE,"A",TRUE,FALSE,FALSE,FALSE
"exact","A_substantive","DQ108","w5問8_意識項目8","ec_adj",-0.01627,NA,0.03579,-0.0149,0.6494,0.9357,0.004767,0.04555,"equivalent",2555,891,2383,0.7,0.7,0,0,5,FALSE,FALSE,"A",TRUE,FALSE,FALSE,FALSE
"exact","A_substantive","DQ109","w5問9_意識項目9","naive",0.12209,0.04251,0.04586,0.1125,0.007761,0.02732,0.6161,0.9588,"affected",2550,880,2369,0.643,0.643,0,0,5,FALSE,FALSE,"A",TRUE,FALSE,FALSE,FALSE
"exact","A_substantive","DQ109","w5問9_意識項目9","sm",0.01069,0.05216,0.04963,0.0098,0.8295,0.9657,0.0243,0.14,"undetermined",2550,531,2369,0.643,0.643,0,0,5,FALSE,FALSE,"A",TRUE,FALSE,FALSE,FALSE
"exact","A_substantive","DQ109","w5問9_意識項目9","ssm",0.053,0.05599,0.0543,0.0488,0.329,0.8692,0.1531,0.3642,"undetermined",2237,457,2369,0.643,0.643,0,0,5,FALSE,FALSE,"A",TRUE,FALSE,FALSE,FALSE
"exact","A_substantive","DQ109","w5問9_意識項目9","ec",0.0077,0.0438,0.04598,0.0071,0.867,0.9464,0.01414,0.08347,"equivalent",2550,880,2369,0.643,0.643,0,0,5,FALSE,FALSE,"A",TRUE,FALSE,FALSE,FALSE
"exact","A_substantive","DQ109","w5問9_意識項目9","ec_adj",0.00415,NA,0.0472,0.0038,0.93,0.9597,0.01348,0.08536,"equivalent",2550,880,2369,0.643,0.643,0,0,5,FALSE,FALSE,"A",TRUE,FALSE,FALSE,FALSE
"exact","A_substantive","DQ110","w5問10_意識項目10","naive",0.05253,0.04191,0.04812,0.0489,0.2749,0.4743,0.1271,0.5592,"undetermined",2547,888,2375,0.585,0.585,0,0,5,FALSE,FALSE,"A",TRUE,FALSE,FALSE,FALSE
"exact","A_substantive","DQ110","w5問10_意識項目10","sm",-0.08561,0.04963,0.05579,-0.0797,0.1249,0.7545,0.348,0.5191,"undetermined",2547,538,2375,0.585,0.585,0,0,5,FALSE,FALSE,"A",TRUE,FALSE,FALSE,FALSE
"exact","A_substantive","DQ110","w5問10_意識項目10","ssm",-0.05407,0.05206,0.05448,-0.0503,0.321,0.8692,0.1638,0.379,"undetermined",2228,461,2375,0.585,0.585,0,0,5,FALSE,FALSE,"A",TRUE,FALSE,FALSE,FALSE
"exact","A_substantive","DQ110","w5問10_意識項目10","ec",-0.08617,0.0431,0.04988,-0.0802,0.08406,0.6872,0.3352,0.4392,"undetermined",2547,888,2375,0.585,0.585,0,0,5,FALSE,FALSE,"A",TRUE,FALSE,FALSE,FALSE
"exact","A_substantive","DQ110","w5問10_意識項目10","ec_adj",-0.0849,NA,0.04962,-0.079,0.0871,0.7393,0.3251,0.4326,"undetermined",2547,888,2375,0.585,0.585,0,0,5,FALSE,FALSE,"A",TRUE,FALSE,FALSE,FALSE
"exact","A_substantive","DQ111","w5問11_意識項目11","naive",0.14011,0.04249,0.03681,0.129,0.0001409,0.00124,0.8037,0.9778,"affected",2558,876,2387,0.725,0.725,0,0,5,FALSE,FALSE,"A",TRUE,FALSE,FALSE,FALSE
"exact","A_substantive","DQ111","w5問11_意識項目11","sm",0.01868,0.05204,0.05059,0.0172,0.7119,0.9657,0.03769,0.14,"undetermined",2558,527,2387,0.725,0.725,0,0,5,FALSE,FALSE,"A",TRUE,FALSE,FALSE,FALSE
"exact","A_substantive","DQ111","w5問11_意識項目11","ssm",0.05153,0.05589,0.05233,0.0474,0.3247,0.8692,0.1376,0.3578,"undetermined",2237,451,2387,0.725,0.725,0,0,5,FALSE,FALSE,"A",TRUE,FALSE,FALSE,FALSE
"exact","A_substantive","DQ111","w5問11_意識項目11","ec",0.00395,0.04363,0.03973,0.0036,0.9208,0.9655,0.004209,0.04824,"equivalent",2558,876,2387,0.725,0.725,0,0,5,FALSE,FALSE,"A",TRUE,FALSE,FALSE,FALSE
"exact","A_substantive","DQ111","w5問11_意識項目11","ec_adj",0.00262,NA,0.03942,0.0024,0.9471,0.9597,0.00358,0.04534,"equivalent",2558,876,2387,0.725,0.725,0,0,5,FALSE,FALSE,"A",TRUE,FALSE,FALSE,FALSE
"exact","A_substantive","DQ112","w5問12_意識項目12","naive",0.10038,0.04246,0.04084,0.092,0.01399,0.04245,0.4152,0.7944,"affected",2565,882,2394,0.694,0.694,0,0,5,FALSE,FALSE,"A",TRUE,FALSE,FALSE,FALSE
"exact","A_substantive","DQ112","w5問12_意識項目12","sm",0.01111,0.05058,0.04958,0.0102,0.8227,0.9657,0.02403,0.14,"undetermined",2565,540,2394,0.694,0.694,0,0,5,FALSE,FALSE,"A",TRUE,FALSE,FALSE,FALSE
"exact","A_substantive","DQ112","w5問12_意識項目12","ssm",0.01705,0.05493,0.05357,0.0156,0.7503,0.9176,0.04285,0.2418,"undetermined",2241,462,2394,0.694,0.694,0,0,5,FALSE,FALSE,"A",TRUE,FALSE,FALSE,FALSE
"exact","A_substantive","DQ112","w5問12_意識項目12","ec",-0.03818,0.04355,0.04302,-0.035,0.3748,0.9188,0.04956,0.1299,"undetermined",2565,882,2394,0.694,0.694,0,0,5,FALSE,FALSE,"A",TRUE,FALSE,FALSE,FALSE
"exact","A_substantive","DQ112","w5問12_意識項目12","ec_adj",-0.03957,NA,0.04252,-0.0363,0.352,0.9357,0.05092,0.1337,"undetermined",2565,882,2394,0.694,0.694,0,0,5,FALSE,FALSE,"A",TRUE,FALSE,FALSE,FALSE
"exact","A_substantive","DQ113","w5問13_意識項目13","naive",0.10428,0.04194,0.04667,0.0971,0.02546,0.06938,0.4736,0.8169,"affected",2546,866,2395,0.742,0.742,0,0,5,FALSE,FALSE,"A",TRUE,FALSE,FALSE,FALSE
"exact","A_substantive","DQ113","w5問13_意識項目13","sm",0.00958,0.05048,0.05318,0.0089,0.8571,0.9721,0.03296,0.14,"undetermined",2546,526,2395,0.742,0.742,0,0,5,FALSE,FALSE,"A",TRUE,FALSE,FALSE,FALSE
"exact","A_substantive","DQ113","w5問13_意識項目13","ssm",0.05123,0.05523,0.05835,0.0477,0.38,0.9117,0.1679,0.379,"undetermined",2227,449,2395,0.742,0.742,0,0,5,FALSE,FALSE,"A",TRUE,FALSE,FALSE,FALSE
"exact","A_substantive","DQ113","w5問13_意識項目13","ec",-0.01708,0.04301,0.04691,-0.0159,0.7157,0.922,0.02712,0.103,"undetermined",2546,866,2395,0.742,0.742,0,0,5,FALSE,FALSE,"A",TRUE,FALSE,FALSE,FALSE
"exact","A_substantive","DQ113","w5問13_意識項目13","ec_adj",-0.01548,NA,0.04736,-0.0144,0.7438,0.942,0.02616,0.09942,"equivalent",2546,866,2395,0.742,0.742,0,0,5,FALSE,FALSE,"A",TRUE,FALSE,FALSE,FALSE
"exact","A_substantive","DQ114","w5問14_意識項目14","naive",0.12349,0.04251,0.04698,0.1139,0.008572,0.02901,0.6255,0.9588,"affected",2556,873,2367,0.682,0.682,0,0,5,FALSE,FALSE,"A",TRUE,FALSE,FALSE,FALSE
"exact","A_substantive","DQ114","w5問14_意識項目14","sm",-0.02266,0.05044,0.04971,-0.0209,0.6486,0.9657,0.04217,0.1484,"undetermined",2556,527,2367,0.682,0.682,0,0,5,FALSE,FALSE,"A",TRUE,FALSE,FALSE,FALSE
"exact","A_substantive","DQ114","w5問14_意識項目14","ssm",-0.00182,0.05382,0.05583,-0.0017,0.974,0.9793,0.02806,0.2418,"undetermined",2233,452,2367,0.682,0.682,0,0,5,FALSE,FALSE,"A",TRUE,FALSE,FALSE,FALSE
"exact","A_substantive","DQ114","w5問14_意識項目14","ec",0.01682,0.04366,0.04587,0.0155,0.7138,0.922,0.02286,0.09302,"equivalent",2556,873,2367,0.682,0.682,0,0,5,FALSE,FALSE,"A",TRUE,FALSE,FALSE,FALSE
"exact","A_substantive","DQ114","w5問14_意識項目14","ec_adj",0.01683,NA,0.04579,0.0155,0.7133,0.9394,0.0227,0.09582,"equivalent",2556,873,2367,0.682,0.682,0,0,5,FALSE,FALSE,"A",TRUE,FALSE,FALSE,FALSE
"exact","A_substantive","DQ115","w5問15_意識項目15","naive",0.03786,0.04184,0.04523,0.0351,0.4026,0.6395,0.06076,0.3342,"undetermined",2547,878,2339,0.639,0.639,0,0,5,FALSE,FALSE,"A",TRUE,FALSE,FALSE,FALSE
"exact","A_substantive","DQ115","w5問15_意識項目15","sm",-0.06684,0.05019,0.04764,-0.0619,0.1606,0.7853,0.1944,0.3719,"undetermined",2547,531,2339,0.639,0.639,0,0,5,FALSE,FALSE,"A",TRUE,FALSE,FALSE,FALSE
"exact","A_substantive","DQ115","w5問15_意識項目15","ssm",-0.00689,0.05433,0.05155,-0.0064,0.8936,0.9406,0.02504,0.2418,"undetermined",2226,454,2339,0.639,0.639,0,0,5,FALSE,FALSE,"A",TRUE,FALSE,FALSE,FALSE
"exact","A_substantive","DQ115","w5問15_意識項目15","ec",-0.08982,0.04308,0.04586,-0.0832,0.05015,0.6352,0.3468,0.4467,"undetermined",2547,878,2339,0.639,0.639,0,0,5,FALSE,FALSE,"A",TRUE,FALSE,FALSE,FALSE
"exact","A_substantive","DQ115","w5問15_意識項目15","ec_adj",-0.09178,NA,0.04649,-0.0851,0.04837,0.6127,0.3645,0.462,"undetermined",2547,878,2339,0.639,0.639,0,0,5,FALSE,FALSE,"A",TRUE,FALSE,FALSE,FALSE
"exact","A_substantive","DQ116","w5問16_意識項目16","naive",0.104,0.04274,0.04075,0.0953,0.01071,0.0349,0.4503,0.8169,"affected",2543,881,2399,0.625,0.625,0,0,5,FALSE,FALSE,"A",TRUE,FALSE,FALSE,FALSE
"exact","A_substantive","DQ116","w5問16_意識項目16","sm",-0.02273,0.05235,0.04572,-0.0208,0.619,0.9557,0.02946,0.14,"undetermined",2543,523,2399,0.625,0.625,0,0,5,FALSE,FALSE,"A",TRUE,FALSE,FALSE,FALSE
"exact","A_substantive","DQ116","w5問16_意識項目16","ssm",0.02767,0.05704,0.05014,0.0254,0.581,0.9117,0.05219,0.2552,"undetermined",2221,445,2399,0.625,0.625,0,0,5,FALSE,FALSE,"A",TRUE,FALSE,FALSE,FALSE
"exact","A_substantive","DQ116","w5問16_意識項目16","ec",-0.00971,0.0438,0.03728,-0.0089,0.7945,0.9445,0.003842,0.04824,"equivalent",2543,881,2399,0.625,0.625,0,0,5,FALSE,FALSE,"A",TRUE,FALSE,FALSE,FALSE
"exact","A_substantive","DQ116","w5問16_意識項目16","ec_adj",-0.00584,NA,0.03689,-0.0054,0.8742,0.9597,0.002566,0.03901,"equivalent",2543,881,2399,0.625,0.625,0,0,5,FALSE,FALSE,"A",TRUE,FALSE,FALSE,FALSE
"exact","A_substantive","DQ117","w5問17_意識項目17","naive",0.09298,0.04064,0.04376,0.0881,0.03362,0.08453,0.3873,0.7573,"affected",2536,893,2371,0.652,0.652,0,0,5,FALSE,FALSE,"A",TRUE,FALSE,FALSE,FALSE
"exact","A_substantive","DQ117","w5問17_意識項目17","sm",-0.05286,0.04805,0.04844,-0.0501,0.2751,0.8444,0.1385,0.3176,"undetermined",2536,535,2371,0.652,0.652,0,0,5,FALSE,FALSE,"A",TRUE,FALSE,FALSE,FALSE
"exact","A_substantive","DQ117","w5問17_意識項目17","ssm",-0.04373,0.05218,0.05775,-0.0414,0.4489,0.9117,0.1423,0.3578,"undetermined",2211,456,2371,0.652,0.652,0,0,5,FALSE,FALSE,"A",TRUE,FALSE,FALSE,FALSE
"exact","A_substantive","DQ117","w5問17_意識項目17","ec",-0.02355,0.04182,0.04546,-0.0223,0.6044,0.9188,0.0357,0.1143,"undetermined",2536,893,2371,0.652,0.652,0,0,5,FALSE,FALSE,"A",TRUE,FALSE,FALSE,FALSE
"exact","A_substantive","DQ117","w5問17_意識項目17","ec_adj",-0.0239,NA,0.04617,-0.0227,0.6047,0.9357,0.03856,0.1179,"undetermined",2536,893,2371,0.652,0.652,0,0,5,FALSE,FALSE,"A",TRUE,FALSE,FALSE,FALSE
"exact","A_substantive","DQ118","w5問18_意識項目18","naive",0.11705,0.04135,0.04943,0.109,0.01789,0.05078,0.5776,0.9242,"affected",2554,895,2375,0.667,0.667,0,0,5,FALSE,FALSE,"A",TRUE,FALSE,FALSE,FALSE
"exact","A_substantive","DQ118","w5問18_意識項目18","sm",0.00197,0.05068,0.05841,0.0018,0.9731,0.9794,0.03557,0.14,"undetermined",2554,533,2375,0.667,0.667,0,0,5,FALSE,FALSE,"A",TRUE,FALSE,FALSE,FALSE
"exact","A_substantive","DQ118","w5問18_意識項目18","ssm",-0.00754,0.05463,0.06564,-0.007,0.9086,0.9406,0.06414,0.2662,"undetermined",2235,452,2375,0.667,0.667,0,0,5,FALSE,FALSE,"A",TRUE,FALSE,FALSE,FALSE
"exact","A_substantive","DQ118","w5問18_意識項目18","ec",-0.01918,0.04258,0.05265,-0.0179,0.7156,0.922,0.04696,0.1299,"undetermined",2554,895,2375,0.667,0.667,0,0,5,FALSE,FALSE,"A",TRUE,FALSE,FALSE,FALSE
"exact","A_substantive","DQ118","w5問18_意識項目18","ec_adj",-0.01873,NA,0.05166,-0.0174,0.7169,0.9394,0.04309,0.1213,"undetermined",2554,895,2375,0.667,0.667,0,0,5,FALSE,FALSE,"A",TRUE,FALSE,FALSE,FALSE
"exact","A_substantive","DQ119","w5問19_意識項目19","naive",0.14451,0.04178,0.04411,0.1337,0.001051,0.006036,0.7958,0.9778,"affected",2563,903,2384,0.658,0.658,0,0,5,FALSE,FALSE,"A",TRUE,FALSE,FALSE,FALSE
"exact","A_substantive","DQ119","w5問19_意識項目19","sm",-0.00514,0.04966,0.05101,-0.0048,0.9197,0.9794,0.02182,0.14,"undetermined",2563,534,2384,0.658,0.658,0,0,5,FALSE,FALSE,"A",TRUE,FALSE,FALSE,FALSE
"exact","A_substantive","DQ119","w5問19_意識項目19","ssm",-0.01744,0.05375,0.05245,-0.0161,0.7396,0.9176,0.04203,0.2418,"undetermined",2243,457,2384,0.658,0.658,0,0,5,FALSE,FALSE,"A",TRUE,FALSE,FALSE,FALSE
"exact","A_substantive","DQ119","w5問19_意識項目19","ec",0.01238,0.04289,0.0448,0.0115,0.7822,0.9445,0.01635,0.08347,"equivalent",2563,903,2384,0.658,0.658,0,0,5,FALSE,FALSE,"A",TRUE,FALSE,FALSE,FALSE
"exact","A_substantive","DQ119","w5問19_意識項目19","ec_adj",0.01364,NA,0.04508,0.0126,0.7622,0.942,0.01811,0.08604,"equivalent",2563,903,2384,0.658,0.658,0,0,5,FALSE,FALSE,"A",TRUE,FALSE,FALSE,FALSE
"exact","A_substantive","DQ120","w5問20_意識項目20","naive",0.08347,0.04258,0.0375,0.0772,0.02602,0.06938,0.2549,0.6578,"affected",2546,860,2381,0.62,0.62,0,0,5,FALSE,FALSE,"A",TRUE,FALSE,FALSE,FALSE
"exact","A_substantive","DQ120","w5問20_意識項目20","sm",-0.05645,0.05157,0.04503,-0.0522,0.21,0.8035,0.1253,0.3021,"undetermined",2546,516,2381,0.62,0.62,0,0,5,FALSE,FALSE,"A",TRUE,FALSE,FALSE,FALSE
"exact","A_substantive","DQ120","w5問20_意識項目20","ssm",-0.02394,0.05646,0.04824,-0.0221,0.6197,0.9117,0.04035,0.2418,"undetermined",2220,440,2381,0.62,0.62,0,0,5,FALSE,FALSE,"A",TRUE,FALSE,FALSE,FALSE
"exact","A_substantive","DQ120","w5問20_意識項目20","ec",-0.02857,0.0438,0.03864,-0.0264,0.4597,0.9188,0.01968,0.08796,"equivalent",2546,860,2381,0.62,0.62,0,0,5,FALSE,FALSE,"A",TRUE,FALSE,FALSE,FALSE
"exact","A_substantive","DQ120","w5問20_意識項目20","ec_adj",-0.03054,NA,0.03845,-0.0282,0.4271,0.9357,0.02171,0.09582,"equivalent",2546,860,2381,0.62,0.62,0,0,5,FALSE,FALSE,"A",TRUE,FALSE,FALSE,FALSE
"exact","A_substantive","DQ121","w5問21_意識項目21","naive",0.12353,0.04246,0.03874,0.114,0.001428,0.007212,0.6521,0.9588,"affected",2537,884,2361,0.626,0.626,0,0,5,FALSE,FALSE,"A",TRUE,FALSE,FALSE,FALSE
"exact","A_substantive","DQ121","w5問21_意識項目21","sm",0.01456,0.0511,0.04682,0.0134,0.7558,0.9657,0.02255,0.14,"undetermined",2537,534,2361,0.626,0.626,0,0,5,FALSE,FALSE,"A",TRUE,FALSE,FALSE,FALSE
"exact","A_substantive","DQ121","w5問21_意識項目21","ssm",0.06685,0.05474,0.04901,0.0617,0.1726,0.7923,0.1984,0.4196,"undetermined",2217,456,2361,0.626,0.626,0,0,5,FALSE,FALSE,"A",TRUE,FALSE,FALSE,FALSE
"exact","A_substantive","DQ121","w5問21_意識項目21","ec",0.00572,0.04377,0.03924,0.0053,0.8841,0.9464,0.004443,0.04824,"equivalent",2537,884,2361,0.626,0.626,0,0,5,FALSE,FALSE,"A",TRUE,FALSE,FALSE,FALSE
"exact","A_substantive","DQ121","w5問21_意識項目21","ec_adj",0.00563,NA,0.03967,0.0052,0.8872,0.9597,0.004794,0.04555,"equivalent",2537,884,2361,0.626,0.626,0,0,5,FALSE,FALSE,"A",TRUE,FALSE,FALSE,FALSE
"exact","A_substantive","DQ122","w5問22_意識項目22","naive",0.09038,0.04135,0.04557,0.085,0.04732,0.1096,0.3633,0.7265,"undetermined",2549,883,2369,0.736,0.736,0,0,5,FALSE,FALSE,"A",TRUE,FALSE,FALSE,FALSE
"exact","A_substantive","DQ122","w5問22_意識項目22","sm",-0.03273,0.04985,0.05263,-0.0308,0.534,0.9535,0.08101,0.2402,"undetermined",2549,531,2369,0.736,0.736,0,0,5,FALSE,FALSE,"A",TRUE,FALSE,FALSE,FALSE
"exact","A_substantive","DQ122","w5問22_意識項目22","ssm",-0.00969,0.05429,0.05609,-0.0091,0.8629,0.9406,0.04246,0.2418,"undetermined",2233,451,2369,0.736,0.736,0,0,5,FALSE,FALSE,"A",TRUE,FALSE,FALSE,FALSE
"exact","A_substantive","DQ122","w5問22_意識項目22","ec",-0.04009,0.04264,0.04517,-0.0377,0.3749,0.9188,0.07131,0.1694,"undetermined",2549,883,2369,0.736,0.736,0,0,5,FALSE,FALSE,"A",TRUE,FALSE,FALSE,FALSE
"exact","A_substantive","DQ122","w5問22_意識項目22","ec_adj",-0.04217,NA,0.04436,-0.0397,0.3417,0.9357,0.07406,0.1753,"undetermined",2549,883,2369,0.736,0.736,0,0,5,FALSE,FALSE,"A",TRUE,FALSE,FALSE,FALSE
"exact","A_substantive","DQ123","w5問23_意識項目23","naive",0.1338,0.04287,0.05277,0.1225,0.01122,0.03527,0.6794,0.9644,"affected",2566,888,2388,0.614,0.614,0,0,5,FALSE,FALSE,"A",TRUE,FALSE,FALSE,FALSE
"exact","A_substantive","DQ123","w5問23_意識項目23","sm",-0.02433,0.05131,0.04789,-0.0223,0.6114,0.9557,0.03817,0.14,"undetermined",2566,536,2388,0.614,0.614,0,0,5,FALSE,FALSE,"A",TRUE,FALSE,FALSE,FALSE
"exact","A_substantive","DQ123","w5問23_意識項目23","ssm",0.00727,0.05506,0.05567,0.0067,0.8961,0.9406,0.03355,0.2418,"undetermined",2240,458,2388,0.614,0.614,0,0,5,FALSE,FALSE,"A",TRUE,FALSE,FALSE,FALSE
"exact","A_substantive","DQ123","w5問23_意識項目23","ec",0.00834,0.044,0.05702,0.0076,0.8838,0.9464,0.03846,0.1143,"undetermined",2566,888,2388,0.614,0.614,0,0,5,FALSE,FALSE,"A",TRUE,FALSE,FALSE,FALSE
"exact","A_substantive","DQ123","w5問23_意識項目23","ec_adj",0.00716,NA,0.05676,0.0066,0.8996,0.9597,0.0361,0.1179,"undetermined",2566,888,2388,0.614,0.614,0,0,5,FALSE,FALSE,"A",TRUE,FALSE,FALSE,FALSE
"exact","A_substantive","DQ124","w5問24_意識項目24","naive",0.12702,0.04232,0.04363,0.1171,0.003598,0.01508,0.6646,0.9588,"affected",2547,880,2358,0.695,0.695,0,0,5,FALSE,FALSE,"A",TRUE,FALSE,FALSE,FALSE
"exact","A_substantive","DQ124","w5問24_意識項目24","sm",-0.03586,0.05128,0.04432,-0.0331,0.4185,0.9514,0.05065,0.17,"undetermined",2547,528,2358,0.695,0.695,0,0,5,FALSE,FALSE,"A",TRUE,FALSE,FALSE,FALSE
"exact","A_substantive","DQ124","w5問24_意識項目24","ssm",-0.02058,0.05617,0.05239,-0.019,0.6944,0.9118,0.04671,0.2418,"undetermined",2228,449,2358,0.695,0.695,0,0,5,FALSE,FALSE,"A",TRUE,FALSE,FALSE,FALSE
"exact","A_substantive","DQ124","w5問24_意識項目24","ec",-0.01045,0.04352,0.04596,-0.0096,0.8202,0.9445,0.01647,0.08347,"equivalent",2547,880,2358,0.695,0.695,0,0,5,FALSE,FALSE,"A",TRUE,FALSE,FALSE,FALSE
"exact","A_substantive","DQ124","w5問24_意識項目24","ec_adj",-0.00893,NA,0.04636,-0.0082,0.8473,0.9597,0.01589,0.08573,"equivalent",2547,880,2358,0.695,0.695,0,0,5,FALSE,FALSE,"A",TRUE,FALSE,FALSE,FALSE
"exact","A_substantive","DQ125","w5問25_意識項目25","naive",0.14059,0.04142,0.03771,0.1302,0.0001927,0.001542,0.8062,0.9778,"affected",2561,893,2371,0.796,0.796,0,0,5,FALSE,FALSE,"A",TRUE,FALSE,FALSE,FALSE
"exact","A_substantive","DQ125","w5問25_意識項目25","sm",0.05343,0.05038,0.04025,0.0495,0.1843,0.8035,0.08753,0.2407,"undetermined",2561,541,2371,0.796,0.796,0,0,5,FALSE,FALSE,"A",TRUE,FALSE,FALSE,FALSE
"exact","A_substantive","DQ125","w5問25_意識項目25","ssm",0.05727,0.05422,0.04561,0.053,0.2093,0.8692,0.1329,0.3578,"undetermined",2234,461,2371,0.796,0.796,0,0,5,FALSE,FALSE,"A",TRUE,FALSE,FALSE,FALSE
"exact","A_substantive","DQ125","w5問25_意識項目25","ec",0.00391,0.04273,0.04293,0.0036,0.9274,0.9655,0.007657,0.06466,"equivalent",2561,893,2371,0.796,0.796,0,0,5,FALSE,FALSE,"A",TRUE,FALSE,FALSE,FALSE
"exact","A_substantive","DQ125","w5問25_意識項目25","ec_adj",0.00758,NA,0.04326,0.007,0.8609,0.9597,0.01012,0.07351,"equivalent",2561,893,2371,0.796,0.796,0,0,5,FALSE,FALSE,"A",TRUE,FALSE,FALSE,FALSE
"exact","A_substantive","DQ126","w5問26_意識項目26","naive",0.13126,0.04268,0.04161,0.1193,0.001607,0.007442,0.695,0.9708,"affected",2575,898,0,0.709,0.709,0,0,5,FALSE,FALSE,"A",TRUE,FALSE,FALSE,FALSE
"exact","A_substantive","DQ126","w5問26_意識項目26","sm",0.03647,0.05194,0.05388,0.0331,0.4985,0.9535,0.08603,0.2407,"undetermined",2575,538,0,0.709,0.709,0,0,5,FALSE,FALSE,"A",TRUE,FALSE,FALSE,FALSE
"exact","A_substantive","DQ126","w5問26_意識項目26","ssm",0.03665,0.05582,0.0575,0.0333,0.5239,0.9117,0.1009,0.3062,"undetermined",2256,459,0,0.709,0.709,0,0,5,FALSE,FALSE,"A",TRUE,FALSE,FALSE,FALSE
"exact","A_substantive","DQ127","w5問27_意識項目27","naive",0.1632,0.0423,0.05133,0.1491,0.001475,0.007212,0.8524,0.9778,"affected",2533,889,0,0.797,0.797,0,0,5,FALSE,FALSE,"",TRUE,FALSE,FALSE,FALSE
"exact","A_substantive","DQ127","w5問27_意識項目27","sm",0.0584,0.05089,0.05367,0.0533,0.2765,0.8444,0.1706,0.3412,"undetermined",2533,527,0,0.797,0.797,0,0,5,FALSE,FALSE,"",TRUE,FALSE,FALSE,FALSE
"exact","A_substantive","DQ127","w5問27_意識項目27","ssm",0.09333,0.05486,0.05624,0.0853,0.09702,0.687,0.387,0.5676,"undetermined",2215,448,0,0.797,0.797,0,0,5,FALSE,FALSE,"",TRUE,FALSE,FALSE,FALSE
"exact","A_substantive","DQ128","w5問28_意識項目28","naive",0.17028,0.04323,0.04806,0.1552,0.0003952,0.002675,0.8962,1,"affected",2557,877,0,0.643,0.643,0,0,5,FALSE,FALSE,"",TRUE,FALSE,FALSE,FALSE
"exact","A_substantive","DQ128","w5問28_意識項目28","sm",0.05857,0.05332,0.05511,0.0534,0.2879,0.8444,0.1767,0.3455,"undetermined",2557,522,0,0.643,0.643,0,0,5,FALSE,FALSE,"",TRUE,FALSE,FALSE,FALSE
"exact","A_substantive","DQ128","w5問28_意識項目28","ssm",0.08225,0.0575,0.06135,0.075,0.1801,0.7923,0.3272,0.5132,"undetermined",2239,446,0,0.643,0.643,0,0,5,FALSE,FALSE,"",TRUE,FALSE,FALSE,FALSE
"exact","A_substantive","DQ129","w5問29_意識項目29","naive",0.21742,0.04155,0.04327,0.2032,5.042e-07,8.873e-06,0.9946,1,"affected",2562,880,0,0.826,0.826,0,0,5,FALSE,FALSE,"",TRUE,FALSE,FALSE,FALSE
"exact","A_substantive","DQ129","w5問29_意識項目29","sm",0.11379,0.05195,0.0546,0.1063,0.03717,0.3778,0.5493,0.6422,"undetermined",2562,525,0,0.826,0.826,0,0,5,FALSE,FALSE,"",TRUE,FALSE,FALSE,FALSE
"exact","A_substantive","DQ129","w5問29_意識項目29","ssm",0.11882,0.05519,0.05371,0.111,0.02695,0.2635,0.587,0.698,"undetermined",2239,448,0,0.826,0.826,0,0,5,FALSE,FALSE,"",TRUE,FALSE,FALSE,FALSE
"exact","A_substantive","DQ130","w5問30_意識項目30","naive",0.12741,0.04259,0.04227,0.1164,0.002577,0.01134,0.6641,0.9588,"affected",2572,887,0,0.646,0.646,0,0,5,FALSE,FALSE,"",TRUE,FALSE,FALSE,FALSE
"exact","A_substantive","DQ130","w5問30_意識項目30","sm",0.01101,0.05154,0.05254,0.0101,0.834,0.9657,0.03041,0.14,"undetermined",2572,531,0,0.646,0.646,0,0,5,FALSE,FALSE,"",TRUE,FALSE,FALSE,FALSE
"exact","A_substantive","DQ130","w5問30_意識項目30","ssm",0.03108,0.05587,0.05694,0.0284,0.5851,0.9117,0.0842,0.2817,"undetermined",2244,450,0,0.646,0.646,0,0,5,FALSE,FALSE,"",TRUE,FALSE,FALSE,FALSE
"exact","A_substantive","DQ131","w5問31_事実項目31","naive",-0.01253,0.01892,0.01971,-0.0251,0.5251,0.7002,0.3523,0.7209,"undetermined",2643,948,2587,0.564,0.564,0,0,2,FALSE,FALSE,"A",TRUE,FALSE,FALSE,FALSE
"exact","A_substantive","DQ131","w5問31_事実項目31","sm",0.02139,0.02301,0.0234,0.0428,0.3608,0.9449,0.5236,0.6312,"undetermined",2643,569,2587,0.564,0.564,0,0,2,FALSE,FALSE,"A",TRUE,FALSE,FALSE,FALSE
"exact","A_substantive","DQ131","w5問31_事実項目31","ssm",0.00753,0.02487,0.0229,0.0151,0.7422,0.9176,0.2931,0.5132,"undetermined",2312,486,2587,0.564,0.564,0,0,2,FALSE,FALSE,"A",TRUE,FALSE,FALSE,FALSE
"exact","A_substantive","DQ131","w5問31_事実項目31","ec",0.0178,0.01989,0.02215,0.0356,0.4216,0.9188,0.4604,0.5383,"undetermined",2643,948,2587,0.564,0.564,0,0,2,FALSE,FALSE,"A",TRUE,FALSE,FALSE,FALSE
"exact","A_substantive","DQ131","w5問31_事実項目31","ec_adj",0.0179,NA,0.02244,0.0358,0.4251,0.9357,0.4627,0.5328,"undetermined",2643,948,2587,0.564,0.564,0,0,2,FALSE,FALSE,"A",TRUE,FALSE,FALSE,FALSE
"exact","A_substantive","DQ132","w5問32_事実項目32","naive",-0.04777,0.01894,0.0178,-0.0956,0.007274,0.02681,0.9406,1,"affected",2631,947,2592,0.602,0.602,0,0,2,FALSE,FALSE,"A",TRUE,FALSE,FALSE,FALSE
"exact","A_substantive","DQ132","w5問32_事実項目32","sm",-0.01555,0.02312,0.02173,-0.0311,0.4741,0.9535,0.4189,0.5582,"undetermined",2631,568,2592,0.602,0.602,0,0,2,FALSE,FALSE,"A",TRUE,FALSE,FALSE,FALSE
"exact","A_substantive","DQ132","w5問32_事実項目32","ssm",-0.00909,0.02496,0.02226,-0.0182,0.683,0.9118,0.312,0.5132,"undetermined",2302,485,2592,0.602,0.602,0,0,2,FALSE,FALSE,"A",TRUE,FALSE,FALSE,FALSE
"exact","A_substantive","DQ132","w5問32_事実項目32","ec",-0.01631,0.01995,0.01869,-0.0326,0.383,0.9188,0.4217,0.5169,"undetermined",2631,947,2592,0.602,0.602,0,0,2,FALSE,FALSE,"A",TRUE,FALSE,FALSE,FALSE
"exact","A_substantive","DQ132","w5問32_事実項目32","ec_adj",-0.01612,NA,0.01853,-0.0323,0.3844,0.9357,0.417,0.5031,"undetermined",2631,947,2592,0.602,0.602,0,0,2,FALSE,FALSE,"A",TRUE,FALSE,FALSE,FALSE
"exact","A_substantive","DQ133","w5問33_事実項目33","naive",-0.03366,0.019,0.01834,-0.0674,0.06642,0.1499,0.7719,0.9778,"undetermined",2629,940,2583,0.585,0.585,0,0,2,FALSE,FALSE,"A",TRUE,FALSE,FALSE,FALSE
"exact","A_substantive","DQ133","w5問33_事実項目33","sm",0.00644,0.0232,0.02076,0.0129,0.7563,0.9657,0.2569,0.4348,"undetermined",2629,561,2583,0.585,0.585,0,0,2,FALSE,FALSE,"A",TRUE,FALSE,FALSE,FALSE
"exact","A_substantive","DQ133","w5問33_事実項目33","ssm",-0.00857,0.02503,0.02245,-0.0172,0.7026,0.9118,0.3054,0.5132,"undetermined",2304,481,2583,0.585,0.585,0,0,2,FALSE,FALSE,"A",TRUE,FALSE,FALSE,FALSE
"exact","A_substantive","DQ133","w5問33_事実項目33","ec",2e-05,0.01994,0.01907,0,0.999,0.999,0.1475,0.2697,"undetermined",2629,940,2583,0.585,0.585,0,0,2,FALSE,FALSE,"A",TRUE,FALSE,FALSE,FALSE
"exact","A_substantive","DQ133","w5問33_事実項目33","ec_adj",1e-05,NA,0.01929,0,0.9994,0.9994,0.1501,0.279,"undetermined",2629,940,2583,0.585,0.585,0,0,2,FALSE,FALSE,"A",TRUE,FALSE,FALSE,FALSE
"exact","A_substantive","DQ134","w5問34_事実項目34","naive",-0.03885,0.019,0.01777,-0.0778,0.02881,0.07457,0.8556,0.9778,"affected",2617,941,2561,0.588,0.588,0,0,2,FALSE,FALSE,"A",TRUE,FALSE,FALSE,FALSE
"exact","A_substantive","DQ134","w5問34_事実項目34","sm",0.00611,0.02313,0.02107,0.0122,0.7719,0.9657,0.2548,0.4348,"undetermined",2617,565,2561,0.588,0.588,0,0,2,FALSE,FALSE,"A",TRUE,FALSE,FALSE,FALSE
"exact","A_substantive","DQ134","w5問34_事実項目34","ssm",0.00463,0.02501,0.0238,0.0093,0.8458,0.9406,0.2592,0.4887,"undetermined",2290,481,2561,0.588,0.588,0,0,2,FALSE,FALSE,"A",TRUE,FALSE,FALSE,FALSE
"exact","A_substantive","DQ134","w5問34_事実項目34","ec",-0.00809,0.01992,0.01737,-0.0162,0.6414,0.9188,0.2465,0.3647,"undetermined",2617,941,2561,0.588,0.588,0,0,2,FALSE,FALSE,"A",TRUE,FALSE,FALSE,FALSE
"exact","A_substantive","DQ134","w5問34_事実項目34","ec_adj",-0.00809,NA,0.01743,-0.0162,0.6424,0.9357,0.2473,0.3709,"undetermined",2617,941,2561,0.588,0.588,0,0,2,FALSE,FALSE,"A",TRUE,FALSE,FALSE,FALSE
"exact","A_substantive","DQ135","w5問35_事実項目35","naive",-0.0381,0.019,0.01905,-0.0763,0.0455,0.1082,0.829,0.9778,"undetermined",2613,941,2557,0.586,0.586,0,0,2,FALSE,FALSE,"A",TRUE,FALSE,FALSE,FALSE
"exact","A_substantive","DQ135","w5問35_事実項目35","sm",-0.02839,0.02318,0.02001,-0.0569,0.156,0.7853,0.6625,0.7411,"undetermined",2613,566,2557,0.586,0.586,0,0,2,FALSE,FALSE,"A",TRUE,FALSE,FALSE,FALSE
"exact","A_substantive","DQ135","w5問35_事実項目35","ssm",-0.04478,0.02501,0.02311,-0.0897,0.05264,0.4632,0.8582,0.921,"undetermined",2290,484,2557,0.586,0.586,0,0,2,FALSE,FALSE,"A",TRUE,FALSE,FALSE,FALSE
"exact","A_substantive","DQ135","w5問35_事実項目35","ec",-0.01364,0.01995,0.02133,-0.0273,0.5225,0.9188,0.3827,0.4768,"undetermined",2613,941,2557,0.586,0.586,0,0,2,FALSE,FALSE,"A",TRUE,FALSE,FALSE,FALSE
"exact","A_substantive","DQ135","w5問35_事実項目35","ec_adj",-0.0125,NA,0.02168,-0.025,0.5642,0.9357,0.3647,0.462,"undetermined",2613,941,2557,0.586,0.586,0,0,2,FALSE,FALSE,"A",TRUE,FALSE,FALSE,FALSE
"exact","A_substantive","DQ136","w5問36_労働時間36","naive",1.0142,0.25317,0.2101,0.1535,1.384e-06,2.03e-05,0.9537,1,"affected",2593,930,2508,NA,NA,NA,NA,NA,FALSE,FALSE,"A",TRUE,FALSE,FALSE,FALSE
"exact","A_substantive","DQ136","w5問36_労働時間36","sm",0.03501,0.30441,0.26811,0.0053,0.8961,0.9735,0.00979,0.14,"undetermined",2593,554,2508,NA,NA,NA,NA,NA,FALSE,FALSE,"A",TRUE,FALSE,FALSE,FALSE
"exact","A_substantive","DQ136","w5問36_労働時間36","ssm",0.15841,0.32781,0.29726,0.024,0.5941,0.9117,0.04549,0.2418,"undetermined",2267,471,2508,NA,NA,NA,NA,NA,FALSE,FALSE,"A",TRUE,FALSE,FALSE,FALSE
"exact","A_substantive","DQ136","w5問36_労働時間36","ec",0.04131,0.25083,0.21707,0.0063,0.8491,0.9464,0.002158,0.041,"equivalent",2593,930,2508,NA,NA,NA,NA,NA,FALSE,FALSE,"A",TRUE,FALSE,FALSE,FALSE
"exact","A_substantive","DQ136","w5問36_労働時間36","ec_adj",0.05225,NA,0.21629,0.0079,0.8091,0.949,0.002447,0.03901,"equivalent",2593,930,2508,NA,NA,NA,NA,NA,FALSE,FALSE,"A",TRUE,FALSE,FALSE,FALSE
"exact","A_substantive","DQ137","w5問37_労働時間37","naive",1.07457,0.24156,0.25251,0.1685,2.086e-05,0.0002294,0.9582,1,"affected",2604,936,2524,NA,NA,NA,NA,NA,FALSE,FALSE,"A",TRUE,FALSE,FALSE,FALSE
"exact","A_substantive","DQ137","w5問37_労働時間37","sm",-0.03759,0.29147,0.28562,-0.0059,0.8953,0.9735,0.01782,0.14,"undetermined",2604,563,2524,NA,NA,NA,NA,NA,FALSE,FALSE,"A",TRUE,FALSE,FALSE,FALSE
"exact","A_substantive","DQ137","w5問37_労働時間37","ssm",0.11652,0.31139,0.30731,0.0183,0.7046,0.9118,0.04496,0.2418,"undetermined",2273,479,2524,NA,NA,NA,NA,NA,FALSE,FALSE,"A",TRUE,FALSE,FALSE,FALSE
"exact","A_substantive","DQ137","w5問37_労働時間37","ec",0.07998,0.23822,0.26639,0.0125,0.764,0.9445,0.01815,0.08621,"equivalent",2604,936,2524,NA,NA,NA,NA,NA,FALSE,FALSE,"A",TRUE,FALSE,FALSE,FALSE
"exact","A_substantive","DQ137","w5問37_労働時間37","ec_adj",0.0776,NA,0.26361,0.0122,0.7685,0.942,0.01681,0.08573,"equivalent",2604,936,2524,NA,NA,NA,NA,NA,FALSE,FALSE,"A",TRUE,FALSE,FALSE,FALSE
"exact","A_substantive","DQ138","w5問38_労働時間38","naive",0.79702,0.24101,0.23642,0.1268,0.0007485,0.004705,0.7622,0.9778,"affected",2605,926,2521,NA,NA,NA,NA,NA,FALSE,FALSE,"A",TRUE,FALSE,FALSE,FALSE
"exact","A_substantive","DQ138","w5問38_労働時間38","sm",-0.08771,0.28794,0.27383,-0.014,0.7487,0.9657,0.02418,0.14,"undetermined",2605,556,2521,NA,NA,NA,NA,NA,FALSE,FALSE,"A",TRUE,FALSE,FALSE,FALSE
"exact","A_substantive","DQ138","w5問38_労働時間38","ssm",0.20496,0.3079,0.31059,0.0326,0.5093,0.9117,0.08643,0.2817,"undetermined",2281,472,2521,NA,NA,NA,NA,NA,FALSE,FALSE,"A",TRUE,FALSE,FALSE,FALSE
"exact","A_substantive","DQ138","w5問38_労働時間38","ec",-0.25492,0.23935,0.24178,-0.0406,0.2917,0.9188,0.06125,0.1552,"undetermined",2605,926,2521,NA,NA,NA,NA,NA,FALSE,FALSE,"A",TRUE,FALSE,FALSE,FALSE
"exact","A_substantive","DQ138","w5問38_労働時間38","ec_adj",-0.25094,NA,0.24036,-0.0399,0.2965,0.9357,0.0582,0.1474,"undetermined",2605,926,2521,NA,NA,NA,NA,NA,FALSE,FALSE,"A",TRUE,FALSE,FALSE,FALSE
"exact","A_substantive","DQ139","w5問39_労働時間39","naive",0.91578,0.24538,0.28055,0.1425,0.001098,0.006036,0.8348,0.9778,"affected",2611,921,2524,NA,NA,NA,NA,NA,FALSE,FALSE,"A",TRUE,FALSE,FALSE,FALSE
"exact","A_substantive","DQ139","w5問39_労働時間39","sm",-0.07318,0.29731,0.31584,-0.0114,0.8168,0.9657,0.03568,0.14,"undetermined",2611,556,2524,NA,NA,NA,NA,NA,FALSE,FALSE,"A",TRUE,FALSE,FALSE,FALSE
"exact","A_substantive","DQ139","w5問39_労働時間39","ssm",0.10965,0.31553,0.36075,0.0171,0.7612,0.9176,0.06976,0.2662,"undetermined",2280,475,2524,NA,NA,NA,NA,NA,FALSE,FALSE,"A",TRUE,FALSE,FALSE,FALSE
"exact","A_substantive","DQ139","w5問39_労働時間39","ec",-0.12956,0.24233,0.28511,-0.0202,0.6495,0.9188,0.03595,0.1143,"undetermined",2611,921,2524,NA,NA,NA,NA,NA,FALSE,FALSE,"A",TRUE,FALSE,FALSE,FALSE
"exact","A_substantive","DQ139","w5問39_労働時間39","ec_adj",-0.12366,NA,0.28578,-0.0192,0.6652,0.9357,0.03467,0.1179,"undetermined",2611,921,2524,NA,NA,NA,NA,NA,FALSE,FALSE,"A",TRUE,FALSE,FALSE,FALSE
"exact","A_substantive","DQ140","w5問40_労働時間40","naive",1.13164,0.24554,0.29371,0.1755,0.0001167,0.001141,0.9513,1,"affected",2612,941,2542,NA,NA,NA,NA,NA,FALSE,FALSE,"A",TRUE,FALSE,FALSE,FALSE
"exact","A_substantive","DQ140","w5問40_労働時間40","sm",0.13949,0.29143,0.32865,0.0216,0.6713,0.9657,0.06207,0.1951,"undetermined",2612,569,2542,NA,NA,NA,NA,NA,FALSE,FALSE,"A",TRUE,FALSE,FALSE,FALSE
"exact","A_substantive","DQ140","w5問40_労働時間40","ssm",0.27071,0.31265,0.3324,0.042,0.4154,0.9117,0.1302,0.3578,"undetermined",2284,486,2542,NA,NA,NA,NA,NA,FALSE,FALSE,"A",TRUE,FALSE,FALSE,FALSE
"exact","A_substantive","DQ140","w5問40_労働時間40","ec",0.13733,0.24294,0.28814,0.0213,0.6336,0.9188,0.03909,0.1143,"undetermined",2612,941,2542,NA,NA,NA,NA,NA,FALSE,FALSE,"A",TRUE,FALSE,FALSE,FALSE
"exact","A_substantive","DQ140","w5問40_労働時間40","ec_adj",0.14307,NA,0.28794,0.0222,0.6193,0.9357,0.0407,0.119,"undetermined",2612,941,2542,NA,NA,NA,NA,NA,FALSE,FALSE,"A",TRUE,FALSE,FALSE,FALSE
"exact","A_substantive","DQ02","w5_就業","naive",-0.01109,0.01879,0.02068,-0.0222,0.5918,0.7335,0.3333,0.7209,"undetermined",2682,963,0,0.571,0.571,0,0,2,FALSE,FALSE,"A",TRUE,FALSE,FALSE,FALSE
"exact","A_substantive","DQ02","w5_就業","sm",-0.03168,0.02292,0.02464,-0.0633,0.1985,0.8035,0.6823,0.7505,"undetermined",2682,578,0,0.571,0.571,0,0,2,FALSE,FALSE,"A",TRUE,FALSE,FALSE,FALSE
"exact","A_substantive","DQ02","w5_就業","ssm",-0.03965,0.02475,0.02539,-0.0793,0.1185,0.6949,0.7804,0.8479,"undetermined",2347,493,0,0.571,0.571,0,0,2,FALSE,FALSE,"A",TRUE,FALSE,FALSE,FALSE
"exact","A_substantive","DQ43__1","w5問43_婚姻: 既婚","naive",0.00954,0.01879,0.01638,0.0191,0.5601,0.7041,0.2616,0.6578,"undetermined",2682,963,2682,0.57,0.57,0,0,2,FALSE,FALSE,"A",TRUE,FALSE,FALSE,FALSE
"exact","A_substantive","DQ43__1","w5問43_婚姻: 既婚","sm",-0.00101,0.02295,0.01866,-0.002,0.9567,0.9794,0.1545,0.3237,"undetermined",2682,578,2682,0.57,0.57,0,0,2,FALSE,FALSE,"A",TRUE,FALSE,FALSE,FALSE
"exact","A_substantive","DQ43__1","w5問43_婚姻: 既婚","ssm",-0.00997,0.02479,0.02258,-0.0199,0.6588,0.9117,0.3285,0.5132,"undetermined",2347,493,2682,0.57,0.57,0,0,2,FALSE,FALSE,"A",TRUE,FALSE,FALSE,FALSE
"exact","A_substantive","DQ43__1","w5問43_婚姻: 既婚","ec",0.00822,0.01987,0.01743,0.0164,0.6374,0.9188,0.2495,0.3647,"undetermined",2682,963,2682,0.57,0.57,0,0,2,FALSE,FALSE,"A",TRUE,FALSE,FALSE,FALSE
"exact","A_substantive","DQ43__1","w5問43_婚姻: 既婚","ec_adj",0.00836,NA,0.01757,0.0167,0.6343,0.9357,0.2538,0.3709,"undetermined",2682,963,2682,0.57,0.57,0,0,2,FALSE,FALSE,"A",TRUE,FALSE,FALSE,FALSE
"exact","A_substantive","DQ43__2","w5問43_婚姻: 未婚","naive",-0.00954,0.01879,0.01638,-0.0191,0.5601,0.7041,0.2616,0.6578,"undetermined",2682,963,2682,0.57,0.57,0,0,2,FALSE,FALSE,"A",TRUE,FALSE,FALSE,FALSE
"exact","A_substantive","DQ43__2","w5問43_婚姻: 未婚","sm",0.00101,0.02295,0.01866,0.002,0.9567,0.9794,0.1545,0.3237,"undetermined",2682,578,2682,0.57,0.57,0,0,2,FALSE,FALSE,"A",TRUE,FALSE,FALSE,FALSE
"exact","A_substantive","DQ43__2","w5問43_婚姻: 未婚","ssm",0.00997,0.02479,0.02258,0.0199,0.6588,0.9117,0.3285,0.5132,"undetermined",2347,493,2682,0.57,0.57,0,0,2,FALSE,FALSE,"A",TRUE,FALSE,FALSE,FALSE
"exact","A_substantive","DQ43__2","w5問43_婚姻: 未婚","ec",-0.00822,0.01987,0.01743,-0.0164,0.6374,0.9188,0.2495,0.3647,"undetermined",2682,963,2682,0.57,0.57,0,0,2,FALSE,FALSE,"A",TRUE,FALSE,FALSE,FALSE
"exact","A_substantive","DQ43__2","w5問43_婚姻: 未婚","ec_adj",-0.00836,NA,0.01757,-0.0167,0.6343,0.9357,0.2538,0.3709,"undetermined",2682,963,2682,0.57,0.57,0,0,2,FALSE,FALSE,"A",TRUE,FALSE,FALSE,FALSE
"exact","A_substantive","DQ15","w5問15_喫煙","naive",0.33162,0.04484,0.0447,0.2772,1.182e-13,2.601e-12,1,1,"affected",2624,948,2568,0.832,0.832,0,0,4,FALSE,FALSE,"A",TRUE,FALSE,FALSE,FALSE
"exact","A_substantive","DQ15","w5問15_喫煙","sm",0.20442,0.05514,0.05791,0.1709,0.0004153,0.00731,0.9284,0.9844,"affected",2624,570,2568,0.832,0.832,0,0,4,FALSE,FALSE,"A",TRUE,FALSE,FALSE,FALSE
"exact","A_substantive","DQ15","w5問15_喫煙","ssm",0.24836,0.05921,0.06315,0.2076,8.393e-05,0.001477,0.9793,0.9981,"affected",2297,485,2568,0.832,0.832,0,0,4,FALSE,FALSE,"A",TRUE,FALSE,FALSE,FALSE
"exact","A_substantive","DQ15","w5問15_喫煙","ec",0.22646,0.0465,0.04589,0.1893,8.039e-07,1.527e-05,0.99,1,"affected",2624,948,2568,0.832,0.832,0,0,4,FALSE,FALSE,"A",TRUE,FALSE,FALSE,FALSE
"exact","A_substantive","DQ15","w5問15_喫煙","ec_adj",0.22646,NA,0.04554,0.1893,6.604e-07,1.255e-05,0.9905,1,"affected",2624,948,2568,0.832,0.832,0,0,4,FALSE,FALSE,"A",TRUE,FALSE,FALSE,FALSE
"exact","A_substantive","DQ30__1","w5問30_支持政党: 自民党","naive",0.00494,0.01678,0.01773,0.0114,0.7805,0.8585,0.1979,0.6323,"undetermined",2511,906,2280,0.534,0.534,0,0,2,FALSE,FALSE,"A",TRUE,FALSE,FALSE,FALSE
"exact","A_substantive","DQ30__1","w5問30_支持政党: 自民党","sm",0.01351,0.02037,0.02283,0.0312,0.5541,0.9535,0.3881,0.5582,"undetermined",2511,538,2280,0.534,0.534,0,0,2,FALSE,FALSE,"A",TRUE,FALSE,FALSE,FALSE
"exact","A_substantive","DQ30__1","w5問30_支持政党: 自民党","ssm",0.017,0.02198,0.0221,0.0392,0.4416,0.9117,0.4461,0.5968,"undetermined",2210,456,2280,0.534,0.534,0,0,2,FALSE,FALSE,"A",TRUE,FALSE,FALSE,FALSE
"exact","A_substantive","DQ30__1","w5問30_支持政党: 自民党","ec",0.00744,0.01784,0.01741,0.0172,0.6692,0.9188,0.2353,0.3647,"undetermined",2511,906,2280,0.534,0.534,0,0,2,FALSE,FALSE,"A",TRUE,FALSE,FALSE,FALSE
"exact","A_substantive","DQ30__1","w5問30_支持政党: 自民党","ec_adj",0.00803,NA,0.01739,0.0185,0.6443,0.9357,0.2455,0.3709,"undetermined",2511,906,2280,0.534,0.534,0,0,2,FALSE,FALSE,"A",TRUE,FALSE,FALSE,FALSE
"exact","A_substantive","DQ30__2","w5問30_支持政党: 民主党","naive",-0.01412,0.01583,0.01373,-0.0348,0.3037,0.495,0.3341,0.7209,"undetermined",2511,906,2280,0.533,0.533,0,0,2,FALSE,FALSE,"A",TRUE,FALSE,FALSE,FALSE
"exact","A_substantive","DQ30__2","w5問30_支持政党: 民主党","sm",-0.00706,0.01926,0.01966,-0.0174,0.7194,0.9657,0.2553,0.4348,"undetermined",2511,538,2280,0.533,0.533,0,0,2,FALSE,FALSE,"A",TRUE,FALSE,FALSE,FALSE
"exact","A_substantive","DQ30__2","w5問30_支持政党: 民主党","ssm",-0.01589,0.02097,0.02084,-0.0391,0.4458,0.9117,0.4217,0.5968,"undetermined",2210,456,2280,0.533,0.533,0,0,2,FALSE,FALSE,"A",TRUE,FALSE,FALSE,FALSE
"exact","A_substantive","DQ30__2","w5問30_支持政党: 民主党","ec",-0.00775,0.01685,0.01476,-0.0191,0.5996,0.9188,0.2032,0.3357,"undetermined",2511,906,2280,0.533,0.533,0,0,2,FALSE,FALSE,"A",TRUE,FALSE,FALSE,FALSE
"exact","A_substantive","DQ30__2","w5問30_支持政党: 民主党","ec_adj",-0.00864,NA,0.0152,-0.0213,0.5697,0.9357,0.2274,0.3709,"undetermined",2511,906,2280,0.533,0.533,0,0,2,FALSE,FALSE,"A",TRUE,FALSE,FALSE,FALSE
"exact","A_substantive","DQ30__3","w5問30_支持政党: 公明党","naive",-0.01337,0.00858,0.01031,-0.0622,0.1945,0.3643,0.2601,0.6578,"undetermined",2511,906,2280,0.531,0.531,0,0,2,FALSE,FALSE,"A",TRUE,FALSE,FALSE,FALSE
"exact","A_substantive","DQ30__3","w5問30_支持政党: 公明党","sm",-0.02696,0.01163,0.01358,-0.1255,0.04718,0.4152,0.6957,0.7559,"undetermined",2511,538,2280,0.531,0.531,0,0,2,FALSE,FALSE,"A",TRUE,FALSE,FALSE,FALSE
"exact","A_substantive","DQ30__3","w5問30_支持政党: 公明党","ssm",-0.02409,0.01258,0.01504,-0.1122,0.1093,0.687,0.6072,0.703,"undetermined",2210,456,2280,0.531,0.531,0,0,2,FALSE,FALSE,"A",TRUE,FALSE,FALSE,FALSE
"exact","A_substantive","DQ30__3","w5問30_支持政党: 公明党","ec",-0.01339,0.00917,0.01085,-0.0623,0.217,0.9163,0.2711,0.3816,"undetermined",2511,906,2280,0.531,0.531,0,0,2,FALSE,FALSE,"A",TRUE,FALSE,FALSE,FALSE
"exact","A_substantive","DQ30__3","w5問30_支持政党: 公明党","ec_adj",-0.01307,NA,0.01084,-0.0608,0.2282,0.9357,0.2613,0.3746,"undetermined",2511,906,2280,0.531,0.531,0,0,2,FALSE,FALSE,"A",TRUE,FALSE,FALSE,FALSE
"exact","A_substantive","DQ30__4","w5問30_支持政党: 共産党","naive",1e-04,0.0061,0.00593,6e-04,0.9863,0.9957,0.0003978,0.01167,"equivalent",2511,906,2280,0.525,0.525,0,0,2,FALSE,FALSE,"A",TRUE,FALSE,FALSE,FALSE
"exact","A_substantive","DQ30__4","w5問30_支持政党: 共産党","sm",0.00318,0.00711,0.00608,0.0202,0.6007,0.9557,0.002844,0.08343,"equivalent",2511,538,2280,0.525,0.525,0,0,2,FALSE,FALSE,"A",TRUE,FALSE,FALSE,FALSE
"exact","A_substantive","DQ30__4","w5問30_支持政党: 共産党","ssm",0.00477,0.00767,0.00695,0.0303,0.4928,0.9117,0.0142,0.2418,"undetermined",2210,456,2280,0.525,0.525,0,0,2,FALSE,FALSE,"A",TRUE,FALSE,FALSE,FALSE
"exact","A_substantive","DQ30__4","w5問30_支持政党: 共産党","ec",-0.00096,0.00659,0.00623,-0.0061,0.8776,0.9464,0.001123,0.03996,"equivalent",2511,906,2280,0.525,0.525,0,0,2,FALSE,FALSE,"A",TRUE,FALSE,FALSE,FALSE
"exact","A_substantive","DQ30__4","w5問30_支持政党: 共産党","ec_adj",-0.0011,NA,0.00619,-0.007,0.8593,0.9597,0.001131,0.03435,"equivalent",2511,906,2280,0.525,0.525,0,0,2,FALSE,FALSE,"A",TRUE,FALSE,FALSE,FALSE
"exact","A_substantive","DQ30__5","w5問30_支持政党: 社民党","naive",-0.00283,0.00516,0.00559,-0.0217,0.6119,0.7479,0.001058,0.01863,"equivalent",2511,906,2280,0.525,0.525,0,0,2,FALSE,FALSE,"A",TRUE,FALSE,FALSE,FALSE
"exact","A_substantive","DQ30__5","w5問30_支持政党: 社民党","sm",-0.00452,0.0066,0.00695,-0.0346,0.5156,0.9535,0.0129,0.14,"undetermined",2511,538,2280,0.525,0.525,0,0,2,FALSE,FALSE,"A",TRUE,FALSE,FALSE,FALSE
"exact","A_substantive","DQ30__5","w5問30_支持政党: 社民党","ssm",-0.007,0.00733,0.00754,-0.0536,0.3532,0.8881,0.04227,0.2418,"undetermined",2210,456,2280,0.525,0.525,0,0,2,FALSE,FALSE,"A",TRUE,FALSE,FALSE,FALSE
"exact","A_substantive","DQ30__5","w5問30_支持政党: 社民党","ec",-0.00708,0.00557,0.00593,-0.0542,0.233,0.9188,0.01469,0.08347,"equivalent",2511,906,2280,0.525,0.525,0,0,2,FALSE,FALSE,"A",TRUE,FALSE,FALSE,FALSE
"exact","A_substantive","DQ30__5","w5問30_支持政党: 社民党","ec_adj",-0.00671,NA,0.00577,-0.0514,0.245,0.9357,0.01064,0.07351,"equivalent",2511,906,2280,0.525,0.525,0,0,2,FALSE,FALSE,"A",TRUE,FALSE,FALSE,FALSE
"exact","A_substantive","DQ30__6","w5問30_支持政党: 国民新党","naive",2e-05,0.00385,0.00418,2e-04,0.9957,0.9957,8.844e-07,5.51e-05,"equivalent",2511,906,2280,0.524,0.523,0,0,2,FALSE,FALSE,"A",TRUE,FALSE,FALSE,FALSE
"exact","A_substantive","DQ30__6","w5問30_支持政党: 国民新党","sm",-0.00305,0.00528,0.00531,-0.0308,0.5649,0.9535,0.0007056,0.03105,"equivalent",2511,538,2280,0.524,0.523,0,0,2,FALSE,FALSE,"A",TRUE,FALSE,FALSE,FALSE
"exact","A_substantive","DQ30__6","w5問30_支持政党: 国民新党","ssm",-0.00404,0.00619,0.00628,-0.0407,0.5205,0.9117,0.005547,0.2418,"undetermined",2210,456,2280,0.524,0.523,0,0,2,FALSE,FALSE,"A",TRUE,FALSE,FALSE,FALSE
"exact","A_substantive","DQ30__6","w5問30_支持政党: 国民新党","ec",-0.00108,0.00409,0.0045,-0.0108,0.8108,0.9445,1.289e-05,0.0009798,"equivalent",2511,906,2280,0.524,0.523,0,0,2,FALSE,FALSE,"A",TRUE,FALSE,FALSE,FALSE
"exact","A_substantive","DQ30__6","w5問30_支持政党: 国民新党","ec_adj",-0.00111,NA,0.00449,-0.0112,0.8039,0.949,1.292e-05,0.0009818,"equivalent",2511,906,2280,0.524,0.523,0,0,2,FALSE,FALSE,"A",TRUE,FALSE,FALSE,FALSE
"exact","A_substantive","DQ30__8","w5問30_支持政党: その他の政党","naive",0.00725,0.00891,0.00957,0.0311,0.4488,0.6694,0.09125,0.4226,"undetermined",2511,906,2280,0.593,0.593,0,0,2,FALSE,FALSE,"A",TRUE,FALSE,FALSE,FALSE
"exact","A_substantive","DQ30__8","w5問30_支持政党: その他の政党","sm",0.01858,0.00996,0.01104,0.0797,0.0924,0.6776,0.4488,0.5582,"undetermined",2511,538,2280,0.593,0.593,0,0,2,FALSE,FALSE,"A",TRUE,FALSE,FALSE,FALSE
"exact","A_substantive","DQ30__8","w5問30_支持政党: その他の政党","ssm",0.02471,0.01026,0.01063,0.1059,0.02012,0.2213,0.6711,0.7572,"undetermined",2210,456,2280,0.593,0.593,0,0,2,FALSE,FALSE,"A",TRUE,FALSE,FALSE,FALSE
"exact","A_substantive","DQ30__8","w5問30_支持政党: その他の政党","ec",0.0135,0.00962,0.01031,0.0579,0.1902,0.8502,0.2643,0.379,"undetermined",2511,906,2280,0.593,0.593,0,0,2,FALSE,FALSE,"A",TRUE,FALSE,FALSE,FALSE
"exact","A_substantive","DQ30__8","w5問30_支持政党: その他の政党","ec_adj",0.01385,NA,0.01042,0.0594,0.1837,0.8212,0.2774,0.3833,"undetermined",2511,906,2280,0.593,0.593,0,0,2,FALSE,FALSE,"A",TRUE,FALSE,FALSE,FALSE
"exact","A_substantive","DQ30__9","w5問30_支持政党: 特に支持する政党はない","naive",0.01801,0.0188,0.02172,0.0371,0.407,0.6395,0.4635,0.8169,"undetermined",2511,906,2280,0.548,0.548,0,0,2,FALSE,FALSE,"A",TRUE,FALSE,FALSE,FALSE
"exact","A_substantive","DQ30__9","w5問30_支持政党: 特に支持する政党はない","sm",0.00632,0.02315,0.02671,0.013,0.8129,0.9657,0.3042,0.4868,"undetermined",2511,538,2280,0.548,0.548,0,0,2,FALSE,FALSE,"A",TRUE,FALSE,FALSE,FALSE
"exact","A_substantive","DQ30__9","w5問30_支持政党: 特に支持する政党はない","ssm",0.00453,0.02507,0.02802,0.0093,0.8715,0.9406,0.2905,0.5132,"undetermined",2210,456,2280,0.548,0.548,0,0,2,FALSE,FALSE,"A",TRUE,FALSE,FALSE,FALSE
"exact","A_substantive","DQ30__9","w5問30_支持政党: 特に支持する政党はない","ec",0.00931,0.01998,0.02234,0.0191,0.677,0.9188,0.3161,0.429,"undetermined",2511,906,2280,0.548,0.548,0,0,2,FALSE,FALSE,"A",TRUE,FALSE,FALSE,FALSE
"exact","A_substantive","DQ30__9","w5問30_支持政党: 特に支持する政党はない","ec_adj",0.00875,NA,0.02229,0.018,0.6945,0.9394,0.3069,0.4166,"undetermined",2511,906,2280,0.548,0.548,0,0,2,FALSE,FALSE,"A",TRUE,FALSE,FALSE,FALSE
"exact","A_substantive","DQ03_1__1","w5問3(1)_現職・働き方: 経営者、役員","naive",-0.00017,0.00932,0.00735,-0.001,0.9816,0.9957,0.003479,0.05103,"equivalent",1340,476,637,0.554,0.554,0,0,2,FALSE,FALSE,"C",TRUE,FALSE,FALSE,FALSE
"exact","A_substantive","DQ03_1__1","w5問3(1)_現職・働き方: 経営者、役員","sm",0.00945,0.01006,0.00805,0.0541,0.2409,0.8444,0.09501,0.2459,"undetermined",1340,274,637,0.554,0.554,0,0,2,FALSE,FALSE,"C",TRUE,FALSE,FALSE,FALSE
"exact","A_substantive","DQ03_1__1","w5問3(1)_現職・働き方: 経営者、役員","ssm",0.01153,0.01101,0.00994,0.066,0.2462,0.8692,0.197,0.4196,"undetermined",1169,229,637,0.554,0.554,0,0,2,FALSE,FALSE,"C",TRUE,FALSE,FALSE,FALSE
"exact","A_substantive","DQ03_1__1","w5問3(1)_現職・働き方: 経営者、役員","ec",0.00057,0.01094,0.00976,0.0033,0.9534,0.9709,0.02326,0.09302,"equivalent",1340,476,637,0.554,0.554,0,0,2,FALSE,FALSE,"C",TRUE,FALSE,FALSE,FALSE
"exact","A_substantive","DQ03_1__1","w5問3(1)_現職・働き方: 経営者、役員","ec_adj",9e-04,NA,0.00979,0.0051,0.9268,0.9597,0.02552,0.09942,"equivalent",1340,476,637,0.554,0.554,0,0,2,FALSE,FALSE,"C",TRUE,FALSE,FALSE,FALSE
"exact","A_substantive","DQ03_1__2","w5問3(1)_現職・働き方: 正社員・正職員","naive",0.01768,0.02658,0.02714,0.0355,0.5146,0.7002,0.466,0.8169,"undetermined",1340,476,637,0.572,0.572,0,0,2,FALSE,FALSE,"C",TRUE,FALSE,FALSE,FALSE
"exact","A_substantive","DQ03_1__2","w5問3(1)_現職・働き方: 正社員・正職員","sm",0.0305,0.03312,0.03523,0.0613,0.3865,0.9449,0.6172,0.7054,"undetermined",1340,274,637,0.572,0.572,0,0,2,FALSE,FALSE,"C",TRUE,FALSE,FALSE,FALSE
"exact","A_substantive","DQ03_1__2","w5問3(1)_現職・働き方: 正社員・正職員","ssm",0.02422,0.03612,0.04137,0.0487,0.5582,0.9117,0.5407,0.6622,"undetermined",1169,229,637,0.572,0.572,0,0,2,FALSE,FALSE,"C",TRUE,FALSE,FALSE,FALSE
"exact","A_substantive","DQ03_1__2","w5問3(1)_現職・働き方: 正社員・正職員","ec",0.02333,0.03171,0.03383,0.0469,0.4905,0.9188,0.5392,0.6092,"undetermined",1340,476,637,0.572,0.572,0,0,2,FALSE,FALSE,"C",TRUE,FALSE,FALSE,FALSE
"exact","A_substantive","DQ03_1__2","w5問3(1)_現職・働き方: 正社員・正職員","ec_adj",0.02187,NA,0.0342,0.0439,0.5226,0.9357,0.5218,0.5918,"undetermined",1340,476,637,0.572,0.572,0,0,2,FALSE,FALSE,"C",TRUE,FALSE,FALSE,FALSE
"exact","A_substantive","DQ03_1__3","w5問3(1)_現職・働き方: パート・アルバイト・契約・臨時・嘱託","naive",-0.03939,0.02355,0.02515,-0.0903,0.1173,0.2346,0.7796,0.9778,"undetermined",1340,476,637,0.584,0.584,0,0,2,FALSE,FALSE,"C",TRUE,FALSE,FALSE,FALSE
"exact","A_substantive","DQ03_1__3","w5問3(1)_現職・働き方: パート・アルバイト・契約・臨時・嘱託","sm",-0.04885,0.02967,0.03355,-0.112,0.1454,0.7853,0.8051,0.864,"undetermined",1340,274,637,0.584,0.584,0,0,2,FALSE,FALSE,"C",TRUE,FALSE,FALSE,FALSE
"exact","A_substantive","DQ03_1__3","w5問3(1)_現職・働き方: パート・アルバイト・契約・臨時・嘱託","ssm",-0.04167,0.03222,0.03686,-0.0956,0.2583,0.8692,0.7217,0.7939,"undetermined",1169,229,637,0.584,0.584,0,0,2,FALSE,FALSE,"C",TRUE,FALSE,FALSE,FALSE
"exact","A_substantive","DQ03_1__3","w5問3(1)_現職・働き方: パート・アルバイト・契約・臨時・嘱託","ec",-0.04969,0.02798,0.03109,-0.114,0.11,0.6872,0.8302,0.8763,"undetermined",1340,476,637,0.584,0.584,0,0,2,FALSE,FALSE,"C",TRUE,FALSE,FALSE,FALSE
"exact","A_substantive","DQ03_1__3","w5問3(1)_現職・働き方: パート・アルバイト・契約・臨時・嘱託","ec_adj",-0.04929,NA,0.03142,-0.113,0.1167,0.7393,0.8244,0.8702,"undetermined",1340,476,637,0.584,0.584,0,0,2,FALSE,FALSE,"C",TRUE,FALSE,FALSE,FALSE
"exact","A_substantive","DQ03_1__4","w5問3(1)_現職・働き方: 派遣社員","naive",0.01409,0.01139,0.01032,0.0639,0.172,0.3291,0.2834,0.6918,"undetermined",1340,476,637,0.731,0.731,0,0,2,FALSE,FALSE,"C",TRUE,FALSE,FALSE,FALSE
"exact","A_substantive","DQ03_1__4","w5問3(1)_現職・働き方: 派遣社員","sm",0.01806,0.01349,0.0115,0.082,0.1163,0.7545,0.4331,0.5582,"undetermined",1340,274,637,0.731,0.731,0,0,2,FALSE,FALSE,"C",TRUE,FALSE,FALSE,FALSE
"exact","A_substantive","DQ03_1__4","w5問3(1)_現職・働き方: 派遣社員","ssm",0.02058,0.01462,0.01285,0.0934,0.1092,0.687,0.518,0.6606,"undetermined",1169,229,637,0.731,0.731,0,0,2,FALSE,FALSE,"C",TRUE,FALSE,FALSE,FALSE
"exact","A_substantive","DQ03_1__4","w5問3(1)_現職・働き方: 派遣社員","ec",0.01067,0.01368,0.01263,0.0484,0.3985,0.9188,0.23,0.3647,"undetermined",1340,476,637,0.731,0.731,0,0,2,FALSE,FALSE,"C",TRUE,FALSE,FALSE,FALSE
"exact","A_substantive","DQ03_1__4","w5問3(1)_現職・働き方: 派遣社員","ec_adj",0.01135,NA,0.01259,0.0515,0.3673,0.9357,0.2462,0.3709,"undetermined",1340,476,637,0.731,0.731,0,0,2,FALSE,FALSE,"C",TRUE,FALSE,FALSE,FALSE
"exact","A_substantive","DQ03_1__5","w5問3(1)_現職・働き方: 請負社員","naive",0.00605,0.00631,0.00588,0.0488,0.3032,0.495,0.008821,0.1047,"undetermined",1340,476,637,0.82,0.551,0,0,2,FALSE,FALSE,"C",TRUE,FALSE,FALSE,FALSE
"exact","A_substantive","DQ03_1__5","w5問3(1)_現職・働き方: 請負社員","sm",0.00771,0.0073,0.00568,0.0621,0.1745,0.8035,0.01516,0.14,"undetermined",1340,274,637,0.82,0.551,0,0,2,FALSE,FALSE,"C",TRUE,FALSE,FALSE,FALSE
"exact","A_substantive","DQ03_1__5","w5問3(1)_現職・働き方: 請負社員","ssm",0.01094,0.00738,0.00658,0.0882,0.09616,0.687,0.08418,0.2817,"undetermined",1169,229,637,0.82,0.551,0,0,2,FALSE,FALSE,"C",TRUE,FALSE,FALSE,FALSE
"exact","A_substantive","DQ03_1__5","w5問3(1)_現職・働き方: 請負社員","ec",0.00535,0.0076,0.00677,0.0431,0.4289,0.9188,0.01522,0.08347,"equivalent",1340,476,637,0.82,0.551,0,0,2,FALSE,FALSE,"C",TRUE,FALSE,FALSE,FALSE
"exact","A_substantive","DQ03_1__5","w5問3(1)_現職・働き方: 請負社員","ec_adj",0.00499,NA,0.00707,0.0402,0.4801,0.9357,0.01692,0.08573,"equivalent",1340,476,637,0.82,0.551,0,0,2,FALSE,FALSE,"C",TRUE,FALSE,FALSE,FALSE
"exact","A_substantive","DQ03_1__6","w5問3(1)_現職・働き方: 自営業主、自由業者","naive",-0.00631,0.01282,0.01363,-0.0266,0.6435,0.7757,0.1576,0.6017,"undetermined",1340,476,637,0.558,0.558,0,0,2,FALSE,FALSE,"C",TRUE,FALSE,FALSE,FALSE
"exact","A_substantive","DQ03_1__6","w5問3(1)_現職・働き方: 自営業主、自由業者","sm",-0.01993,0.0173,0.01758,-0.0839,0.257,0.8444,0.4983,0.6091,"undetermined",1340,274,637,0.558,0.558,0,0,2,FALSE,FALSE,"C",TRUE,FALSE,FALSE,FALSE
"exact","A_substantive","DQ03_1__6","w5問3(1)_現職・働き方: 自営業主、自由業者","ssm",-0.02566,0.01949,0.02166,-0.1081,0.2361,0.8692,0.603,0.703,"undetermined",1169,229,637,0.558,0.558,0,0,2,FALSE,FALSE,"C",TRUE,FALSE,FALSE,FALSE
"exact","A_substantive","DQ03_1__6","w5問3(1)_現職・働き方: 自営業主、自由業者","ec",-0.00359,0.01505,0.01514,-0.0151,0.8128,0.9445,0.1391,0.2697,"undetermined",1340,476,637,0.558,0.558,0,0,2,FALSE,FALSE,"C",TRUE,FALSE,FALSE,FALSE
"exact","A_substantive","DQ03_1__6","w5問3(1)_現職・働き方: 自営業主、自由業者","ec_adj",-0.00357,NA,0.01497,-0.015,0.8116,0.949,0.1363,0.2655,"undetermined",1340,476,637,0.558,0.558,0,0,2,FALSE,FALSE,"C",TRUE,FALSE,FALSE,FALSE
"exact","A_substantive","DQ03_1__7","w5問3(1)_現職・働き方: 家族従業者","naive",0.00666,0.00587,0.00601,0.057,0.2676,0.4709,0.01319,0.1289,"undetermined",1340,476,637,0.906,0.551,0,0,2,FALSE,FALSE,"C",TRUE,FALSE,FALSE,FALSE
"exact","A_substantive","DQ03_1__7","w5問3(1)_現職・働き方: 家族従業者","sm",0.00622,0.00723,0.00773,0.0532,0.4212,0.9514,0.03722,0.14,"undetermined",1340,274,637,0.906,0.551,0,0,2,FALSE,FALSE,"C",TRUE,FALSE,FALSE,FALSE
"exact","A_substantive","DQ03_1__7","w5問3(1)_現職・働き方: 家族従業者","ssm",0.0023,0.00835,0.00904,0.0197,0.7994,0.9406,0.0251,0.2418,"undetermined",1169,229,637,0.906,0.551,0,0,2,FALSE,FALSE,"C",TRUE,FALSE,FALSE,FALSE
"exact","A_substantive","DQ03_1__7","w5問3(1)_現職・働き方: 家族従業者","ec",0.01159,0.00727,0.00702,0.0992,0.09893,0.6872,0.1154,0.2437,"undetermined",1340,476,637,0.906,0.551,0,0,2,FALSE,FALSE,"C",TRUE,FALSE,FALSE,FALSE
"exact","A_substantive","DQ03_1__7","w5問3(1)_現職・働き方: 家族従業者","ec_adj",0.01152,NA,0.00706,0.0986,0.1028,0.7393,0.1146,0.2489,"undetermined",1340,476,637,0.906,0.551,0,0,2,FALSE,FALSE,"C",TRUE,FALSE,FALSE,FALSE
"exact","A_substantive","DQ03_1__8","w5問3(1)_現職・働き方: 内職","naive",0.00116,0.00433,0.004,0.014,0.7719,0.8585,1.252e-06,5.51e-05,"equivalent",1340,476,637,0.656,0.554,0,0,2,FALSE,FALSE,"C",TRUE,FALSE,FALSE,FALSE
"exact","A_substantive","DQ03_1__8","w5問3(1)_現職・働き方: 内職","sm",0.00016,0.00566,0.00587,0.002,0.9778,0.9794,0.0003642,0.03105,"equivalent",1340,274,637,0.656,0.554,0,0,2,FALSE,FALSE,"C",TRUE,FALSE,FALSE,FALSE
"exact","A_substantive","DQ03_1__8","w5問3(1)_現職・働き方: 内職","ssm",-0.00018,0.00673,0.0069,-0.0022,0.9793,0.9793,0.002047,0.1801,"undetermined",1169,229,637,0.656,0.554,0,0,2,FALSE,FALSE,"C",TRUE,FALSE,FALSE,FALSE
"exact","A_substantive","DQ03_1__8","w5問3(1)_現職・働き方: 内職","ec",0.00515,0.00508,0.00503,0.0622,0.3059,0.9188,0.001577,0.03996,"equivalent",1340,476,637,0.656,0.554,0,0,2,FALSE,FALSE,"C",TRUE,FALSE,FALSE,FALSE
"exact","A_substantive","DQ03_1__8","w5問3(1)_現職・働き方: 内職","ec_adj",0.00515,NA,0.00495,0.0622,0.2989,0.9357,0.001356,0.03435,"equivalent",1340,476,637,0.656,0.554,0,0,2,FALSE,FALSE,"C",TRUE,FALSE,FALSE,FALSE
"exact","A_substantive","DQ03_1__9","w5問3(1)_現職・働き方: その他","naive",0.00022,0.00644,0.00612,0.0018,0.9714,0.9957,0.000613,0.01349,"equivalent",1340,476,637,0.563,0.554,0,0,2,FALSE,FALSE,"C",TRUE,FALSE,FALSE,FALSE
"exact","A_substantive","DQ03_1__9","w5問3(1)_現職・働き方: その他","sm",-0.00332,0.00875,0.00819,-0.0275,0.6848,0.9657,0.0208,0.14,"undetermined",1340,274,637,0.563,0.554,0,0,2,FALSE,FALSE,"C",TRUE,FALSE,FALSE,FALSE
"exact","A_substantive","DQ03_1__9","w5問3(1)_現職・働き方: その他","ssm",-0.00207,0.00939,0.00852,-0.0171,0.8081,0.9406,0.01765,0.2418,"undetermined",1169,229,637,0.563,0.554,0,0,2,FALSE,FALSE,"C",TRUE,FALSE,FALSE,FALSE
"exact","A_substantive","DQ03_1__9","w5問3(1)_現職・働き方: その他","ec",-0.00338,0.00774,0.00716,-0.0279,0.6369,0.9188,0.01012,0.07692,"equivalent",1340,476,637,0.563,0.554,0,0,2,FALSE,FALSE,"C",TRUE,FALSE,FALSE,FALSE
"exact","A_substantive","DQ03_1__9","w5問3(1)_現職・働き方: その他","ec_adj",-0.00292,NA,0.00701,-0.0241,0.6772,0.9357,0.007387,0.06238,"equivalent",1340,476,637,0.563,0.554,0,0,2,FALSE,FALSE,"C",TRUE,FALSE,FALSE,FALSE
"exact","A_substantive","DQ03_2__1","w5問3(2)_現職・職業―大分類(プリコード): 専門職・技術職","naive",0.00394,0.02083,0.02339,0.0101,0.8663,0.9412,0.2461,0.6578,"undetermined",1345,474,624,0.566,0.566,0,0,2,FALSE,FALSE,"C",TRUE,FALSE,FALSE,FALSE
"exact","A_substantive","DQ03_2__1","w5問3(2)_現職・職業―大分類(プリコード): 専門職・技術職","sm",-0.01629,0.02679,0.02618,-0.0417,0.5338,0.9535,0.4437,0.5582,"undetermined",1345,272,624,0.566,0.566,0,0,2,FALSE,FALSE,"C",TRUE,FALSE,FALSE,FALSE
"exact","A_substantive","DQ03_2__1","w5問3(2)_現職・職業―大分類(プリコード): 専門職・技術職","ssm",-0.01944,0.02916,0.02978,-0.0498,0.5138,0.9117,0.4925,0.6373,"undetermined",1173,228,624,0.566,0.566,0,0,2,FALSE,FALSE,"C",TRUE,FALSE,FALSE,FALSE
"exact","A_substantive","DQ03_2__1","w5問3(2)_現職・職業―大分類(プリコード): 専門職・技術職","ec",0.01208,0.02477,0.02616,0.0309,0.6442,0.9188,0.3811,0.4768,"undetermined",1345,474,624,0.566,0.566,0,0,2,FALSE,FALSE,"C",TRUE,FALSE,FALSE,FALSE
"exact","A_substantive","DQ03_2__1","w5問3(2)_現職・職業―大分類(プリコード): 専門職・技術職","ec_adj",0.01139,NA,0.02658,0.0292,0.6682,0.9357,0.3731,0.4648,"undetermined",1345,474,624,0.566,0.566,0,0,2,FALSE,FALSE,"C",TRUE,FALSE,FALSE,FALSE
"exact","A_substantive","DQ03_2__2","w5問3(2)_現職・職業―大分類(プリコード): 管理職","naive",0.02052,0.01035,0.01133,0.1001,0.07024,0.1508,0.5183,0.8446,"undetermined",1345,474,624,0.891,0.891,0,0,2,FALSE,FALSE,"C",TRUE,FALSE,FALSE,FALSE
"exact","A_substantive","DQ03_2__2","w5問3(2)_現職・職業―大分類(プリコード): 管理職","sm",0.02119,0.0125,0.01394,0.1033,0.1286,0.7545,0.5339,0.6349,"undetermined",1345,272,624,0.891,0.891,0,0,2,FALSE,FALSE,"C",TRUE,FALSE,FALSE,FALSE
"exact","A_substantive","DQ03_2__2","w5問3(2)_現職・職業―大分類(プリコード): 管理職","ssm",0.02118,0.01394,0.0155,0.1033,0.1719,0.7923,0.5303,0.6622,"undetermined",1173,228,624,0.891,0.891,0,0,2,FALSE,FALSE,"C",TRUE,FALSE,FALSE,FALSE
"exact","A_substantive","DQ03_2__2","w5問3(2)_現職・職業―大分類(プリコード): 管理職","ec",0.01775,0.0127,0.01305,0.0866,0.1737,0.84,0.4315,0.5205,"undetermined",1345,474,624,0.891,0.891,0,0,2,FALSE,FALSE,"C",TRUE,FALSE,FALSE,FALSE
"exact","A_substantive","DQ03_2__2","w5問3(2)_現職・職業―大分類(プリコード): 管理職","ec_adj",0.01817,NA,0.01334,0.0886,0.1731,0.8212,0.4455,0.5208,"undetermined",1345,474,624,0.891,0.891,0,0,2,FALSE,FALSE,"C",TRUE,FALSE,FALSE,FALSE
"exact","A_substantive","DQ03_2__3","w5問3(2)_現職・職業―大分類(プリコード): 事務職","naive",-0.02855,0.02381,0.0244,-0.0646,0.242,0.4345,0.6369,0.9588,"undetermined",1345,474,624,0.576,0.576,0,0,2,FALSE,FALSE,"C",TRUE,FALSE,FALSE,FALSE
"exact","A_substantive","DQ03_2__3","w5問3(2)_現職・職業―大分類(プリコード): 事務職","sm",-0.02369,0.02962,0.02688,-0.0536,0.3781,0.9449,0.5546,0.6422,"undetermined",1345,272,624,0.576,0.576,0,0,2,FALSE,FALSE,"C",TRUE,FALSE,FALSE,FALSE
"exact","A_substantive","DQ03_2__3","w5問3(2)_現職・職業―大分類(プリコード): 事務職","ssm",-0.02495,0.03243,0.02924,-0.0564,0.3936,0.9117,0.5672,0.6837,"undetermined",1173,228,624,0.576,0.576,0,0,2,FALSE,FALSE,"C",TRUE,FALSE,FALSE,FALSE
"exact","A_substantive","DQ03_2__3","w5問3(2)_現職・職業―大分類(プリコード): 事務職","ec",-0.0424,0.02793,0.0314,-0.0959,0.1768,0.84,0.7622,0.8198,"undetermined",1345,474,624,0.576,0.576,0,0,2,FALSE,FALSE,"C",TRUE,FALSE,FALSE,FALSE
"exact","A_substantive","DQ03_2__3","w5問3(2)_現職・職業―大分類(プリコード): 事務職","ec_adj",-0.04312,NA,0.03184,-0.0975,0.1756,0.8212,0.7661,0.8318,"undetermined",1345,474,624,0.576,0.576,0,0,2,FALSE,FALSE,"C",TRUE,FALSE,FALSE,FALSE
"exact","A_substantive","DQ03_2__4","w5問3(2)_現職・職業―大分類(プリコード): 販売職","naive",-0.01976,0.01719,0.01617,-0.0625,0.2218,0.4067,0.4941,0.8204,"undetermined",1345,474,624,0.567,0.567,0,0,2,FALSE,FALSE,"C",TRUE,FALSE,FALSE,FALSE
"exact","A_substantive","DQ03_2__4","w5問3(2)_現職・職業―大分類(プリコード): 販売職","sm",-0.01137,0.021,0.01744,-0.036,0.5145,0.9535,0.3103,0.4876,"undetermined",1345,272,624,0.567,0.567,0,0,2,FALSE,FALSE,"C",TRUE,FALSE,FALSE,FALSE
"exact","A_substantive","DQ03_2__4","w5問3(2)_現職・職業―大分類(プリコード): 販売職","ssm",-0.02221,0.02349,0.02108,-0.0703,0.2919,0.8692,0.5418,0.6622,"undetermined",1173,228,624,0.567,0.567,0,0,2,FALSE,FALSE,"C",TRUE,FALSE,FALSE,FALSE
"exact","A_substantive","DQ03_2__4","w5問3(2)_現職・職業―大分類(プリコード): 販売職","ec",-0.02218,0.02036,0.01927,-0.0702,0.2496,0.9188,0.545,0.6092,"undetermined",1345,474,624,0.567,0.567,0,0,2,FALSE,FALSE,"C",TRUE,FALSE,FALSE,FALSE
"exact","A_substantive","DQ03_2__4","w5問3(2)_現職・職業―大分類(プリコード): 販売職","ec_adj",-0.0216,NA,0.01936,-0.0684,0.2646,0.9357,0.533,0.5957,"undetermined",1345,474,624,0.567,0.567,0,0,2,FALSE,FALSE,"C",TRUE,FALSE,FALSE,FALSE
"exact","A_substantive","DQ03_2__5","w5問3(2)_現職・職業―大分類(プリコード): サービス職","naive",-0.00726,0.01804,0.0188,-0.0216,0.6994,0.8098,0.249,0.6578,"undetermined",1345,474,624,0.559,0.559,0,0,2,FALSE,FALSE,"C",TRUE,FALSE,FALSE,FALSE
"exact","A_substantive","DQ03_2__5","w5問3(2)_現職・職業―大分類(プリコード): サービス職","sm",0.03006,0.02002,0.02356,0.0895,0.202,0.8035,0.6653,0.7411,"undetermined",1345,272,624,0.559,0.559,0,0,2,FALSE,FALSE,"C",TRUE,FALSE,FALSE,FALSE
"exact","A_substantive","DQ03_2__5","w5問3(2)_現職・職業―大分類(プリコード): サービス職","ssm",0.03407,0.0215,0.02421,0.1015,0.1594,0.7923,0.7194,0.7939,"undetermined",1173,228,624,0.559,0.559,0,0,2,FALSE,FALSE,"C",TRUE,FALSE,FALSE,FALSE
"exact","A_substantive","DQ03_2__5","w5問3(2)_現職・職業―大分類(プリコード): サービス職","ec",-0.00975,0.02097,0.02303,-0.029,0.672,0.9188,0.3282,0.4376,"undetermined",1345,474,624,0.559,0.559,0,0,2,FALSE,FALSE,"C",TRUE,FALSE,FALSE,FALSE
"exact","A_substantive","DQ03_2__5","w5問3(2)_現職・職業―大分類(プリコード): サービス職","ec_adj",-0.00982,NA,0.02317,-0.0292,0.6717,0.9357,0.3302,0.4326,"undetermined",1345,474,624,0.559,0.559,0,0,2,FALSE,FALSE,"C",TRUE,FALSE,FALSE,FALSE
"exact","A_substantive","DQ03_2__6","w5問3(2)_現職・職業―大分類(プリコード): 生産現場職・技能職","naive",0.0356,0.0191,0.0212,0.0974,0.09305,0.1904,0.7691,0.9778,"undetermined",1345,474,624,0.694,0.694,0,0,2,FALSE,FALSE,"C",TRUE,FALSE,FALSE,FALSE
"exact","A_substantive","DQ03_2__6","w5問3(2)_現職・職業―大分類(プリコード): 生産現場職・技能職","sm",0.00783,0.02504,0.02981,0.0214,0.7927,0.9657,0.3416,0.5183,"undetermined",1345,272,624,0.694,0.694,0,0,2,FALSE,FALSE,"C",TRUE,FALSE,FALSE,FALSE
"exact","A_substantive","DQ03_2__6","w5問3(2)_現職・職業―大分類(プリコード): 生産現場職・技能職","ssm",0.00371,0.02734,0.03124,0.0102,0.9054,0.9406,0.301,0.5132,"undetermined",1173,228,624,0.694,0.694,0,0,2,FALSE,FALSE,"C",TRUE,FALSE,FALSE,FALSE
"exact","A_substantive","DQ03_2__6","w5問3(2)_現職・職業―大分類(プリコード): 生産現場職・技能職","ec",0.03677,0.02319,0.02349,0.1006,0.1175,0.6872,0.7623,0.8198,"undetermined",1345,474,624,0.694,0.694,0,0,2,FALSE,FALSE,"C",TRUE,FALSE,FALSE,FALSE
"exact","A_substantive","DQ03_2__6","w5問3(2)_現職・職業―大分類(プリコード): 生産現場職・技能職","ec_adj",0.03646,NA,0.0241,0.0997,0.1304,0.7622,0.7526,0.829,"undetermined",1345,474,624,0.694,0.694,0,0,2,FALSE,FALSE,"C",TRUE,FALSE,FALSE,FALSE
"exact","A_substantive","DQ03_2__7","w5問3(2)_現職・職業―大分類(プリコード): 運輸・保安職","naive",-0.00343,0.0123,0.01199,-0.015,0.7748,0.8585,0.0835,0.4082,"undetermined",1345,474,624,0.556,0.556,0,0,2,FALSE,FALSE,"C",TRUE,FALSE,FALSE,FALSE
"exact","A_substantive","DQ03_2__7","w5問3(2)_現職・職業―大分類(プリコード): 運輸・保安職","sm",-0.01264,0.0163,0.01397,-0.0553,0.3652,0.9449,0.2992,0.4868,"undetermined",1345,272,624,0.556,0.556,0,0,2,FALSE,FALSE,"C",TRUE,FALSE,FALSE,FALSE
"exact","A_substantive","DQ03_2__7","w5問3(2)_現職・職業―大分類(プリコード): 運輸・保安職","ssm",-0.00684,0.01726,0.01565,-0.0299,0.6619,0.9117,0.2002,0.4196,"undetermined",1173,228,624,0.556,0.556,0,0,2,FALSE,FALSE,"C",TRUE,FALSE,FALSE,FALSE
"exact","A_substantive","DQ03_2__7","w5問3(2)_現職・職業―大分類(プリコード): 運輸・保安職","ec",0.00083,0.01428,0.01586,0.0036,0.9581,0.9709,0.1134,0.2437,"undetermined",1345,474,624,0.556,0.556,0,0,2,FALSE,FALSE,"C",TRUE,FALSE,FALSE,FALSE
"exact","A_substantive","DQ03_2__7","w5問3(2)_現職・職業―大分類(プリコード): 運輸・保安職","ec_adj",0.00125,NA,0.01601,0.0055,0.9378,0.9597,0.1207,0.2504,"undetermined",1345,474,624,0.556,0.556,0,0,2,FALSE,FALSE,"C",TRUE,FALSE,FALSE,FALSE
"exact","A_substantive","DQ03_2__8","w5問3(2)_現職・職業―大分類(プリコード): その他","naive",-0.00106,0.01122,0.01138,-0.0051,0.9257,0.9935,0.04795,0.2915,"undetermined",1345,474,624,0.555,0.555,0,0,2,FALSE,FALSE,"C",TRUE,FALSE,FALSE,FALSE
"exact","A_substantive","DQ03_2__8","w5問3(2)_現職・職業―大分類(プリコード): その他","sm",0.00491,0.01324,0.01227,0.0235,0.689,0.9657,0.1095,0.2752,"undetermined",1345,272,624,0.555,0.555,0,0,2,FALSE,FALSE,"C",TRUE,FALSE,FALSE,FALSE
"exact","A_substantive","DQ03_2__8","w5問3(2)_現職・職業―大分類(プリコード): その他","ssm",0.01448,0.01296,0.01368,0.0692,0.2897,0.8692,0.3433,0.5132,"undetermined",1173,228,624,0.555,0.555,0,0,2,FALSE,FALSE,"C",TRUE,FALSE,FALSE,FALSE
"exact","A_substantive","DQ03_2__8","w5問3(2)_現職・職業―大分類(プリコード): その他","ec",0.00691,0.01371,0.01243,0.033,0.5785,0.9188,0.1461,0.2697,"undetermined",1345,474,624,0.555,0.555,0,0,2,FALSE,FALSE,"C",TRUE,FALSE,FALSE,FALSE
"exact","A_substantive","DQ03_2__8","w5問3(2)_現職・職業―大分類(プリコード): その他","ec_adj",0.00727,NA,0.01248,0.0347,0.5602,0.9357,0.1538,0.279,"undetermined",1345,474,624,0.555,0.555,0,0,2,FALSE,FALSE,"C",TRUE,FALSE,FALSE,FALSE
"exact","A_substantive","DQ42_A","w5問42_健康保険―A","naive",0.01239,0.01972,0.01933,0.0249,0.5214,0.7002,0.347,0.7209,"undetermined",2416,862,0,0.578,0.578,0,0,2,FALSE,FALSE,"",FALSE,FALSE,FALSE,FALSE
"exact","A_substantive","DQ42_A","w5問42_健康保険―A","sm",0.01634,0.02411,0.02485,0.0328,0.511,0.9535,0.4414,0.5582,"undetermined",2416,515,0,0.578,0.578,0,0,2,FALSE,FALSE,"",FALSE,FALSE,FALSE,FALSE
"exact","A_substantive","DQ42_A","w5問42_健康保険―A","ssm",0.01656,0.02601,0.02612,0.0333,0.5261,0.9117,0.4476,0.5968,"undetermined",2118,441,0,0.578,0.578,0,0,2,FALSE,FALSE,"",FALSE,FALSE,FALSE,FALSE
"exact","A_substantive","DQ42_B","w5問42_健康保険―B","naive",-0.01239,0.01972,0.01933,-0.0249,0.5214,0.7002,0.347,0.7209,"undetermined",2416,862,0,0.578,0.578,0,0,2,FALSE,FALSE,"",FALSE,FALSE,FALSE,FALSE
"exact","A_substantive","DQ42_B","w5問42_健康保険―B","sm",-0.01634,0.02411,0.02485,-0.0328,0.511,0.9535,0.4414,0.5582,"undetermined",2416,515,0,0.578,0.578,0,0,2,FALSE,FALSE,"",FALSE,FALSE,FALSE,FALSE
"exact","A_substantive","DQ42_B","w5問42_健康保険―B","ssm",-0.01656,0.02601,0.02612,-0.0333,0.5261,0.9117,0.4476,0.5968,"undetermined",2118,441,0,0.578,0.578,0,0,2,FALSE,FALSE,"",FALSE,FALSE,FALSE,FALSE
"exact","A_substantive","DQ57A","w5問57A_起床_時刻の回答形式","naive",-0.00059,0.0112,0.01178,-0.002,0.9601,0.9957,0.04968,0.2915,"undetermined",2682,963,2651,0.559,0.559,0,0,2,FALSE,FALSE,"B",TRUE,FALSE,FALSE,FALSE
"exact","A_substantive","DQ57A","w5問57A_起床_時刻の回答形式","sm",0.0081,0.01322,0.01558,0.0272,0.6034,0.9557,0.2225,0.3995,"undetermined",2682,578,2651,0.559,0.559,0,0,2,FALSE,FALSE,"B",TRUE,FALSE,FALSE,FALSE
"exact","A_substantive","DQ57A","w5問57A_起床_時刻の回答形式","ssm",0.00715,0.01437,0.0164,0.024,0.6631,0.9117,0.2166,0.441,"undetermined",2347,493,2651,0.559,0.559,0,0,2,FALSE,FALSE,"B",TRUE,FALSE,FALSE,FALSE
"exact","A_substantive","DQ57A","w5問57A_起床_時刻の回答形式","ec",0.00382,0.0119,0.01147,0.0128,0.7392,0.9363,0.0792,0.1824,"undetermined",2682,963,2651,0.559,0.559,0,0,2,FALSE,FALSE,"B",TRUE,FALSE,FALSE,FALSE
"exact","A_substantive","DQ57A","w5問57A_起床_時刻の回答形式","ec_adj",0.00372,NA,0.01137,0.0125,0.7437,0.942,0.07611,0.1753,"undetermined",2682,963,2651,0.559,0.559,0,0,2,FALSE,FALSE,"B",TRUE,FALSE,FALSE,FALSE
"exact","A_substantive","DQ57B__1","w5問57B_家を出る_時刻の回答形式: だいたい午前／午後×時○分ころ","naive",0.00893,0.01492,0.01322,0.0226,0.4996,0.7002,0.2012,0.6323,"undetermined",2682,963,2682,0.565,0.565,0,0,2,FALSE,FALSE,"B",TRUE,FALSE,FALSE,FALSE
"exact","A_substantive","DQ57B__1","w5問57B_家を出る_時刻の回答形式: だいたい午前／午後×時○分ころ","sm",0.00436,0.01811,0.02043,0.011,0.831,0.9657,0.222,0.3995,"undetermined",2682,578,2682,0.565,0.565,0,0,2,FALSE,FALSE,"B",TRUE,FALSE,FALSE,FALSE
"exact","A_substantive","DQ57B__1","w5問57B_家を出る_時刻の回答形式: だいたい午前／午後×時○分ころ","ssm",0.00662,0.01975,0.02089,0.0167,0.7513,0.9176,0.261,0.4887,"undetermined",2347,493,2682,0.565,0.565,0,0,2,FALSE,FALSE,"B",TRUE,FALSE,FALSE,FALSE
"exact","A_substantive","DQ57B__1","w5問57B_家を出る_時刻の回答形式: だいたい午前／午後×時○分ころ","ec",0.01864,0.01575,0.01255,0.0471,0.1375,0.7463,0.4568,0.5383,"undetermined",2682,963,2682,0.565,0.565,0,0,2,FALSE,FALSE,"B",TRUE,FALSE,FALSE,FALSE
"exact","A_substantive","DQ57B__1","w5問57B_家を出る_時刻の回答形式: だいたい午前／午後×時○分ころ","ec_adj",0.01787,NA,0.01249,0.0452,0.1524,0.8212,0.4322,0.5132,"undetermined",2682,963,2682,0.565,0.565,0,0,2,FALSE,FALSE,"B",TRUE,FALSE,FALSE,FALSE
"exact","A_substantive","DQ57B__2","w5問57B_家を出る_時刻の回答形式: 特に決まっていない","naive",-4e-04,0.01223,0.01155,-0.0012,0.9726,0.9957,0.04489,0.2915,"undetermined",2682,963,2682,0.559,0.559,0,0,2,FALSE,FALSE,"B",TRUE,FALSE,FALSE,FALSE
"exact","A_substantive","DQ57B__2","w5問57B_家を出る_時刻の回答形式: 特に決まっていない","sm",0.00414,0.01473,0.01548,0.0127,0.789,0.9657,0.1528,0.3237,"undetermined",2682,578,2682,0.559,0.559,0,0,2,FALSE,FALSE,"B",TRUE,FALSE,FALSE,FALSE
"exact","A_substantive","DQ57B__2","w5問57B_家を出る_時刻の回答形式: 特に決まっていない","ssm",0.00261,0.01612,0.01622,0.008,0.8722,0.9406,0.1418,0.3578,"undetermined",2347,493,2682,0.559,0.559,0,0,2,FALSE,FALSE,"B",TRUE,FALSE,FALSE,FALSE
"exact","A_substantive","DQ57B__2","w5問57B_家を出る_時刻の回答形式: 特に決まっていない","ec",-0.01019,0.0129,0.01163,-0.0313,0.3805,0.9188,0.1995,0.3357,"undetermined",2682,963,2682,0.559,0.559,0,0,2,FALSE,FALSE,"B",TRUE,FALSE,FALSE,FALSE
"exact","A_substantive","DQ57B__2","w5問57B_家を出る_時刻の回答形式: 特に決まっていない","ec_adj",-0.0102,NA,0.0117,-0.0313,0.3837,0.9357,0.2011,0.3397,"undetermined",2682,963,2682,0.559,0.559,0,0,2,FALSE,FALSE,"B",TRUE,FALSE,FALSE,FALSE
"exact","A_substantive","DQ57B__3","w5問57B_家を出る_時刻の回答形式: 主に家にいる","naive",-0.00853,0.00994,0.01066,-0.0327,0.4237,0.6542,0.1411,0.5895,"undetermined",2682,963,2682,0.564,0.564,0,0,2,FALSE,FALSE,"B",TRUE,FALSE,FALSE,FALSE
"exact","A_substantive","DQ57B__3","w5問57B_家を出る_時刻の回答形式: 主に家にいる","sm",-0.0085,0.01219,0.01453,-0.0326,0.5583,0.9535,0.2144,0.3995,"undetermined",2682,578,2682,0.564,0.564,0,0,2,FALSE,FALSE,"B",TRUE,FALSE,FALSE,FALSE
"exact","A_substantive","DQ57B__3","w5問57B_家を出る_時刻の回答形式: 主に家にいる","ssm",-0.00923,0.01326,0.01597,-0.0353,0.5632,0.9117,0.25,0.4887,"undetermined",2347,493,2682,0.564,0.564,0,0,2,FALSE,FALSE,"B",TRUE,FALSE,FALSE,FALSE
"exact","A_substantive","DQ57B__3","w5問57B_家を出る_時刻の回答形式: 主に家にいる","ec",-0.00844,0.0105,0.0107,-0.0323,0.4301,0.9188,0.14,0.2697,"undetermined",2682,963,2682,0.564,0.564,0,0,2,FALSE,FALSE,"B",TRUE,FALSE,FALSE,FALSE
"exact","A_substantive","DQ57B__3","w5問57B_家を出る_時刻の回答形式: 主に家にいる","ec_adj",-0.00767,NA,0.01058,-0.0294,0.4683,0.9357,0.1219,0.2504,"undetermined",2682,963,2682,0.564,0.564,0,0,2,FALSE,FALSE,"B",TRUE,FALSE,FALSE,FALSE
"exact","A_substantive","DQ57C__1","w5問57C_帰宅_時刻の回答形式: だいたい午前／午後×時○分ころ","naive",-0.00636,0.01503,0.01556,-0.0158,0.6828,0.8011,0.1903,0.6323,"undetermined",2682,963,2682,0.577,0.577,0,0,2,FALSE,FALSE,"B",TRUE,FALSE,FALSE,FALSE
"exact","A_substantive","DQ57C__1","w5問57C_帰宅_時刻の回答形式: だいたい午前／午後×時○分ころ","sm",-0.01266,0.01816,0.01742,-0.0315,0.4674,0.9535,0.3366,0.5183,"undetermined",2682,578,2682,0.577,0.577,0,0,2,FALSE,FALSE,"B",TRUE,FALSE,FALSE,FALSE
"exact","A_substantive","DQ57C__1","w5問57C_帰宅_時刻の回答形式: だいたい午前／午後×時○分ころ","ssm",-0.01247,0.01948,0.01771,-0.0311,0.4816,0.9117,0.3353,0.5132,"undetermined",2347,493,2682,0.577,0.577,0,0,2,FALSE,FALSE,"B",TRUE,FALSE,FALSE,FALSE
"exact","A_substantive","DQ57C__1","w5問57C_帰宅_時刻の回答形式: だいたい午前／午後×時○分ころ","ec",-0.00737,0.01586,0.01483,-0.0184,0.6195,0.9188,0.1972,0.3357,"undetermined",2682,963,2682,0.577,0.577,0,0,2,FALSE,FALSE,"B",TRUE,FALSE,FALSE,FALSE
"exact","A_substantive","DQ57C__1","w5問57C_帰宅_時刻の回答形式: だいたい午前／午後×時○分ころ","ec_adj",-0.00759,NA,0.01474,-0.0189,0.6065,0.9357,0.1999,0.3397,"undetermined",2682,963,2682,0.577,0.577,0,0,2,FALSE,FALSE,"B",TRUE,FALSE,FALSE,FALSE
"exact","A_substantive","DQ57C__2","w5問57C_帰宅_時刻の回答形式: 特に決まっていない","naive",-0.00812,0.01241,0.0126,-0.0247,0.5194,0.7002,0.1729,0.6085,"undetermined",2682,963,2682,0.564,0.564,0,0,2,FALSE,FALSE,"B",TRUE,FALSE,FALSE,FALSE
"exact","A_substantive","DQ57C__2","w5問57C_帰宅_時刻の回答形式: 特に決まっていない","sm",0.00265,0.01472,0.01521,0.0081,0.8616,0.9721,0.127,0.3021,"undetermined",2682,578,2682,0.564,0.564,0,0,2,FALSE,FALSE,"B",TRUE,FALSE,FALSE,FALSE
"exact","A_substantive","DQ57C__2","w5問57C_帰宅_時刻の回答形式: 特に決まっていない","ssm",0.00305,0.01564,0.01615,0.0093,0.8501,0.9406,0.147,0.3594,"undetermined",2347,493,2682,0.564,0.564,0,0,2,FALSE,FALSE,"B",TRUE,FALSE,FALSE,FALSE
"exact","A_substantive","DQ57C__2","w5問57C_帰宅_時刻の回答形式: 特に決まっていない","ec",-0.0064,0.01305,0.01307,-0.0195,0.6243,0.9188,0.149,0.2697,"undetermined",2682,963,2682,0.564,0.564,0,0,2,FALSE,FALSE,"B",TRUE,FALSE,FALSE,FALSE
"exact","A_substantive","DQ57C__2","w5問57C_帰宅_時刻の回答形式: 特に決まっていない","ec_adj",-0.00651,NA,0.01324,-0.0198,0.623,0.9357,0.1542,0.279,"undetermined",2682,963,2682,0.564,0.564,0,0,2,FALSE,FALSE,"B",TRUE,FALSE,FALSE,FALSE
"exact","A_substantive","DQ57C__3","w5問57C_帰宅_時刻の回答形式: 主に家にいる","naive",0.01448,0.00992,0.00853,0.0537,0.08965,0.1878,0.2587,0.6578,"undetermined",2682,963,2682,0.672,0.672,0,0,2,FALSE,FALSE,"B",TRUE,FALSE,FALSE,FALSE
"exact","A_substantive","DQ57C__3","w5問57C_帰宅_時刻の回答形式: 主に家にいる","sm",0.01001,0.0123,0.00928,0.0371,0.281,0.8444,0.1408,0.3176,"undetermined",2682,578,2682,0.672,0.672,0,0,2,FALSE,FALSE,"B",TRUE,FALSE,FALSE,FALSE
"exact","A_substantive","DQ57C__3","w5問57C_帰宅_時刻の回答形式: 主に家にいる","ssm",0.00941,0.01335,0.00952,0.0349,0.3229,0.8692,0.1332,0.3578,"undetermined",2347,493,2682,0.672,0.672,0,0,2,FALSE,FALSE,"B",TRUE,FALSE,FALSE,FALSE
"exact","A_substantive","DQ57C__3","w5問57C_帰宅_時刻の回答形式: 主に家にいる","ec",0.01377,0.01047,0.00866,0.0511,0.1118,0.6872,0.2357,0.3647,"undetermined",2682,963,2682,0.672,0.672,0,0,2,FALSE,FALSE,"B",TRUE,FALSE,FALSE,FALSE
"exact","A_substantive","DQ57C__3","w5問57C_帰宅_時刻の回答形式: 主に家にいる","ec_adj",0.0141,NA,0.00839,0.0523,0.09298,0.7393,0.241,0.3709,"undetermined",2682,963,2682,0.672,0.672,0,0,2,FALSE,FALSE,"B",TRUE,FALSE,FALSE,FALSE
"exact","A_substantive","DQ57D","w5問57D_就寝_時刻の回答形式","naive",-0.01401,0.01173,0.01305,-0.0455,0.2832,0.4792,0.3231,0.7209,"undetermined",2682,963,2645,0.568,0.568,0,0,2,FALSE,FALSE,"B",TRUE,FALSE,FALSE,FALSE
"exact","A_substantive","DQ57D","w5問57D_就寝_時刻の回答形式","sm",-0.01674,0.01452,0.01849,-0.0543,0.3653,0.9449,0.43,0.5582,"undetermined",2682,578,2645,0.568,0.568,0,0,2,FALSE,FALSE,"B",TRUE,FALSE,FALSE,FALSE
"exact","A_substantive","DQ57D","w5問57D_就寝_時刻の回答形式","ssm",-0.01837,0.01578,0.01909,-0.0596,0.3358,0.8692,0.466,0.6121,"undetermined",2347,493,2645,0.568,0.568,0,0,2,FALSE,FALSE,"B",TRUE,FALSE,FALSE,FALSE
"exact","A_substantive","DQ57D","w5問57D_就寝_時刻の回答形式","ec",-0.01186,0.01237,0.01375,-0.0385,0.3884,0.9188,0.2769,0.3827,"undetermined",2682,963,2645,0.568,0.568,0,0,2,FALSE,FALSE,"B",TRUE,FALSE,FALSE,FALSE
"exact","A_substantive","DQ57D","w5問57D_就寝_時刻の回答形式","ec_adj",-0.0117,NA,0.01385,-0.038,0.3985,0.9357,0.2745,0.3833,"undetermined",2682,963,2645,0.568,0.568,0,0,2,FALSE,FALSE,"B",TRUE,FALSE,FALSE,FALSE
"exact","A_substantive","DQ03_5E","w5問3(5)-5_収入の形態―年俸","naive",-0.0048,0.01642,0.01554,-0.011,0.7574,0.8585,0.1641,0.6017,"undetermined",2682,963,0,0.569,0.569,0,0,2,FALSE,FALSE,"",FALSE,FALSE,FALSE,FALSE
"exact","A_substantive","DQ03_5E","w5問3(5)-5_収入の形態―年俸","sm",-0.01458,0.01982,0.01814,-0.0333,0.4216,0.9514,0.3825,0.5582,"undetermined",2682,578,0,0.569,0.569,0,0,2,FALSE,FALSE,"",FALSE,FALSE,FALSE,FALSE
"exact","A_substantive","DQ03_5E","w5問3(5)-5_収入の形態―年俸","ssm",-0.00999,0.02151,0.02219,-0.0228,0.6527,0.9117,0.3259,0.5132,"undetermined",2347,493,0,0.569,0.569,0,0,2,FALSE,FALSE,"",FALSE,FALSE,FALSE,FALSE
"exact","A_substantive","DQ03_5ES","w5問3(5)-5_収入の金額―年俸","naive",15.91649,7.18501,8.77078,0.1629,0.06957,0.1508,0.7583,0.9778,"undetermined",698,246,0,NA,NA,NA,NA,NA,FALSE,FALSE,"",FALSE,FALSE,FALSE,FALSE
"exact","A_substantive","DQ03_5ES","w5問3(5)-5_収入の金額―年俸","sm",0.76551,8.98219,9.42862,0.0078,0.9353,0.9794,0.1698,0.3412,"undetermined",698,142,0,NA,NA,NA,NA,NA,FALSE,FALSE,"",FALSE,FALSE,FALSE,FALSE
"exact","A_substantive","DQ03_5ES","w5問3(5)-5_収入の金額―年俸","ssm",5.85736,9.60965,9.74293,0.06,0.5477,0.9117,0.3441,0.5132,"undetermined",609,123,0,NA,NA,NA,NA,NA,FALSE,FALSE,"",FALSE,FALSE,FALSE,FALSE
"exact","A_substantive","DQ03_13","w5問3(13)_現在の会社で当面仕事を続けるか","naive",0.10294,0.03463,0.03838,0.1599,0.007312,0.02681,0.8426,0.9778,"affected",1278,440,557,0.767,0.767,0,0,3,FALSE,FALSE,"C",TRUE,FALSE,FALSE,FALSE
"exact","A_substantive","DQ03_13","w5問3(13)_現在の会社で当面仕事を続けるか","sm",0.14331,0.04101,0.04654,0.2226,0.002074,0.03041,0.9551,0.9992,"affected",1278,255,557,0.767,0.767,0,0,3,FALSE,FALSE,"C",TRUE,FALSE,FALSE,FALSE
"exact","A_substantive","DQ03_13","w5問3(13)_現在の会社で当面仕事を続けるか","ssm",0.13327,0.04446,0.05347,0.207,0.01268,0.1595,0.9012,0.9555,"undetermined",1114,214,557,0.767,0.767,0,0,3,FALSE,FALSE,"C",TRUE,FALSE,FALSE,FALSE
"exact","A_substantive","DQ03_13","w5問3(13)_現在の会社で当面仕事を続けるか","ec",0.10041,0.04173,0.04969,0.156,0.04331,0.6352,0.7659,0.8198,"undetermined",1278,440,557,0.767,0.767,0,0,3,FALSE,FALSE,"C",TRUE,FALSE,FALSE,FALSE
"exact","A_substantive","DQ03_13","w5問3(13)_現在の会社で当面仕事を続けるか","ec_adj",0.10407,NA,0.04984,0.1617,0.03679,0.5592,0.7871,0.8426,"undetermined",1278,440,557,0.767,0.767,0,0,3,FALSE,FALSE,"C",TRUE,FALSE,FALSE,FALSE
"exact","A_substantive","DQ17A","w5問17A_中3時の父親の喫煙","naive",-0.06833,0.03394,0.03408,-0.0784,0.04498,0.1082,0.2909,0.6918,"undetermined",2513,890,0,0.604,0.604,0,0,3,FALSE,FALSE,"",FALSE,FALSE,FALSE,FALSE
"exact","A_substantive","DQ17A","w5問17A_中3時の父親の喫煙","sm",-0.07995,0.0414,0.03866,-0.0918,0.03864,0.3778,0.4265,0.5582,"undetermined",2513,535,0,0.604,0.604,0,0,3,FALSE,FALSE,"",FALSE,FALSE,FALSE,FALSE
"exact","A_substantive","DQ17A","w5問17A_中3時の父親の喫煙","ssm",-0.10038,0.04494,0.03982,-0.1152,0.01171,0.1595,0.6305,0.7206,"undetermined",2200,455,0,0.604,0.604,0,0,3,FALSE,FALSE,"",FALSE,FALSE,FALSE,FALSE
"exact","A_substantive","dq57a_hr","起床時刻(時; 分を含む)","naive",-0.02645,0.04087,0.04509,-0.0255,0.5575,0.7041,0.0431,0.2915,"undetermined",2391,862,2095,NA,NA,NA,NA,NA,FALSE,FALSE,"B",TRUE,FALSE,FALSE,FALSE
"exact","A_substantive","dq57a_hr","起床時刻(時; 分を含む)","sm",-0.00138,0.05027,0.05351,-0.0013,0.9794,0.9794,0.02781,0.14,"undetermined",2391,522,2095,NA,NA,NA,NA,NA,FALSE,FALSE,"B",TRUE,FALSE,FALSE,FALSE
"exact","A_substantive","dq57a_hr","起床時刻(時; 分を含む)","ssm",-0.00427,0.05465,0.05556,-0.0041,0.9387,0.9605,0.03661,0.2418,"undetermined",2091,444,2095,NA,NA,NA,NA,NA,FALSE,FALSE,"B",TRUE,FALSE,FALSE,FALSE
"exact","A_substantive","dq57a_hr","起床時刻(時; 分を含む)","ec",-0.02595,0.04391,0.04419,-0.025,0.557,0.9188,0.03904,0.1143,"undetermined",2391,862,2095,NA,NA,NA,NA,NA,FALSE,FALSE,"B",TRUE,FALSE,FALSE,FALSE
"exact","A_substantive","dq57a_hr","起床時刻(時; 分を含む)","ec_adj",-0.02483,NA,0.04475,-0.0239,0.579,0.9357,0.03877,0.1179,"undetermined",2391,862,2095,NA,NA,NA,NA,NA,FALSE,FALSE,"B",TRUE,FALSE,FALSE,FALSE
"exact","A_substantive","dq57b_hr","家を出る時刻(時)","naive",-0.0262,0.04443,0.04023,-0.0249,0.5149,0.7002,0.02471,0.2118,"undetermined",2142,761,1677,NA,NA,NA,NA,NA,FALSE,FALSE,"B",TRUE,FALSE,FALSE,FALSE
"exact","A_substantive","dq57b_hr","家を出る時刻(時)","sm",-0.09516,0.05465,0.05551,-0.0904,0.08648,0.6776,0.4279,0.5582,"undetermined",2142,459,1677,NA,NA,NA,NA,NA,FALSE,FALSE,"B",TRUE,FALSE,FALSE,FALSE
"exact","A_substantive","dq57b_hr","家を出る時刻(時)","ssm",-0.09358,0.05962,0.06162,-0.0889,0.1288,0.7086,0.4249,0.5968,"undetermined",1866,388,1677,NA,NA,NA,NA,NA,FALSE,FALSE,"B",TRUE,FALSE,FALSE,FALSE
"exact","A_substantive","dq57b_hr","家を出る時刻(時)","ec",-0.03729,0.04846,0.04098,-0.0354,0.3629,0.9188,0.04862,0.1299,"undetermined",2142,761,1677,NA,NA,NA,NA,NA,FALSE,FALSE,"B",TRUE,FALSE,FALSE,FALSE
"exact","A_substantive","dq57b_hr","家を出る時刻(時)","ec_adj",-0.03853,NA,0.04081,-0.0366,0.345,0.9357,0.05101,0.1337,"undetermined",2142,761,1677,NA,NA,NA,NA,NA,FALSE,FALSE,"B",TRUE,FALSE,FALSE,FALSE
"exact","A_substantive","dq57c_hr","帰宅時刻(時; 家を出る時刻より前なら +24)","naive",-0.05721,0.10469,0.0976,-0.0232,0.5577,0.7041,0.02647,0.2118,"undetermined",2111,765,1692,NA,NA,NA,NA,NA,FALSE,FALSE,"B",TRUE,FALSE,FALSE,FALSE
"exact","A_substantive","dq57c_hr","帰宅時刻(時; 家を出る時刻より前なら +24)","sm",-0.07075,0.12766,0.12594,-0.0287,0.5743,0.9535,0.0819,0.2402,"undetermined",2111,462,1692,NA,NA,NA,NA,NA,FALSE,FALSE,"B",TRUE,FALSE,FALSE,FALSE
"exact","A_substantive","dq57c_hr","帰宅時刻(時; 家を出る時刻より前なら +24)","ssm",-0.02545,0.13832,0.1401,-0.0103,0.8559,0.9406,0.05761,0.2662,"undetermined",1855,396,1692,NA,NA,NA,NA,NA,FALSE,FALSE,"B",TRUE,FALSE,FALSE,FALSE
"exact","A_substantive","dq57c_hr","帰宅時刻(時; 家を出る時刻より前なら +24)","ec",-0.09507,0.11371,0.10108,-0.0386,0.3469,0.9188,0.06753,0.1656,"undetermined",2111,765,1692,NA,NA,NA,NA,NA,FALSE,FALSE,"B",TRUE,FALSE,FALSE,FALSE
"exact","A_substantive","dq57c_hr","帰宅時刻(時; 家を出る時刻より前なら +24)","ec_adj",-0.09679,NA,0.10325,-0.0393,0.3485,0.9357,0.07407,0.1753,"undetermined",2111,765,1692,NA,NA,NA,NA,NA,FALSE,FALSE,"B",TRUE,FALSE,FALSE,FALSE
"exact","A_substantive","dq57d_hr","就寝時刻(時; 0-11 時は +24, 午後12時は 24)","naive",-0.01872,0.04957,0.045,-0.0151,0.6774,0.8011,0.009519,0.1047,"undetermined",2397,848,2101,NA,NA,NA,NA,NA,FALSE,FALSE,"B",TRUE,FALSE,FALSE,FALSE
"exact","A_substantive","dq57d_hr","就寝時刻(時; 0-11 時は +24, 午後12時は 24)","sm",0.03219,0.0589,0.05667,0.0259,0.57,0.9535,0.05217,0.17,"undetermined",2397,507,2101,NA,NA,NA,NA,NA,FALSE,FALSE,"B",TRUE,FALSE,FALSE,FALSE
"exact","A_substantive","dq57d_hr","就寝時刻(時; 0-11 時は +24, 午後12時は 24)","ssm",0.04396,0.06309,0.0551,0.0354,0.4249,0.9117,0.0726,0.2662,"undetermined",2095,431,2101,NA,NA,NA,NA,NA,FALSE,FALSE,"B",TRUE,FALSE,FALSE,FALSE
"exact","A_substantive","dq57d_hr","就寝時刻(時; 0-11 時は +24, 午後12時は 24)","ec",-0.0368,0.05303,0.04849,-0.0296,0.4479,0.9188,0.03569,0.1143,"undetermined",2397,848,2101,NA,NA,NA,NA,NA,FALSE,FALSE,"B",TRUE,FALSE,FALSE,FALSE
"exact","A_substantive","dq57d_hr","就寝時刻(時; 0-11 時は +24, 午後12時は 24)","ec_adj",-0.03576,NA,0.0476,-0.0288,0.4525,0.9357,0.03156,0.1142,"undetermined",2397,848,2101,NA,NA,NA,NA,NA,FALSE,FALSE,"B",TRUE,FALSE,FALSE,FALSE
"exact","A_substantive","dq57d_hr_s12","就寝時刻(感度: 午後12時を欠損に)","naive",-0.01872,0.04957,0.045,-0.0151,0.6774,NA,0.009519,NA,"excluded (outside the counts)",2397,848,2101,NA,NA,NA,NA,NA,TRUE,TRUE,"B",TRUE,FALSE,FALSE,FALSE
"exact","A_substantive","dq57d_hr_s12","就寝時刻(感度: 午後12時を欠損に)","sm",0.03219,0.0589,0.05667,0.0259,0.57,NA,0.05217,NA,"excluded (outside the counts)",2397,507,2101,NA,NA,NA,NA,NA,TRUE,TRUE,"B",TRUE,FALSE,FALSE,FALSE
"exact","A_substantive","dq57d_hr_s12","就寝時刻(感度: 午後12時を欠損に)","ssm",0.04396,0.06309,0.0551,0.0354,0.4249,NA,0.0726,NA,"excluded (outside the counts)",2095,431,2101,NA,NA,NA,NA,NA,TRUE,TRUE,"B",TRUE,FALSE,FALSE,FALSE
"exact","A_substantive","dq57d_hr_s12","就寝時刻(感度: 午後12時を欠損に)","ec",-0.0368,0.05303,0.04849,-0.0296,0.4479,NA,0.03569,NA,"excluded (outside the counts)",2397,848,2101,NA,NA,NA,NA,NA,TRUE,TRUE,"B",TRUE,FALSE,FALSE,FALSE
"exact","A_substantive","dq57d_hr_s12","就寝時刻(感度: 午後12時を欠損に)","ec_adj",-0.03576,NA,0.0476,-0.0288,0.4525,NA,0.03156,NA,"excluded (outside the counts)",2397,848,2101,NA,NA,NA,NA,NA,TRUE,TRUE,"B",TRUE,FALSE,FALSE,FALSE
"exact","A_substantive","dq54_1_months","交際期間(月数 = 年×12 + 月)","naive",0.72772,0.9786,0.92617,0.0429,0.432,0.6555,0.1474,0.5895,"undetermined",1067,404,178,NA,NA,NA,NA,NA,FALSE,FALSE,"C",TRUE,FALSE,FALSE,FALSE
"exact","A_substantive","dq54_1_months","交際期間(月数 = 年×12 + 月)","sm",1.53775,1.17012,1.28544,0.0906,0.2316,0.8444,0.4504,0.5582,"undetermined",1067,235,178,NA,NA,NA,NA,NA,FALSE,FALSE,"C",TRUE,FALSE,FALSE,FALSE
"exact","A_substantive","dq54_1_months","交際期間(月数 = 年×12 + 月)","ssm",1.48677,1.22867,1.36036,0.0876,0.2744,0.8692,0.4383,0.5968,"undetermined",940,195,178,NA,NA,NA,NA,NA,FALSE,FALSE,"C",TRUE,FALSE,FALSE,FALSE
"exact","A_substantive","dq54_1_months","交際期間(月数 = 年×12 + 月)","ec",-1.64571,1.45819,1.49106,-0.0969,0.2697,0.9188,0.486,0.5596,"undetermined",1067,404,178,NA,NA,NA,NA,NA,FALSE,FALSE,"C",TRUE,FALSE,FALSE,FALSE
"exact","A_substantive","dq54_1_months","交際期間(月数 = 年×12 + 月)","ec_adj",-1.38736,NA,1.47775,-0.0817,0.3478,0.9357,0.4167,0.5031,"undetermined",1067,404,178,NA,NA,NA,NA,NA,FALSE,FALSE,"C",TRUE,FALSE,FALSE,FALSE
"exact","B_itemnonresp","DQ101","w5問1_意識項目1","naive",-0.00939,0.00593,0.00671,-0.0622,0.1615,0.9197,0.057,0.06023,"equivalent",2682,963,2682,NA,NA,NA,NA,NA,FALSE,FALSE,"A",TRUE,FALSE,FALSE,FALSE
"exact","B_itemnonresp","DQ101","w5問1_意識項目1","sm",-0.00558,0.00691,0.00706,-0.037,0.4295,0.9291,0.02057,0.0256,"equivalent",2682,578,2682,NA,NA,NA,NA,NA,FALSE,FALSE,"A",TRUE,FALSE,FALSE,FALSE
"exact","B_itemnonresp","DQ101","w5問1_意識項目1","ssm",-0.0072,0.00776,0.00809,-0.0477,0.3738,0.9038,0.05676,0.06622,"equivalent",2347,493,2682,NA,NA,NA,NA,NA,FALSE,FALSE,"A",TRUE,FALSE,FALSE,FALSE
"exact","B_itemnonresp","DQ101","w5問1_意識項目1","ec",-0.01183,0.00621,0.00727,-0.0784,0.1037,0.8816,0.1307,0.1369,"undetermined",2682,963,2682,NA,NA,NA,NA,NA,FALSE,FALSE,"A",TRUE,FALSE,FALSE,FALSE
"exact","B_itemnonresp","DQ101","w5問1_意識項目1","ec_adj",-0.01209,NA,0.00741,-0.0801,0.103,0.8753,0.1428,0.1496,"undetermined",2682,963,2682,NA,NA,NA,NA,NA,FALSE,FALSE,"A",TRUE,FALSE,FALSE,FALSE
"exact","B_itemnonresp","DQ102","w5問2_意識項目2","naive",-0.00711,0.00551,0.00646,-0.0503,0.2714,0.9197,0.02297,0.02473,"equivalent",2682,963,2682,NA,NA,NA,NA,NA,FALSE,FALSE,"A",TRUE,FALSE,FALSE,FALSE
"exact","B_itemnonresp","DQ102","w5問2_意識項目2","sm",-0.00744,0.00686,0.00684,-0.0527,0.2768,0.9291,0.03327,0.03964,"equivalent",2682,578,2682,NA,NA,NA,NA,NA,FALSE,FALSE,"A",TRUE,FALSE,FALSE,FALSE
"exact","B_itemnonresp","DQ102","w5問2_意識項目2","ssm",-0.0089,0.00771,0.00779,-0.0631,0.2532,0.9038,0.07709,0.08762,"equivalent",2347,493,2682,NA,NA,NA,NA,NA,FALSE,FALSE,"A",TRUE,FALSE,FALSE,FALSE
"exact","B_itemnonresp","DQ102","w5問2_意識項目2","ec",-0.00712,0.00579,0.00686,-0.0504,0.2992,0.9853,0.03014,0.0349,"equivalent",2682,963,2682,NA,NA,NA,NA,NA,FALSE,FALSE,"A",TRUE,FALSE,FALSE,FALSE
"exact","B_itemnonresp","DQ102","w5問2_意識項目2","ec_adj",-0.00684,NA,0.00685,-0.0484,0.3181,0.9937,0.02732,0.03163,"equivalent",2682,963,2682,NA,NA,NA,NA,NA,FALSE,FALSE,"A",TRUE,FALSE,FALSE,FALSE
"exact","B_itemnonresp","DQ103","w5問3_意識項目3","naive",0.00554,0.00528,0.00588,0.0382,0.3458,0.9197,0.006985,0.008693,"equivalent",2682,963,2682,NA,NA,NA,NA,NA,FALSE,FALSE,"D",FALSE,FALSE,FALSE,FALSE
"exact","B_itemnonresp","DQ103","w5問3_意識項目3","sm",0.00174,0.00685,0.00712,0.012,0.8064,0.9291,0.005165,0.008035,"equivalent",2682,578,2682,NA,NA,NA,NA,NA,FALSE,FALSE,"D",FALSE,FALSE,FALSE,FALSE
"exact","B_itemnonresp","DQ103","w5問3_意識項目3","ssm",-5e-05,0.00764,0.00781,-4e-04,0.9944,0.9944,0.005342,0.01108,"equivalent",2347,493,2682,NA,NA,NA,NA,NA,FALSE,FALSE,"D",FALSE,FALSE,FALSE,FALSE
"exact","B_itemnonresp","DQ103","w5問3_意識項目3","ec",0.00375,0.00558,0.00624,0.0259,0.5473,NA,0.004602,NA,"excluded (entry-wave class D)",2682,963,2682,NA,NA,NA,NA,NA,FALSE,TRUE,"D",FALSE,FALSE,FALSE,FALSE
"exact","B_itemnonresp","DQ103","w5問3_意識項目3","ec_adj",0.00373,NA,0.00625,0.0258,0.5502,NA,0.004607,NA,"excluded (entry-wave class D)",2682,963,2682,NA,NA,NA,NA,NA,FALSE,TRUE,"D",FALSE,FALSE,FALSE,FALSE
"exact","B_itemnonresp","DQ104","w5問4_意識項目4","naive",-0.00322,0.00588,0.00596,-0.0209,0.5894,0.9197,0.002426,0.003397,"equivalent",2682,963,2682,NA,NA,NA,NA,NA,FALSE,FALSE,"A",TRUE,FALSE,FALSE,FALSE
"exact","B_itemnonresp","DQ104","w5問4_意識項目4","sm",0.00371,0.00638,0.00549,0.0241,0.4991,0.9291,0.001516,0.003537,"equivalent",2682,578,2682,NA,NA,NA,NA,NA,FALSE,FALSE,"A",TRUE,FALSE,FALSE,FALSE
"exact","B_itemnonresp","DQ104","w5問4_意識項目4","ssm",0.00635,0.00647,0.00649,0.0412,0.3277,0.9038,0.01779,0.02717,"equivalent",2347,493,2682,NA,NA,NA,NA,NA,FALSE,FALSE,"A",TRUE,FALSE,FALSE,FALSE
"exact","B_itemnonresp","DQ104","w5問4_意識項目4","ec",-0.00168,0.00615,0.0062,-0.0109,0.786,0.9876,0.00157,0.002656,"equivalent",2682,963,2682,NA,NA,NA,NA,NA,FALSE,FALSE,"A",TRUE,FALSE,FALSE,FALSE
"exact","B_itemnonresp","DQ104","w5問4_意識項目4","ec_adj",-0.00154,NA,0.00612,-0.01,0.8017,0.9937,0.001287,0.002178,"equivalent",2682,963,2682,NA,NA,NA,NA,NA,FALSE,FALSE,"A",TRUE,FALSE,FALSE,FALSE
"exact","B_itemnonresp","DQ105","w5問5_意識項目5","naive",-0.00026,0.00535,0.00566,-0.0018,0.9632,0.9873,0.0002465,0.0005113,"equivalent",2682,963,2682,NA,NA,NA,NA,NA,FALSE,FALSE,"A",TRUE,FALSE,FALSE,FALSE
"exact","B_itemnonresp","DQ105","w5問5_意識項目5","sm",-0.00025,0.00654,0.00666,-0.0018,0.9695,0.9714,0.001508,0.003537,"equivalent",2682,578,2682,NA,NA,NA,NA,NA,FALSE,FALSE,"A",TRUE,FALSE,FALSE,FALSE
"exact","B_itemnonresp","DQ105","w5問5_意識項目5","ssm",0.00913,0.00577,0.00597,0.0642,0.1263,0.6923,0.03446,0.04595,"equivalent",2347,493,2682,NA,NA,NA,NA,NA,FALSE,FALSE,"A",TRUE,FALSE,FALSE,FALSE
"exact","B_itemnonresp","DQ105","w5問5_意識項目5","ec",-0.00093,0.00564,0.00577,-0.0066,0.8716,0.9876,0.0004767,0.0009692,"equivalent",2682,963,2682,NA,NA,NA,NA,NA,FALSE,FALSE,"A",TRUE,FALSE,FALSE,FALSE
"exact","B_itemnonresp","DQ105","w5問5_意識項目5","ec_adj",-0.00102,NA,0.00574,-0.0072,0.8591,0.9937,0.0004766,0.0009531,"equivalent",2682,963,2682,NA,NA,NA,NA,NA,FALSE,FALSE,"A",TRUE,FALSE,FALSE,FALSE
"exact","B_itemnonresp","DQ106","w5問6_意識項目6","naive",-0.0116,0.00643,0.00603,-0.0711,0.0545,0.9197,0.08207,0.08356,"equivalent",2682,963,2682,NA,NA,NA,NA,NA,FALSE,FALSE,"A",TRUE,FALSE,FALSE,FALSE
"exact","B_itemnonresp","DQ106","w5問6_意識項目6","sm",-0.01298,0.00811,0.00783,-0.0795,0.0973,0.9291,0.1847,0.1916,"undetermined",2682,578,2682,NA,NA,NA,NA,NA,FALSE,FALSE,"A",TRUE,FALSE,FALSE,FALSE
"exact","B_itemnonresp","DQ106","w5問6_意識項目6","ssm",-0.01243,0.0085,0.00832,-0.0761,0.1351,0.6923,0.1813,0.1916,"undetermined",2347,493,2682,NA,NA,NA,NA,NA,FALSE,FALSE,"A",TRUE,FALSE,FALSE,FALSE
"exact","B_itemnonresp","DQ106","w5問6_意識項目6","ec",-0.012,0.00664,0.0058,-0.0735,0.0387,0.6578,0.0841,0.09026,"equivalent",2682,963,2682,NA,NA,NA,NA,NA,FALSE,FALSE,"A",TRUE,FALSE,FALSE,FALSE
"exact","B_itemnonresp","DQ106","w5問6_意識項目6","ec_adj",-0.01225,NA,0.00579,-0.075,0.03427,0.5827,0.0904,0.09701,"equivalent",2682,963,2682,NA,NA,NA,NA,NA,FALSE,FALSE,"A",TRUE,FALSE,FALSE,FALSE
"exact","B_itemnonresp","DQ107","w5問7_意識項目7","naive",-0.00852,0.00559,0.00553,-0.0599,0.1234,0.9197,0.01888,0.02097,"equivalent",2682,963,2682,NA,NA,NA,NA,NA,FALSE,FALSE,"A",TRUE,FALSE,FALSE,FALSE
"exact","B_itemnonresp","DQ107","w5問7_意識項目7","sm",-0.00609,0.00664,0.0072,-0.0428,0.3982,0.9291,0.0267,0.0325,"equivalent",2682,578,2682,NA,NA,NA,NA,NA,FALSE,FALSE,"A",TRUE,FALSE,FALSE,FALSE
"exact","B_itemnonresp","DQ107","w5問7_意識項目7","ssm",-0.00452,0.00686,0.00745,-0.0318,0.544,0.9038,0.01883,0.02775,"equivalent",2347,493,2682,NA,NA,NA,NA,NA,FALSE,FALSE,"A",TRUE,FALSE,FALSE,FALSE
"exact","B_itemnonresp","DQ107","w5問7_意識項目7","ec",-0.00952,0.00588,0.00554,-0.0669,0.08583,0.8816,0.02924,0.03477,"equivalent",2682,963,2682,NA,NA,NA,NA,NA,FALSE,FALSE,"A",TRUE,FALSE,FALSE,FALSE
"exact","B_itemnonresp","DQ107","w5問7_意識項目7","ec_adj",-0.00905,NA,0.00541,-0.0636,0.09431,0.8753,0.02149,0.02556,"equivalent",2682,963,2682,NA,NA,NA,NA,NA,FALSE,FALSE,"A",TRUE,FALSE,FALSE,FALSE
"exact","B_itemnonresp","DQ108","w5問8_意識項目8","naive",-0.00577,0.0053,0.00534,-0.0424,0.2797,0.9197,0.003869,0.005158,"equivalent",2682,963,2682,NA,NA,NA,NA,NA,FALSE,FALSE,"A",TRUE,FALSE,FALSE,FALSE
"exact","B_itemnonresp","DQ108","w5問8_意識項目8","sm",-0.00473,0.00641,0.00727,-0.0347,0.5151,0.9291,0.01777,0.02262,"equivalent",2682,578,2682,NA,NA,NA,NA,NA,FALSE,FALSE,"A",TRUE,FALSE,FALSE,FALSE
"exact","B_itemnonresp","DQ108","w5問8_意識項目8","ssm",-0.00367,0.00688,0.00736,-0.0269,0.6183,0.9742,0.01324,0.02247,"equivalent",2347,493,2682,NA,NA,NA,NA,NA,FALSE,FALSE,"A",TRUE,FALSE,FALSE,FALSE
"exact","B_itemnonresp","DQ108","w5問8_意識項目8","ec",-0.00321,0.00561,0.00608,-0.0236,0.5975,0.9876,0.002884,0.003965,"equivalent",2682,963,2682,NA,NA,NA,NA,NA,FALSE,FALSE,"A",TRUE,FALSE,FALSE,FALSE
"exact","B_itemnonresp","DQ108","w5問8_意識項目8","ec_adj",-0.00307,NA,0.00597,-0.0225,0.6073,0.9937,0.00227,0.003121,"equivalent",2682,963,2682,NA,NA,NA,NA,NA,FALSE,FALSE,"A",TRUE,FALSE,FALSE,FALSE
"exact","B_itemnonresp","DQ109","w5問9_意識項目9","naive",-0.00279,0.0054,0.00572,-0.0197,0.6254,0.9197,0.001305,0.002087,"equivalent",2682,963,2682,NA,NA,NA,NA,NA,FALSE,FALSE,"A",TRUE,FALSE,FALSE,FALSE
"exact","B_itemnonresp","DQ109","w5問9_意識項目9","sm",-0.00175,0.0065,0.00742,-0.0123,0.8141,0.9291,0.006961,0.009995,"equivalent",2682,578,2682,NA,NA,NA,NA,NA,FALSE,FALSE,"A",TRUE,FALSE,FALSE,FALSE
"exact","B_itemnonresp","DQ109","w5問9_意識項目9","ssm",0.00049,0.00665,0.00731,0.0035,0.9463,0.9944,0.003796,0.008418,"equivalent",2347,493,2682,NA,NA,NA,NA,NA,FALSE,FALSE,"A",TRUE,FALSE,FALSE,FALSE
"exact","B_itemnonresp","DQ109","w5問9_意識項目9","ec",1e-04,0.00571,0.00592,7e-04,0.9864,0.9876,0.0003872,0.0008518,"equivalent",2682,963,2682,NA,NA,NA,NA,NA,FALSE,FALSE,"A",TRUE,FALSE,FALSE,FALSE
"exact","B_itemnonresp","DQ109","w5問9_意識項目9","ec_adj",0.00033,NA,0.00588,0.0023,0.9555,0.9937,0.0004086,0.0008989,"equivalent",2682,963,2682,NA,NA,NA,NA,NA,FALSE,FALSE,"A",TRUE,FALSE,FALSE,FALSE
"exact","B_itemnonresp","DQ110","w5問10_意識項目10","naive",0.00078,0.00525,0.00482,0.0055,0.872,0.9663,3.378e-05,0.0001051,"equivalent",2682,963,2682,NA,NA,NA,NA,NA,FALSE,FALSE,"A",TRUE,FALSE,FALSE,FALSE
"exact","B_itemnonresp","DQ110","w5問10_意識項目10","sm",0.00321,0.00608,0.0058,0.0228,0.5807,0.9291,0.001907,0.003955,"equivalent",2682,578,2682,NA,NA,NA,NA,NA,FALSE,FALSE,"A",TRUE,FALSE,FALSE,FALSE
"exact","B_itemnonresp","DQ110","w5問10_意識項目10","ssm",0.00583,0.00607,0.00616,0.0415,0.3444,0.9038,0.01073,0.01878,"equivalent",2347,493,2682,NA,NA,NA,NA,NA,FALSE,FALSE,"A",TRUE,FALSE,FALSE,FALSE
"exact","B_itemnonresp","DQ110","w5問10_意識項目10","ec",-0.00049,0.00551,0.00462,-0.0035,0.9162,0.9876,1.22e-05,4.881e-05,"equivalent",2682,963,2682,NA,NA,NA,NA,NA,FALSE,FALSE,"A",TRUE,FALSE,FALSE,FALSE
"exact","B_itemnonresp","DQ110","w5問10_意識項目10","ec_adj",-4e-04,NA,0.00476,-0.0029,0.9323,0.9937,1.889e-05,6.925e-05,"equivalent",2682,963,2682,NA,NA,NA,NA,NA,FALSE,FALSE,"A",TRUE,FALSE,FALSE,FALSE
"exact","B_itemnonresp","DQ111","w5問11_意識項目11","naive",-0.00939,0.00593,0.00694,-0.0622,0.1757,0.9197,0.06318,0.06552,"equivalent",2682,963,2682,NA,NA,NA,NA,NA,FALSE,FALSE,"A",TRUE,FALSE,FALSE,FALSE
"exact","B_itemnonresp","DQ111","w5問11_意識項目11","sm",-0.01596,0.00804,0.00948,-0.1057,0.09227,0.9291,0.335,0.335,"undetermined",2682,578,2682,NA,NA,NA,NA,NA,FALSE,FALSE,"A",TRUE,FALSE,FALSE,FALSE
"exact","B_itemnonresp","DQ111","w5問11_意識項目11","ssm",-0.01819,0.0089,0.01056,-0.1205,0.08502,0.6923,0.432,0.432,"undetermined",2347,493,2682,NA,NA,NA,NA,NA,FALSE,FALSE,"A",TRUE,FALSE,FALSE,FALSE
"exact","B_itemnonresp","DQ111","w5問11_意識項目11","ec",-0.0089,0.00618,0.007,-0.059,0.2032,0.9853,0.05639,0.06203,"equivalent",2682,963,2682,NA,NA,NA,NA,NA,FALSE,FALSE,"A",TRUE,FALSE,FALSE,FALSE
"exact","B_itemnonresp","DQ111","w5問11_意識項目11","ec_adj",-0.00908,NA,0.00696,-0.0602,0.1917,0.9309,0.05822,0.06404,"equivalent",2682,963,2682,NA,NA,NA,NA,NA,FALSE,FALSE,"A",TRUE,FALSE,FALSE,FALSE
"exact","B_itemnonresp","DQ112","w5問12_意識項目12","naive",-0.00191,0.00502,0.00529,-0.0145,0.7178,0.9197,0.0003175,0.0006065,"equivalent",2682,963,2682,NA,NA,NA,NA,NA,FALSE,FALSE,"A",TRUE,FALSE,FALSE,FALSE
"exact","B_itemnonresp","DQ112","w5問12_意識項目12","sm",0.0064,0.00489,0.00591,0.0485,0.2786,0.9291,0.01063,0.01452,"equivalent",2682,578,2682,NA,NA,NA,NA,NA,FALSE,FALSE,"A",TRUE,FALSE,FALSE,FALSE
"exact","B_itemnonresp","DQ112","w5問12_意識項目12","ssm",0.00978,0.00488,0.00592,0.0741,0.09866,0.6923,0.04225,0.05377,"equivalent",2347,493,2682,NA,NA,NA,NA,NA,FALSE,FALSE,"A",TRUE,FALSE,FALSE,FALSE
"exact","B_itemnonresp","DQ112","w5問12_意識項目12","ec",-0.00088,0.00534,0.00545,-0.0067,0.871,0.9876,0.0002264,0.0005535,"equivalent",2682,963,2682,NA,NA,NA,NA,NA,FALSE,FALSE,"A",TRUE,FALSE,FALSE,FALSE
"exact","B_itemnonresp","DQ112","w5問12_意識項目12","ec_adj",-0.00078,NA,0.00543,-0.0059,0.8853,0.9937,0.0001987,0.000497,"equivalent",2682,963,2682,NA,NA,NA,NA,NA,FALSE,FALSE,"A",TRUE,FALSE,FALSE,FALSE
"exact","B_itemnonresp","DQ113","w5問13_意識項目13","naive",-0.00732,0.00575,0.00502,-0.0496,0.1449,0.9197,0.005761,0.007332,"equivalent",2682,963,2682,NA,NA,NA,NA,NA,FALSE,FALSE,"A",TRUE,FALSE,FALSE,FALSE
"exact","B_itemnonresp","DQ113","w5問13_意識項目13","sm",0.00134,0.00602,0.00579,0.0091,0.8166,0.9291,0.0006294,0.001958,"equivalent",2682,578,2682,NA,NA,NA,NA,NA,FALSE,FALSE,"A",TRUE,FALSE,FALSE,FALSE
"exact","B_itemnonresp","DQ113","w5問13_意識項目13","ssm",0.00049,0.00665,0.00699,0.0033,0.9439,0.9944,0.002624,0.00668,"equivalent",2347,493,2682,NA,NA,NA,NA,NA,FALSE,FALSE,"A",TRUE,FALSE,FALSE,FALSE
"exact","B_itemnonresp","DQ113","w5問13_意識項目13","ec",-0.00458,0.00605,0.00516,-0.031,0.3753,0.9853,0.001414,0.002488,"equivalent",2682,963,2682,NA,NA,NA,NA,NA,FALSE,FALSE,"A",TRUE,FALSE,FALSE,FALSE
"exact","B_itemnonresp","DQ113","w5問13_意識項目13","ec_adj",-0.00428,NA,0.00502,-0.029,0.3939,0.9937,0.0008676,0.00166,"equivalent",2682,963,2682,NA,NA,NA,NA,NA,FALSE,FALSE,"A",TRUE,FALSE,FALSE,FALSE
"exact","B_itemnonresp","DQ114","w5問14_意識項目14","naive",-0.00354,0.00537,0.00561,-0.0252,0.5287,0.9197,0.00168,0.002476,"equivalent",2682,963,2682,NA,NA,NA,NA,NA,FALSE,FALSE,"A",TRUE,FALSE,FALSE,FALSE
"exact","B_itemnonresp","DQ114","w5問14_意識項目14","sm",-0.00249,0.00647,0.00708,-0.0178,0.7249,0.9291,0.006688,0.009995,"equivalent",2682,578,2682,NA,NA,NA,NA,NA,FALSE,FALSE,"A",TRUE,FALSE,FALSE,FALSE
"exact","B_itemnonresp","DQ114","w5問14_意識項目14","ssm",-0.00036,0.00663,0.00694,-0.0026,0.9586,0.9944,0.002316,0.006177,"equivalent",2347,493,2682,NA,NA,NA,NA,NA,FALSE,FALSE,"A",TRUE,FALSE,FALSE,FALSE
"exact","B_itemnonresp","DQ114","w5問14_意識項目14","ec",-0.00557,0.00568,0.00564,-0.0397,0.3238,0.9853,0.005277,0.006829,"equivalent",2682,963,2682,NA,NA,NA,NA,NA,FALSE,FALSE,"A",TRUE,FALSE,FALSE,FALSE
"exact","B_itemnonresp","DQ114","w5問14_意識項目14","ec_adj",-0.00514,NA,0.00569,-0.0367,0.3663,0.9937,0.004532,0.005864,"equivalent",2682,963,2682,NA,NA,NA,NA,NA,FALSE,FALSE,"A",TRUE,FALSE,FALSE,FALSE
"exact","B_itemnonresp","DQ115","w5問15_意識項目15","naive",0.00182,0.00515,0.00483,0.0131,0.707,0.9197,8.307e-05,0.0002215,"equivalent",2682,963,2682,NA,NA,NA,NA,NA,FALSE,FALSE,"A",TRUE,FALSE,FALSE,FALSE
"exact","B_itemnonresp","DQ115","w5問15_意識項目15","sm",0.00148,0.00631,0.00562,0.0106,0.7928,0.9291,0.0004897,0.001683,"equivalent",2682,578,2682,NA,NA,NA,NA,NA,FALSE,FALSE,"A",TRUE,FALSE,FALSE,FALSE
"exact","B_itemnonresp","DQ115","w5問15_意識項目15","ssm",0.00059,0.00701,0.00659,0.0043,0.9282,0.9944,0.001624,0.004787,"equivalent",2347,493,2682,NA,NA,NA,NA,NA,FALSE,FALSE,"A",TRUE,FALSE,FALSE,FALSE
"exact","B_itemnonresp","DQ115","w5問15_意識項目15","ec",0.00073,0.00546,0.00528,0.0052,0.8905,0.9876,0.0001314,0.000413,"equivalent",2682,963,2682,NA,NA,NA,NA,NA,FALSE,FALSE,"A",TRUE,FALSE,FALSE,FALSE
"exact","B_itemnonresp","DQ115","w5問15_意識項目15","ec_adj",0.00091,NA,0.00522,0.0066,0.8617,0.9937,0.0001284,0.0003767,"equivalent",2682,963,2682,NA,NA,NA,NA,NA,FALSE,FALSE,"A",TRUE,FALSE,FALSE,FALSE
"exact","B_itemnonresp","DQ116","w5問16_意識項目16","naive",-5e-05,0.00509,0.00521,-4e-04,0.9925,0.9925,6.349e-05,0.0001778,"equivalent",2682,963,2682,NA,NA,NA,NA,NA,FALSE,FALSE,"A",TRUE,FALSE,FALSE,FALSE
"exact","B_itemnonresp","DQ116","w5問16_意識項目16","sm",0.00134,0.00602,0.00693,0.0099,0.8465,0.9291,0.003544,0.006015,"equivalent",2682,578,2682,NA,NA,NA,NA,NA,FALSE,FALSE,"A",TRUE,FALSE,FALSE,FALSE
"exact","B_itemnonresp","DQ116","w5問16_意識項目16","ssm",0.00092,0.00667,0.00713,0.0068,0.8976,0.9944,0.003719,0.008418,"equivalent",2347,493,2682,NA,NA,NA,NA,NA,FALSE,FALSE,"A",TRUE,FALSE,FALSE,FALSE
"exact","B_itemnonresp","DQ116","w5問16_意識項目16","ec",0.0031,0.00543,0.00587,0.0229,0.5978,0.9876,0.001983,0.002814,"equivalent",2682,963,2682,NA,NA,NA,NA,NA,FALSE,FALSE,"A",TRUE,FALSE,FALSE,FALSE
"exact","B_itemnonresp","DQ116","w5問16_意識項目16","ec_adj",0.00302,NA,0.00589,0.0223,0.6083,0.9937,0.001978,0.002946,"equivalent",2682,963,2682,NA,NA,NA,NA,NA,FALSE,FALSE,"A",TRUE,FALSE,FALSE,FALSE
"exact","B_itemnonresp","DQ117","w5問17_意識項目17","naive",0.0024,0.00489,0.00448,0.0181,0.5923,0.9197,4.331e-05,0.0001276,"equivalent",2682,963,2682,NA,NA,NA,NA,NA,FALSE,FALSE,"A",TRUE,FALSE,FALSE,FALSE
"exact","B_itemnonresp","DQ117","w5問17_意識項目17","sm",0.00517,0.00553,0.00493,0.0391,0.2934,0.9291,0.001307,0.003388,"equivalent",2682,578,2682,NA,NA,NA,NA,NA,FALSE,FALSE,"A",TRUE,FALSE,FALSE,FALSE
"exact","B_itemnonresp","DQ117","w5問17_意識項目17","ssm",0.00988,0.00536,0.00546,0.0747,0.07002,0.6923,0.03184,0.04349,"equivalent",2347,493,2682,NA,NA,NA,NA,NA,FALSE,FALSE,"A",TRUE,FALSE,FALSE,FALSE
"exact","B_itemnonresp","DQ117","w5問17_意識項目17","ec",0.00243,0.00521,0.0046,0.0184,0.5973,0.9876,6.74e-05,0.0002281,"equivalent",2682,963,2682,NA,NA,NA,NA,NA,FALSE,FALSE,"A",TRUE,FALSE,FALSE,FALSE
"exact","B_itemnonresp","DQ117","w5問17_意識項目17","ec_adj",0.00219,NA,0.00469,0.0165,0.6408,0.9937,7.325e-05,0.0002479,"equivalent",2682,963,2682,NA,NA,NA,NA,NA,FALSE,FALSE,"A",TRUE,FALSE,FALSE,FALSE
"exact","B_itemnonresp","DQ118","w5問18_意識項目18","naive",-0.00199,0.00488,0.00495,-0.0156,0.6869,0.9197,0.0001357,0.0003303,"equivalent",2682,963,2682,NA,NA,NA,NA,NA,FALSE,FALSE,"A",TRUE,FALSE,FALSE,FALSE
"exact","B_itemnonresp","DQ118","w5問18_意識項目18","sm",-0.00164,0.00593,0.00593,-0.0128,0.7819,0.9291,0.0009783,0.002883,"equivalent",2682,578,2682,NA,NA,NA,NA,NA,FALSE,FALSE,"A",TRUE,FALSE,FALSE,FALSE
"exact","B_itemnonresp","DQ118","w5問18_意識項目18","ssm",-0.00089,0.00624,0.00593,-0.0069,0.8809,0.9944,0.000634,0.002219,"equivalent",2347,493,2682,NA,NA,NA,NA,NA,FALSE,FALSE,"A",TRUE,FALSE,FALSE,FALSE
"exact","B_itemnonresp","DQ118","w5問18_意識項目18","ec",-0.00461,0.00521,0.00531,-0.036,0.3858,0.9853,0.001875,0.002812,"equivalent",2682,963,2682,NA,NA,NA,NA,NA,FALSE,FALSE,"A",TRUE,FALSE,FALSE,FALSE
"exact","B_itemnonresp","DQ118","w5問18_意識項目18","ec_adj",-0.00436,NA,0.00544,-0.034,0.4229,0.9937,0.002009,0.002946,"equivalent",2682,963,2682,NA,NA,NA,NA,NA,FALSE,FALSE,"A",TRUE,FALSE,FALSE,FALSE
"exact","B_itemnonresp","DQ119","w5問19_意識項目19","naive",0.00506,0.00438,0.00472,0.0417,0.2833,0.9197,0.0007747,0.001276,"equivalent",2682,963,2682,NA,NA,NA,NA,NA,FALSE,FALSE,"A",TRUE,FALSE,FALSE,FALSE
"exact","B_itemnonresp","DQ119","w5問19_意識項目19","sm",0.00195,0.00574,0.0063,0.0161,0.7565,0.9291,0.002088,0.004176,"equivalent",2682,578,2682,NA,NA,NA,NA,NA,FALSE,FALSE,"A",TRUE,FALSE,FALSE,FALSE
"exact","B_itemnonresp","DQ119","w5問19_意識項目19","ssm",0.00615,0.00567,0.0066,0.0506,0.3514,0.9038,0.01795,0.02717,"equivalent",2347,493,2682,NA,NA,NA,NA,NA,FALSE,FALSE,"A",TRUE,FALSE,FALSE,FALSE
"exact","B_itemnonresp","DQ119","w5問19_意識項目19","ec",0.00313,0.00479,0.00478,0.0258,0.5125,0.9876,0.0002078,0.0005442,"equivalent",2682,963,2682,NA,NA,NA,NA,NA,FALSE,FALSE,"A",TRUE,FALSE,FALSE,FALSE
"exact","B_itemnonresp","DQ119","w5問19_意識項目19","ec_adj",0.00325,NA,0.00474,0.0267,0.4929,0.9937,0.0002033,0.000497,"equivalent",2682,963,2682,NA,NA,NA,NA,NA,FALSE,FALSE,"A",TRUE,FALSE,FALSE,FALSE
"exact","B_itemnonresp","DQ120","w5問20_意識項目20","naive",-0.01227,0.00651,0.00642,-0.0742,0.0559,0.9197,0.1142,0.1142,"undetermined",2682,963,2682,NA,NA,NA,NA,NA,FALSE,FALSE,"A",TRUE,FALSE,FALSE,FALSE
"exact","B_itemnonresp","DQ120","w5問20_意識項目20","sm",-0.0126,0.00812,0.00901,-0.0762,0.1616,0.9291,0.2057,0.2095,"undetermined",2682,578,2682,NA,NA,NA,NA,NA,FALSE,FALSE,"A",TRUE,FALSE,FALSE,FALSE
"exact","B_itemnonresp","DQ120","w5問20_意識項目20","ssm",-0.01308,0.00901,0.00949,-0.0791,0.1683,0.7666,0.2329,0.2371,"undetermined",2347,493,2682,NA,NA,NA,NA,NA,FALSE,FALSE,"A",TRUE,FALSE,FALSE,FALSE
"exact","B_itemnonresp","DQ120","w5問20_意識項目20","ec",-0.01638,0.00674,0.00634,-0.0991,0.009779,0.3325,0.2843,0.2843,"undetermined",2682,963,2682,NA,NA,NA,NA,NA,FALSE,FALSE,"A",TRUE,FALSE,FALSE,FALSE
"exact","B_itemnonresp","DQ120","w5問20_意識項目20","ec_adj",-0.01562,NA,0.0062,-0.0945,0.01181,0.4017,0.24,0.24,"undetermined",2682,963,2682,NA,NA,NA,NA,NA,FALSE,FALSE,"A",TRUE,FALSE,FALSE,FALSE
"exact","B_itemnonresp","DQ121","w5問21_意識項目21","naive",-0.00055,0.00547,0.00557,-0.0038,0.9207,0.9679,0.0002391,0.0005113,"equivalent",2682,963,2682,NA,NA,NA,NA,NA,FALSE,FALSE,"A",TRUE,FALSE,FALSE,FALSE
"exact","B_itemnonresp","DQ121","w5問21_意識項目21","sm",0.00395,0.0061,0.00548,0.0272,0.4711,0.9291,0.001712,0.003836,"equivalent",2682,578,2682,NA,NA,NA,NA,NA,FALSE,FALSE,"A",TRUE,FALSE,FALSE,FALSE
"exact","B_itemnonresp","DQ121","w5問21_意識項目21","ssm",0.00838,0.00615,0.00549,0.0577,0.127,0.6923,0.01722,0.02717,"equivalent",2347,493,2682,NA,NA,NA,NA,NA,FALSE,FALSE,"A",TRUE,FALSE,FALSE,FALSE
"exact","B_itemnonresp","DQ121","w5問21_意識項目21","ec",0.00092,0.00575,0.00578,0.0064,0.8731,0.9876,0.0004846,0.0009692,"equivalent",2682,963,2682,NA,NA,NA,NA,NA,FALSE,FALSE,"A",TRUE,FALSE,FALSE,FALSE
"exact","B_itemnonresp","DQ121","w5問21_意識項目21","ec_adj",0.00137,NA,0.00562,0.0094,0.808,0.9937,0.0004564,0.0009531,"equivalent",2682,963,2682,NA,NA,NA,NA,NA,FALSE,FALSE,"A",TRUE,FALSE,FALSE,FALSE
"exact","B_itemnonresp","DQ122","w5問22_意識項目22","naive",-0.00567,0.00604,0.00606,-0.0361,0.3494,0.9197,0.008962,0.01068,"equivalent",2682,963,2682,NA,NA,NA,NA,NA,FALSE,FALSE,"A",TRUE,FALSE,FALSE,FALSE
"exact","B_itemnonresp","DQ122","w5問22_意識項目22","sm",-0.00185,0.00701,0.00662,-0.0118,0.7798,0.9291,0.003048,0.005335,"equivalent",2682,578,2682,NA,NA,NA,NA,NA,FALSE,FALSE,"A",TRUE,FALSE,FALSE,FALSE
"exact","B_itemnonresp","DQ122","w5問22_意識項目22","ssm",-0.00304,0.00756,0.00679,-0.0194,0.6545,0.9742,0.006221,0.01201,"equivalent",2347,493,2682,NA,NA,NA,NA,NA,FALSE,FALSE,"A",TRUE,FALSE,FALSE,FALSE
"exact","B_itemnonresp","DQ122","w5問22_意識項目22","ec",-0.00418,0.00632,0.00665,-0.0266,0.5296,0.9876,0.00863,0.01085,"equivalent",2682,963,2682,NA,NA,NA,NA,NA,FALSE,FALSE,"A",TRUE,FALSE,FALSE,FALSE
"exact","B_itemnonresp","DQ122","w5問22_意識項目22","ec_adj",-0.00421,NA,0.00667,-0.0269,0.5274,0.9937,0.008962,0.01127,"equivalent",2682,963,2682,NA,NA,NA,NA,NA,FALSE,FALSE,"A",TRUE,FALSE,FALSE,FALSE
"exact","B_itemnonresp","DQ123","w5問23_意識項目23","naive",-0.00324,0.00525,0.00462,-0.0237,0.4829,0.9197,0.0001453,0.000339,"equivalent",2682,963,2682,NA,NA,NA,NA,NA,FALSE,FALSE,"A",TRUE,FALSE,FALSE,FALSE
"exact","B_itemnonresp","DQ123","w5問23_意識項目23","sm",-0.00324,0.00645,0.00549,-0.0236,0.5555,0.9291,0.001134,0.003175,"equivalent",2682,578,2682,NA,NA,NA,NA,NA,FALSE,FALSE,"A",TRUE,FALSE,FALSE,FALSE
"exact","B_itemnonresp","DQ123","w5問23_意識項目23","ssm",-0.00357,0.00722,0.00575,-0.026,0.535,0.9038,0.002116,0.005924,"equivalent",2347,493,2682,NA,NA,NA,NA,NA,FALSE,FALSE,"A",TRUE,FALSE,FALSE,FALSE
"exact","B_itemnonresp","DQ123","w5問23_意識項目23","ec",-0.00412,0.00554,0.00492,-0.0301,0.4016,0.9853,0.0006208,0.001188,"equivalent",2682,963,2682,NA,NA,NA,NA,NA,FALSE,FALSE,"A",TRUE,FALSE,FALSE,FALSE
"exact","B_itemnonresp","DQ123","w5問23_意識項目23","ec_adj",-0.00443,NA,0.00499,-0.0323,0.3749,0.9937,0.0009095,0.001667,"equivalent",2682,963,2682,NA,NA,NA,NA,NA,FALSE,FALSE,"A",TRUE,FALSE,FALSE,FALSE
"exact","B_itemnonresp","DQ124","w5問24_意識項目24","naive",-0.00055,0.00547,0.00487,-0.0038,0.9094,0.9679,3.268e-05,0.0001051,"equivalent",2682,963,2682,NA,NA,NA,NA,NA,FALSE,FALSE,"A",TRUE,FALSE,FALSE,FALSE
"exact","B_itemnonresp","DQ124","w5問24_意識項目24","sm",-0.00124,0.00677,0.00708,-0.0085,0.8611,0.9291,0.004026,0.006631,"equivalent",2682,578,2682,NA,NA,NA,NA,NA,FALSE,FALSE,"A",TRUE,FALSE,FALSE,FALSE
"exact","B_itemnonresp","DQ124","w5問24_意識項目24","ssm",-0.00058,0.00731,0.008,-0.004,0.942,0.9944,0.007639,0.0138,"equivalent",2347,493,2682,NA,NA,NA,NA,NA,FALSE,FALSE,"A",TRUE,FALSE,FALSE,FALSE
"exact","B_itemnonresp","DQ124","w5問24_意識項目24","ec",-0.00027,0.00577,0.00487,-0.0019,0.9556,0.9876,2.582e-05,9.467e-05,"equivalent",2682,963,2682,NA,NA,NA,NA,NA,FALSE,FALSE,"A",TRUE,FALSE,FALSE,FALSE
"exact","B_itemnonresp","DQ124","w5問24_意識項目24","ec_adj",-4e-05,NA,0.00474,-3e-04,0.9937,0.9937,1.272e-05,5.089e-05,"equivalent",2682,963,2682,NA,NA,NA,NA,NA,FALSE,FALSE,"A",TRUE,FALSE,FALSE,FALSE
"exact","B_itemnonresp","DQ125","w5問25_意識項目25","naive",-0.00087,0.00492,0.00517,-0.0067,0.8656,0.9663,0.0001071,0.0002725,"equivalent",2682,963,2682,NA,NA,NA,NA,NA,FALSE,FALSE,"A",TRUE,FALSE,FALSE,FALSE
"exact","B_itemnonresp","DQ125","w5問25_意識項目25","sm",0.00467,0.00519,0.00549,0.0359,0.3952,0.9291,0.002613,0.004877,"equivalent",2682,578,2682,NA,NA,NA,NA,NA,FALSE,FALSE,"A",TRUE,FALSE,FALSE,FALSE
"exact","B_itemnonresp","DQ125","w5問25_意識項目25","ssm",0.00861,0.00531,0.00525,0.0661,0.1015,0.6923,0.01505,0.02479,"equivalent",2347,493,2682,NA,NA,NA,NA,NA,FALSE,FALSE,"A",TRUE,FALSE,FALSE,FALSE
"exact","B_itemnonresp","DQ125","w5問25_意識項目25","ec",-9e-05,0.00527,0.00565,-7e-04,0.9876,0.9876,0.0002102,0.0005442,"equivalent",2682,963,2682,NA,NA,NA,NA,NA,FALSE,FALSE,"A",TRUE,FALSE,FALSE,FALSE
"exact","B_itemnonresp","DQ125","w5問25_意識項目25","ec_adj",5e-05,NA,0.00559,3e-04,0.9935,0.9937,0.0001807,0.0004968,"equivalent",2682,963,2682,NA,NA,NA,NA,NA,FALSE,FALSE,"A",TRUE,FALSE,FALSE,FALSE
"exact","B_itemnonresp","DQ126","w5問26_意識項目26","naive",-0.00777,0.00562,0.00512,-0.0541,0.1294,0.9197,0.008503,0.01035,"equivalent",2682,963,0,NA,NA,NA,NA,NA,FALSE,FALSE,"A",TRUE,FALSE,FALSE,FALSE
"exact","B_itemnonresp","DQ126","w5問26_意識項目26","sm",-0.01053,0.00728,0.00702,-0.0734,0.1339,0.9291,0.08883,0.09949,"equivalent",2682,578,0,NA,NA,NA,NA,NA,FALSE,FALSE,"A",TRUE,FALSE,FALSE,FALSE
"exact","B_itemnonresp","DQ126","w5問26_意識項目26","ssm",-0.01296,0.0082,0.00789,-0.0903,0.1007,0.6923,0.1861,0.193,"undetermined",2347,493,0,NA,NA,NA,NA,NA,FALSE,FALSE,"A",TRUE,FALSE,FALSE,FALSE
"exact","B_itemnonresp","DQ127","w5問27_意識項目27","naive",-0.00143,0.00582,0.00587,-0.0093,0.8071,0.9481,0.0007734,0.001276,"equivalent",2682,963,0,NA,NA,NA,NA,NA,FALSE,FALSE,"",TRUE,FALSE,FALSE,FALSE
"exact","B_itemnonresp","DQ127","w5問27_意識項目27","sm",-0.00073,0.00704,0.00733,-0.0048,0.9205,0.9677,0.004291,0.006865,"equivalent",2682,578,0,NA,NA,NA,NA,NA,FALSE,FALSE,"",TRUE,FALSE,FALSE,FALSE
"exact","B_itemnonresp","DQ127","w5問27_意識項目27","ssm",-0.00539,0.0081,0.00865,-0.0351,0.5334,0.9038,0.04567,0.05441,"equivalent",2347,493,0,NA,NA,NA,NA,NA,FALSE,FALSE,"",TRUE,FALSE,FALSE,FALSE
"exact","B_itemnonresp","DQ128","w5問28_意識項目28","naive",-0.0042,0.00548,0.00463,-0.0295,0.3643,0.9197,0.0003249,0.0006065,"equivalent",2682,963,0,NA,NA,NA,NA,NA,FALSE,FALSE,"",TRUE,FALSE,FALSE,FALSE
"exact","B_itemnonresp","DQ128","w5問28_意識項目28","sm",-0.00904,0.00731,0.00695,-0.0634,0.1932,0.9291,0.05731,0.0655,"equivalent",2682,578,0,NA,NA,NA,NA,NA,FALSE,FALSE,"",TRUE,FALSE,FALSE,FALSE
"exact","B_itemnonresp","DQ128","w5問28_意識項目28","ssm",-0.00922,0.00801,0.0076,-0.0647,0.2251,0.9038,0.07823,0.08762,"equivalent",2347,493,0,NA,NA,NA,NA,NA,FALSE,FALSE,"",TRUE,FALSE,FALSE,FALSE
"exact","B_itemnonresp","DQ129","w5問29_意識項目29","naive",-0.00442,0.00572,0.00589,-0.0296,0.4532,0.9197,0.004047,0.005271,"equivalent",2682,963,0,NA,NA,NA,NA,NA,FALSE,FALSE,"",TRUE,FALSE,FALSE,FALSE
"exact","B_itemnonresp","DQ129","w5問29_意識項目29","sm",-0.00025,0.00654,0.0071,-0.0017,0.9714,0.9714,0.002707,0.00489,"equivalent",2682,578,0,NA,NA,NA,NA,NA,FALSE,FALSE,"",TRUE,FALSE,FALSE,FALSE
"exact","B_itemnonresp","DQ129","w5問29_意識項目29","ssm",-0.00143,0.00728,0.00759,-0.0096,0.8501,0.9944,0.00722,0.01348,"equivalent",2347,493,0,NA,NA,NA,NA,NA,FALSE,FALSE,"",TRUE,FALSE,FALSE,FALSE
"exact","B_itemnonresp","DQ130","w5問30_意識項目30","naive",-0.00407,0.00508,0.0054,-0.0309,0.4508,0.9197,0.001582,0.002461,"equivalent",2682,963,0,NA,NA,NA,NA,NA,FALSE,FALSE,"",TRUE,FALSE,FALSE,FALSE
"exact","B_itemnonresp","DQ130","w5問30_意識項目30","sm",-0.00164,0.00593,0.00611,-0.0124,0.7883,0.9291,0.001331,0.003388,"equivalent",2682,578,0,NA,NA,NA,NA,NA,FALSE,FALSE,"",TRUE,FALSE,FALSE,FALSE
"exact","B_itemnonresp","DQ130","w5問30_意識項目30","ssm",0.00082,0.00629,0.00633,0.0062,0.8975,0.9944,0.001222,0.003802,"equivalent",2347,493,0,NA,NA,NA,NA,NA,FALSE,FALSE,"",TRUE,FALSE,FALSE,FALSE
"exact","B_itemnonresp","DQ131","w5問31_事実項目31","naive",-0.00103,0.00461,0.00429,-0.0085,0.8093,0.9481,4.898e-06,1.714e-05,"equivalent",2682,963,2682,NA,NA,NA,NA,NA,FALSE,FALSE,"A",TRUE,FALSE,FALSE,FALSE
"exact","B_itemnonresp","DQ131","w5問31_事実項目31","sm",-0.00103,0.00565,0.00578,-0.0085,0.8585,0.9291,0.0005111,0.001683,"equivalent",2682,578,2682,NA,NA,NA,NA,NA,FALSE,FALSE,"A",TRUE,FALSE,FALSE,FALSE
"exact","B_itemnonresp","DQ131","w5問31_事実項目31","ssm",0.00071,0.00589,0.00611,0.0059,0.907,0.9944,0.000796,0.002622,"equivalent",2347,493,2682,NA,NA,NA,NA,NA,FALSE,FALSE,"A",TRUE,FALSE,FALSE,FALSE
"exact","B_itemnonresp","DQ131","w5問31_事実項目31","ec",-0.00183,0.00494,0.00501,-0.015,0.7151,0.9876,0.0001415,0.000415,"equivalent",2682,963,2682,NA,NA,NA,NA,NA,FALSE,FALSE,"A",TRUE,FALSE,FALSE,FALSE
"exact","B_itemnonresp","DQ131","w5問31_事実項目31","ec_adj",-0.00179,NA,0.00495,-0.0147,0.7183,0.9937,0.0001178,0.0003702,"equivalent",2682,963,2682,NA,NA,NA,NA,NA,FALSE,FALSE,"A",TRUE,FALSE,FALSE,FALSE
"exact","B_itemnonresp","DQ132","w5問32_事実項目32","naive",0.0024,0.00489,0.00514,0.0181,0.6407,0.9197,0.0003122,0.0006065,"equivalent",2682,963,2682,NA,NA,NA,NA,NA,FALSE,FALSE,"A",TRUE,FALSE,FALSE,FALSE
"exact","B_itemnonresp","DQ132","w5問32_事実項目32","sm",0.00171,0.00604,0.00645,0.013,0.7902,0.9291,0.002279,0.0044,"equivalent",2682,578,2682,NA,NA,NA,NA,NA,FALSE,FALSE,"A",TRUE,FALSE,FALSE,FALSE
"exact","B_itemnonresp","DQ132","w5問32_事実項目32","ssm",0.00295,0.00636,0.00681,0.0223,0.6653,0.9742,0.006136,0.01201,"equivalent",2347,493,2682,NA,NA,NA,NA,NA,FALSE,FALSE,"A",TRUE,FALSE,FALSE,FALSE
"exact","B_itemnonresp","DQ132","w5問32_事実項目32","ec",0.00415,0.00516,0.00545,0.0314,0.4463,0.9876,0.001831,0.002812,"equivalent",2682,963,2682,NA,NA,NA,NA,NA,FALSE,FALSE,"A",TRUE,FALSE,FALSE,FALSE
"exact","B_itemnonresp","DQ132","w5問32_事実項目32","ec_adj",0.00417,NA,0.00547,0.0315,0.4451,0.9937,0.001892,0.002946,"equivalent",2682,963,2682,NA,NA,NA,NA,NA,FALSE,FALSE,"A",TRUE,FALSE,FALSE,FALSE
"exact","B_itemnonresp","DQ133","w5問33_事実項目33","naive",-0.00412,0.00561,0.00584,-0.0282,0.4801,0.9197,0.003265,0.004459,"equivalent",2682,963,2682,NA,NA,NA,NA,NA,FALSE,FALSE,"A",TRUE,FALSE,FALSE,FALSE
"exact","B_itemnonresp","DQ133","w5問33_事実項目33","sm",-0.00965,0.00753,0.00809,-0.066,0.2328,0.9291,0.1003,0.1102,"undetermined",2682,578,2682,NA,NA,NA,NA,NA,FALSE,FALSE,"A",TRUE,FALSE,FALSE,FALSE
"exact","B_itemnonresp","DQ133","w5問33_事実項目33","ssm",-0.00602,0.00748,0.0082,-0.0412,0.4627,0.9038,0.04405,0.05441,"equivalent",2347,493,2682,NA,NA,NA,NA,NA,FALSE,FALSE,"A",TRUE,FALSE,FALSE,FALSE
"exact","B_itemnonresp","DQ133","w5問33_事実項目33","ec",-0.00477,0.00584,0.00574,-0.0326,0.4057,0.9853,0.003981,0.005309,"equivalent",2682,963,2682,NA,NA,NA,NA,NA,FALSE,FALSE,"A",TRUE,FALSE,FALSE,FALSE
"exact","B_itemnonresp","DQ133","w5問33_事実項目33","ec_adj",-0.00448,NA,0.00573,-0.0307,0.4344,0.9937,0.003385,0.004514,"equivalent",2682,963,2682,NA,NA,NA,NA,NA,FALSE,FALSE,"A",TRUE,FALSE,FALSE,FALSE
"exact","B_itemnonresp","DQ134","w5問34_事実項目34","naive",0.00139,0.00566,0.00567,0.0092,0.8064,0.9481,0.0005172,0.000905,"equivalent",2682,963,2682,NA,NA,NA,NA,NA,FALSE,FALSE,"A",TRUE,FALSE,FALSE,FALSE
"exact","B_itemnonresp","DQ134","w5問34_事実項目34","sm",0.00174,0.00685,0.0063,0.0115,0.7818,0.9291,0.001873,0.003955,"equivalent",2682,578,2682,NA,NA,NA,NA,NA,FALSE,FALSE,"A",TRUE,FALSE,FALSE,FALSE
"exact","B_itemnonresp","DQ134","w5問34_事実項目34","ssm",-5e-05,0.00764,0.00744,-4e-04,0.9942,0.9944,0.003671,0.008418,"equivalent",2347,493,2682,NA,NA,NA,NA,NA,FALSE,FALSE,"A",TRUE,FALSE,FALSE,FALSE
"exact","B_itemnonresp","DQ134","w5問34_事実項目34","ec",0.0018,0.00596,0.00595,0.0119,0.7618,0.9876,0.001117,0.002047,"equivalent",2682,963,2682,NA,NA,NA,NA,NA,FALSE,FALSE,"A",TRUE,FALSE,FALSE,FALSE
"exact","B_itemnonresp","DQ134","w5問34_事実項目34","ec_adj",0.00198,NA,0.00594,0.013,0.7394,0.9937,0.0012,0.002112,"equivalent",2682,963,2682,NA,NA,NA,NA,NA,FALSE,FALSE,"A",TRUE,FALSE,FALSE,FALSE
"exact","B_itemnonresp","DQ135","w5問35_事実項目35","naive",0.00288,0.00571,0.00582,0.0187,0.6204,0.9197,0.001632,0.002469,"equivalent",2682,963,2682,NA,NA,NA,NA,NA,FALSE,FALSE,"A",TRUE,FALSE,FALSE,FALSE
"exact","B_itemnonresp","DQ135","w5問35_事実項目35","sm",0.00497,0.00668,0.00663,0.0322,0.4539,0.9291,0.01168,0.01557,"equivalent",2682,578,2682,NA,NA,NA,NA,NA,FALSE,FALSE,"A",TRUE,FALSE,FALSE,FALSE
"exact","B_itemnonresp","DQ135","w5問35_事実項目35","ssm",0.00603,0.00682,0.0072,0.0392,0.402,0.9038,0.02613,0.03658,"equivalent",2347,493,2682,NA,NA,NA,NA,NA,FALSE,FALSE,"A",TRUE,FALSE,FALSE,FALSE
"exact","B_itemnonresp","DQ135","w5問35_事実項目35","ec",0.00205,0.00599,0.00621,0.0133,0.7418,0.9876,0.001917,0.002812,"equivalent",2682,963,2682,NA,NA,NA,NA,NA,FALSE,FALSE,"A",TRUE,FALSE,FALSE,FALSE
"exact","B_itemnonresp","DQ135","w5問35_事実項目35","ec_adj",0.0018,NA,0.00626,0.0117,0.7743,0.9937,0.001833,0.002946,"equivalent",2682,963,2682,NA,NA,NA,NA,NA,FALSE,FALSE,"A",TRUE,FALSE,FALSE,FALSE
"exact","B_itemnonresp","DQ136","w5問36_労働時間36","naive",0,0,0,NA,NA,NA,0,0,"n/a (no variation)",2593,930,2508,NA,NA,NA,NA,NA,FALSE,FALSE,"A",TRUE,FALSE,FALSE,FALSE
"exact","B_itemnonresp","DQ136","w5問36_労働時間36","sm",0,0,0,NA,NA,NA,0,0,"n/a (no variation)",2593,554,2508,NA,NA,NA,NA,NA,FALSE,FALSE,"A",TRUE,FALSE,FALSE,FALSE
"exact","B_itemnonresp","DQ136","w5問36_労働時間36","ssm",0,0,0,NA,NA,NA,0,0,"n/a (no variation)",2267,471,2508,NA,NA,NA,NA,NA,FALSE,FALSE,"A",TRUE,FALSE,FALSE,FALSE
"exact","B_itemnonresp","DQ136","w5問36_労働時間36","ec",0,0,0,NA,NA,NA,0,0,"n/a (no variation)",2593,930,2508,NA,NA,NA,NA,NA,FALSE,FALSE,"A",TRUE,FALSE,FALSE,FALSE
"exact","B_itemnonresp","DQ136","w5問36_労働時間36","ec_adj",0,NA,0,NA,NA,NA,0,0,"n/a (no variation)",2593,930,2508,NA,NA,NA,NA,NA,FALSE,FALSE,"A",TRUE,FALSE,FALSE,FALSE
"exact","B_itemnonresp","DQ137","w5問37_労働時間37","naive",0,0,0,NA,NA,NA,0,0,"n/a (no variation)",2604,936,2524,NA,NA,NA,NA,NA,FALSE,FALSE,"A",TRUE,FALSE,FALSE,FALSE
"exact","B_itemnonresp","DQ137","w5問37_労働時間37","sm",0,0,0,NA,NA,NA,0,0,"n/a (no variation)",2604,563,2524,NA,NA,NA,NA,NA,FALSE,FALSE,"A",TRUE,FALSE,FALSE,FALSE
"exact","B_itemnonresp","DQ137","w5問37_労働時間37","ssm",0,0,0,NA,NA,NA,0,0,"n/a (no variation)",2273,479,2524,NA,NA,NA,NA,NA,FALSE,FALSE,"A",TRUE,FALSE,FALSE,FALSE
"exact","B_itemnonresp","DQ137","w5問37_労働時間37","ec",0,0,0,NA,NA,NA,0,0,"n/a (no variation)",2604,936,2524,NA,NA,NA,NA,NA,FALSE,FALSE,"A",TRUE,FALSE,FALSE,FALSE
"exact","B_itemnonresp","DQ137","w5問37_労働時間37","ec_adj",0,NA,0,NA,NA,NA,0,0,"n/a (no variation)",2604,936,2524,NA,NA,NA,NA,NA,FALSE,FALSE,"A",TRUE,FALSE,FALSE,FALSE
"exact","B_itemnonresp","DQ138","w5問38_労働時間38","naive",0,0,0,NA,NA,NA,0,0,"n/a (no variation)",2605,926,2521,NA,NA,NA,NA,NA,FALSE,FALSE,"A",TRUE,FALSE,FALSE,FALSE
"exact","B_itemnonresp","DQ138","w5問38_労働時間38","sm",0,0,0,NA,NA,NA,0,0,"n/a (no variation)",2605,556,2521,NA,NA,NA,NA,NA,FALSE,FALSE,"A",TRUE,FALSE,FALSE,FALSE
"exact","B_itemnonresp","DQ138","w5問38_労働時間38","ssm",0,0,0,NA,NA,NA,0,0,"n/a (no variation)",2281,472,2521,NA,NA,NA,NA,NA,FALSE,FALSE,"A",TRUE,FALSE,FALSE,FALSE
"exact","B_itemnonresp","DQ138","w5問38_労働時間38","ec",0,0,0,NA,NA,NA,0,0,"n/a (no variation)",2605,926,2521,NA,NA,NA,NA,NA,FALSE,FALSE,"A",TRUE,FALSE,FALSE,FALSE
"exact","B_itemnonresp","DQ138","w5問38_労働時間38","ec_adj",0,NA,0,NA,NA,NA,0,0,"n/a (no variation)",2605,926,2521,NA,NA,NA,NA,NA,FALSE,FALSE,"A",TRUE,FALSE,FALSE,FALSE
"exact","B_itemnonresp","DQ139","w5問39_労働時間39","naive",0,0,0,NA,NA,NA,0,0,"n/a (no variation)",2611,921,2524,NA,NA,NA,NA,NA,FALSE,FALSE,"A",TRUE,FALSE,FALSE,FALSE
"exact","B_itemnonresp","DQ139","w5問39_労働時間39","sm",0,0,0,NA,NA,NA,0,0,"n/a (no variation)",2611,556,2524,NA,NA,NA,NA,NA,FALSE,FALSE,"A",TRUE,FALSE,FALSE,FALSE
"exact","B_itemnonresp","DQ139","w5問39_労働時間39","ssm",0,0,0,NA,NA,NA,0,0,"n/a (no variation)",2280,475,2524,NA,NA,NA,NA,NA,FALSE,FALSE,"A",TRUE,FALSE,FALSE,FALSE
"exact","B_itemnonresp","DQ139","w5問39_労働時間39","ec",0,0,0,NA,NA,NA,0,0,"n/a (no variation)",2611,921,2524,NA,NA,NA,NA,NA,FALSE,FALSE,"A",TRUE,FALSE,FALSE,FALSE
"exact","B_itemnonresp","DQ139","w5問39_労働時間39","ec_adj",0,NA,0,NA,NA,NA,0,0,"n/a (no variation)",2611,921,2524,NA,NA,NA,NA,NA,FALSE,FALSE,"A",TRUE,FALSE,FALSE,FALSE
"exact","B_itemnonresp","DQ140","w5問40_労働時間40","naive",0,0,0,NA,NA,NA,0,0,"n/a (no variation)",2612,941,2542,NA,NA,NA,NA,NA,FALSE,FALSE,"A",TRUE,FALSE,FALSE,FALSE
"exact","B_itemnonresp","DQ140","w5問40_労働時間40","sm",0,0,0,NA,NA,NA,0,0,"n/a (no variation)",2612,569,2542,NA,NA,NA,NA,NA,FALSE,FALSE,"A",TRUE,FALSE,FALSE,FALSE
"exact","B_itemnonresp","DQ140","w5問40_労働時間40","ssm",0,0,0,NA,NA,NA,0,0,"n/a (no variation)",2284,486,2542,NA,NA,NA,NA,NA,FALSE,FALSE,"A",TRUE,FALSE,FALSE,FALSE
"exact","B_itemnonresp","DQ140","w5問40_労働時間40","ec",0,0,0,NA,NA,NA,0,0,"n/a (no variation)",2612,941,2542,NA,NA,NA,NA,NA,FALSE,FALSE,"A",TRUE,FALSE,FALSE,FALSE
"exact","B_itemnonresp","DQ140","w5問40_労働時間40","ec_adj",0,NA,0,NA,NA,NA,0,0,"n/a (no variation)",2612,941,2542,NA,NA,NA,NA,NA,FALSE,FALSE,"A",TRUE,FALSE,FALSE,FALSE
"exact","B_itemnonresp","DQ02","w5_就業","naive",0,0,0,NA,NA,NA,0,0,"n/a (no variation)",2682,963,0,NA,NA,NA,NA,NA,FALSE,FALSE,"A",TRUE,FALSE,FALSE,FALSE
"exact","B_itemnonresp","DQ02","w5_就業","sm",0,0,0,NA,NA,NA,0,0,"n/a (no variation)",2682,578,0,NA,NA,NA,NA,NA,FALSE,FALSE,"A",TRUE,FALSE,FALSE,FALSE
"exact","B_itemnonresp","DQ02","w5_就業","ssm",0,0,0,NA,NA,NA,0,0,"n/a (no variation)",2347,493,0,NA,NA,NA,NA,NA,FALSE,FALSE,"A",TRUE,FALSE,FALSE,FALSE
"exact","B_itemnonresp","DQ43__1","w5問43_婚姻: 既婚","naive",0,0,0,NA,NA,NA,0,0,"n/a (no variation)",2682,963,2682,NA,NA,NA,NA,NA,FALSE,FALSE,"A",TRUE,FALSE,FALSE,FALSE
"exact","B_itemnonresp","DQ43__1","w5問43_婚姻: 既婚","sm",0,0,0,NA,NA,NA,0,0,"n/a (no variation)",2682,578,2682,NA,NA,NA,NA,NA,FALSE,FALSE,"A",TRUE,FALSE,FALSE,FALSE
"exact","B_itemnonresp","DQ43__1","w5問43_婚姻: 既婚","ssm",0,0,0,NA,NA,NA,0,0,"n/a (no variation)",2347,493,2682,NA,NA,NA,NA,NA,FALSE,FALSE,"A",TRUE,FALSE,FALSE,FALSE
"exact","B_itemnonresp","DQ43__1","w5問43_婚姻: 既婚","ec",0,0,0,NA,NA,NA,0,0,"n/a (no variation)",2682,963,2682,NA,NA,NA,NA,NA,FALSE,FALSE,"A",TRUE,FALSE,FALSE,FALSE
"exact","B_itemnonresp","DQ43__1","w5問43_婚姻: 既婚","ec_adj",0,NA,0,NA,NA,NA,0,0,"n/a (no variation)",2682,963,2682,NA,NA,NA,NA,NA,FALSE,FALSE,"A",TRUE,FALSE,FALSE,FALSE
"exact","B_itemnonresp","DQ15","w5問15_喫煙","naive",0.00605,0.00488,0.00488,0.0448,0.2155,0.9197,0.002142,0.003076,"equivalent",2682,963,2682,NA,NA,NA,NA,NA,FALSE,FALSE,"A",TRUE,FALSE,FALSE,FALSE
"exact","B_itemnonresp","DQ15","w5問15_喫煙","sm",0.00778,0.00562,0.00505,0.0576,0.1231,0.9291,0.007777,0.01089,"equivalent",2682,578,2682,NA,NA,NA,NA,NA,FALSE,FALSE,"A",TRUE,FALSE,FALSE,FALSE
"exact","B_itemnonresp","DQ15","w5問15_喫煙","ssm",0.00508,0.00643,0.00561,0.0376,0.3655,0.9038,0.003908,0.008418,"equivalent",2347,493,2682,NA,NA,NA,NA,NA,FALSE,FALSE,"A",TRUE,FALSE,FALSE,FALSE
"exact","B_itemnonresp","DQ15","w5問15_喫煙","ec",0.00459,0.00519,0.00525,0.034,0.3819,0.9853,0.001655,0.002697,"equivalent",2682,963,2682,NA,NA,NA,NA,NA,FALSE,FALSE,"A",TRUE,FALSE,FALSE,FALSE
"exact","B_itemnonresp","DQ15","w5問15_喫煙","ec_adj",0.00471,NA,0.00535,0.0348,0.379,0.9937,0.002129,0.003022,"equivalent",2682,963,2682,NA,NA,NA,NA,NA,FALSE,FALSE,"A",TRUE,FALSE,FALSE,FALSE
"exact","B_itemnonresp","DQ30__1","w5問30_支持政党: 自民党","naive",-0.00191,0.00502,0.00502,-0.0145,0.7032,0.9197,0.0001581,0.0003542,"equivalent",2682,963,2682,NA,NA,NA,NA,NA,FALSE,FALSE,"A",TRUE,FALSE,FALSE,FALSE
"exact","B_itemnonresp","DQ30__1","w5問30_支持政党: 自民党","sm",-0.00225,0.00621,0.00721,-0.0171,0.7546,0.9291,0.0069,0.009995,"equivalent",2682,578,2682,NA,NA,NA,NA,NA,FALSE,FALSE,"A",TRUE,FALSE,FALSE,FALSE
"exact","B_itemnonresp","DQ30__1","w5問30_支持政党: 自民党","ssm",-0.00547,0.00647,0.00728,-0.0415,0.4522,0.9038,0.023,0.03303,"equivalent",2347,493,2682,NA,NA,NA,NA,NA,FALSE,FALSE,"A",TRUE,FALSE,FALSE,FALSE
"exact","B_itemnonresp","DQ30__1","w5問30_支持政党: 自民党","ec",-0.00128,0.00529,0.00538,-0.0097,0.8121,0.9876,0.0002522,0.0005839,"equivalent",2682,963,2682,NA,NA,NA,NA,NA,FALSE,FALSE,"A",TRUE,FALSE,FALSE,FALSE
"exact","B_itemnonresp","DQ30__1","w5問30_支持政党: 自民党","ec_adj",-0.00129,NA,0.00533,-0.0098,0.8088,0.9937,0.0002239,0.0005186,"equivalent",2682,963,2682,NA,NA,NA,NA,NA,FALSE,FALSE,"A",TRUE,FALSE,FALSE,FALSE
"exact","B_itemnonresp","DQ03_1__1","w5問3(1)_現職・働き方: 経営者、役員","naive",0.00619,0.00743,0.00631,0.0425,0.3265,0.9197,0.01427,0.01636,"equivalent",1374,485,656,NA,NA,NA,NA,NA,FALSE,FALSE,"C",TRUE,FALSE,FALSE,FALSE
"exact","B_itemnonresp","DQ03_1__1","w5問3(1)_現職・働き方: 経営者、役員","sm",0.00682,0.00899,0.00802,0.0469,0.3946,0.9291,0.05011,0.05846,"equivalent",1374,279,656,NA,NA,NA,NA,NA,FALSE,FALSE,"C",TRUE,FALSE,FALSE,FALSE
"exact","B_itemnonresp","DQ03_1__1","w5問3(1)_現職・働き方: 経営者、役員","ssm",0.00284,0.01046,0.00969,0.0195,0.7694,0.9944,0.03822,0.04977,"equivalent",1198,234,656,NA,NA,NA,NA,NA,FALSE,FALSE,"C",TRUE,FALSE,FALSE,FALSE
"exact","B_itemnonresp","DQ03_1__1","w5問3(1)_現職・働き方: 経営者、役員","ec",0.00942,0.00775,0.00665,0.0647,0.1565,0.8866,0.05591,0.06203,"equivalent",1374,485,656,NA,NA,NA,NA,NA,FALSE,FALSE,"C",TRUE,FALSE,FALSE,FALSE
"exact","B_itemnonresp","DQ03_1__1","w5問3(1)_現職・働き方: 経営者、役員","ec_adj",0.00919,NA,0.00654,0.0631,0.1599,0.9165,0.04904,0.05533,"equivalent",1374,485,656,NA,NA,NA,NA,NA,FALSE,FALSE,"C",TRUE,FALSE,FALSE,FALSE
"exact","B_itemnonresp","DQ03_2__1","w5問3(2)_現職・職業―大分類(プリコード): 専門職・技術職","naive",-0.00346,0.00836,0.00756,-0.0221,0.6477,0.9197,0.01432,0.01636,"equivalent",1377,487,658,NA,NA,NA,NA,NA,FALSE,FALSE,"C",TRUE,FALSE,FALSE,FALSE
"exact","B_itemnonresp","DQ03_2__1","w5問3(2)_現職・職業―大分類(プリコード): 専門職・技術職","sm",-0.00879,0.01128,0.01002,-0.0563,0.3804,0.9291,0.1316,0.1418,"undetermined",1377,281,658,NA,NA,NA,NA,NA,FALSE,FALSE,"C",TRUE,FALSE,FALSE,FALSE
"exact","B_itemnonresp","DQ03_2__1","w5問3(2)_現職・職業―大分類(プリコード): 専門職・技術職","ssm",-0.0081,0.01188,0.01146,-0.0519,0.4796,0.9038,0.1496,0.1611,"undetermined",1199,235,658,NA,NA,NA,NA,NA,FALSE,FALSE,"C",TRUE,FALSE,FALSE,FALSE
"exact","B_itemnonresp","DQ03_2__1","w5問3(2)_現職・職業―大分類(プリコード): 専門職・技術職","ec",-0.00205,0.00917,0.00791,-0.0131,0.7954,0.9876,0.01159,0.01416,"equivalent",1377,487,658,NA,NA,NA,NA,NA,FALSE,FALSE,"C",TRUE,FALSE,FALSE,FALSE
"exact","B_itemnonresp","DQ03_2__1","w5問3(2)_現職・職業―大分類(プリコード): 専門職・技術職","ec_adj",-0.0022,NA,0.00817,-0.0141,0.7873,0.9937,0.01472,0.01799,"equivalent",1377,487,658,NA,NA,NA,NA,NA,FALSE,FALSE,"C",TRUE,FALSE,FALSE,FALSE
"exact","B_itemnonresp","DQ42_A","w5問42_健康保険―A","naive",0,0,0,NA,NA,NA,0,0,"n/a (no variation)",2416,862,0,NA,NA,NA,NA,NA,FALSE,FALSE,"",FALSE,FALSE,FALSE,FALSE
"exact","B_itemnonresp","DQ42_A","w5問42_健康保険―A","sm",0,0,0,NA,NA,NA,0,0,"n/a (no variation)",2416,515,0,NA,NA,NA,NA,NA,FALSE,FALSE,"",FALSE,FALSE,FALSE,FALSE
"exact","B_itemnonresp","DQ42_A","w5問42_健康保険―A","ssm",0,0,0,NA,NA,NA,0,0,"n/a (no variation)",2118,441,0,NA,NA,NA,NA,NA,FALSE,FALSE,"",FALSE,FALSE,FALSE,FALSE
"exact","B_itemnonresp","DQ42_B","w5問42_健康保険―B","naive",0,0,0,NA,NA,NA,0,0,"n/a (no variation)",2416,862,0,NA,NA,NA,NA,NA,FALSE,FALSE,"",FALSE,FALSE,FALSE,FALSE
"exact","B_itemnonresp","DQ42_B","w5問42_健康保険―B","sm",0,0,0,NA,NA,NA,0,0,"n/a (no variation)",2416,515,0,NA,NA,NA,NA,NA,FALSE,FALSE,"",FALSE,FALSE,FALSE,FALSE
"exact","B_itemnonresp","DQ42_B","w5問42_健康保険―B","ssm",0,0,0,NA,NA,NA,0,0,"n/a (no variation)",2118,441,0,NA,NA,NA,NA,NA,FALSE,FALSE,"",FALSE,FALSE,FALSE,FALSE
"exact","B_itemnonresp","DQ57A","w5問57A_起床_時刻の回答形式","naive",0,0,0,NA,NA,NA,0,0,"n/a (no variation)",2682,963,2651,NA,NA,NA,NA,NA,FALSE,FALSE,"B",TRUE,FALSE,FALSE,FALSE
"exact","B_itemnonresp","DQ57A","w5問57A_起床_時刻の回答形式","sm",0,0,0,NA,NA,NA,0,0,"n/a (no variation)",2682,578,2651,NA,NA,NA,NA,NA,FALSE,FALSE,"B",TRUE,FALSE,FALSE,FALSE
"exact","B_itemnonresp","DQ57A","w5問57A_起床_時刻の回答形式","ssm",0,0,0,NA,NA,NA,0,0,"n/a (no variation)",2347,493,2651,NA,NA,NA,NA,NA,FALSE,FALSE,"B",TRUE,FALSE,FALSE,FALSE
"exact","B_itemnonresp","DQ57A","w5問57A_起床_時刻の回答形式","ec",0,0,0,NA,NA,NA,0,0,"n/a (no variation)",2682,963,2651,NA,NA,NA,NA,NA,FALSE,FALSE,"B",TRUE,FALSE,FALSE,FALSE
"exact","B_itemnonresp","DQ57A","w5問57A_起床_時刻の回答形式","ec_adj",0,NA,0,NA,NA,NA,0,0,"n/a (no variation)",2682,963,2651,NA,NA,NA,NA,NA,FALSE,FALSE,"B",TRUE,FALSE,FALSE,FALSE
"exact","B_itemnonresp","DQ57B__1","w5問57B_家を出る_時刻の回答形式: だいたい午前／午後×時○分ころ","naive",0,0,0,NA,NA,NA,0,0,"n/a (no variation)",2682,963,2682,NA,NA,NA,NA,NA,FALSE,FALSE,"B",TRUE,FALSE,FALSE,FALSE
"exact","B_itemnonresp","DQ57B__1","w5問57B_家を出る_時刻の回答形式: だいたい午前／午後×時○分ころ","sm",0,0,0,NA,NA,NA,0,0,"n/a (no variation)",2682,578,2682,NA,NA,NA,NA,NA,FALSE,FALSE,"B",TRUE,FALSE,FALSE,FALSE
"exact","B_itemnonresp","DQ57B__1","w5問57B_家を出る_時刻の回答形式: だいたい午前／午後×時○分ころ","ssm",0,0,0,NA,NA,NA,0,0,"n/a (no variation)",2347,493,2682,NA,NA,NA,NA,NA,FALSE,FALSE,"B",TRUE,FALSE,FALSE,FALSE
"exact","B_itemnonresp","DQ57B__1","w5問57B_家を出る_時刻の回答形式: だいたい午前／午後×時○分ころ","ec",0,0,0,NA,NA,NA,0,0,"n/a (no variation)",2682,963,2682,NA,NA,NA,NA,NA,FALSE,FALSE,"B",TRUE,FALSE,FALSE,FALSE
"exact","B_itemnonresp","DQ57B__1","w5問57B_家を出る_時刻の回答形式: だいたい午前／午後×時○分ころ","ec_adj",0,NA,0,NA,NA,NA,0,0,"n/a (no variation)",2682,963,2682,NA,NA,NA,NA,NA,FALSE,FALSE,"B",TRUE,FALSE,FALSE,FALSE
"exact","B_itemnonresp","DQ57C__1","w5問57C_帰宅_時刻の回答形式: だいたい午前／午後×時○分ころ","naive",0,0,0,NA,NA,NA,0,0,"n/a (no variation)",2682,963,2682,NA,NA,NA,NA,NA,FALSE,FALSE,"B",TRUE,FALSE,FALSE,FALSE
"exact","B_itemnonresp","DQ57C__1","w5問57C_帰宅_時刻の回答形式: だいたい午前／午後×時○分ころ","sm",0,0,0,NA,NA,NA,0,0,"n/a (no variation)",2682,578,2682,NA,NA,NA,NA,NA,FALSE,FALSE,"B",TRUE,FALSE,FALSE,FALSE
"exact","B_itemnonresp","DQ57C__1","w5問57C_帰宅_時刻の回答形式: だいたい午前／午後×時○分ころ","ssm",0,0,0,NA,NA,NA,0,0,"n/a (no variation)",2347,493,2682,NA,NA,NA,NA,NA,FALSE,FALSE,"B",TRUE,FALSE,FALSE,FALSE
"exact","B_itemnonresp","DQ57C__1","w5問57C_帰宅_時刻の回答形式: だいたい午前／午後×時○分ころ","ec",0,0,0,NA,NA,NA,0,0,"n/a (no variation)",2682,963,2682,NA,NA,NA,NA,NA,FALSE,FALSE,"B",TRUE,FALSE,FALSE,FALSE
"exact","B_itemnonresp","DQ57C__1","w5問57C_帰宅_時刻の回答形式: だいたい午前／午後×時○分ころ","ec_adj",0,NA,0,NA,NA,NA,0,0,"n/a (no variation)",2682,963,2682,NA,NA,NA,NA,NA,FALSE,FALSE,"B",TRUE,FALSE,FALSE,FALSE
"exact","B_itemnonresp","DQ57D","w5問57D_就寝_時刻の回答形式","naive",0,0,0,NA,NA,NA,0,0,"n/a (no variation)",2682,963,2645,NA,NA,NA,NA,NA,FALSE,FALSE,"B",TRUE,FALSE,FALSE,FALSE
"exact","B_itemnonresp","DQ57D","w5問57D_就寝_時刻の回答形式","sm",0,0,0,NA,NA,NA,0,0,"n/a (no variation)",2682,578,2645,NA,NA,NA,NA,NA,FALSE,FALSE,"B",TRUE,FALSE,FALSE,FALSE
"exact","B_itemnonresp","DQ57D","w5問57D_就寝_時刻の回答形式","ssm",0,0,0,NA,NA,NA,0,0,"n/a (no variation)",2347,493,2645,NA,NA,NA,NA,NA,FALSE,FALSE,"B",TRUE,FALSE,FALSE,FALSE
"exact","B_itemnonresp","DQ57D","w5問57D_就寝_時刻の回答形式","ec",0,0,0,NA,NA,NA,0,0,"n/a (no variation)",2682,963,2645,NA,NA,NA,NA,NA,FALSE,FALSE,"B",TRUE,FALSE,FALSE,FALSE
"exact","B_itemnonresp","DQ57D","w5問57D_就寝_時刻の回答形式","ec_adj",0,NA,0,NA,NA,NA,0,0,"n/a (no variation)",2682,963,2645,NA,NA,NA,NA,NA,FALSE,FALSE,"B",TRUE,FALSE,FALSE,FALSE
"exact","B_itemnonresp","DQ03_5E","w5問3(5)-5_収入の形態―年俸","naive",0,0,0,NA,NA,NA,0,0,"n/a (no variation)",2682,963,0,NA,NA,NA,NA,NA,FALSE,FALSE,"",FALSE,FALSE,FALSE,FALSE
"exact","B_itemnonresp","DQ03_5E","w5問3(5)-5_収入の形態―年俸","sm",0,0,0,NA,NA,NA,0,0,"n/a (no variation)",2682,578,0,NA,NA,NA,NA,NA,FALSE,FALSE,"",FALSE,FALSE,FALSE,FALSE
"exact","B_itemnonresp","DQ03_5E","w5問3(5)-5_収入の形態―年俸","ssm",0,0,0,NA,NA,NA,0,0,"n/a (no variation)",2347,493,0,NA,NA,NA,NA,NA,FALSE,FALSE,"",FALSE,FALSE,FALSE,FALSE
"exact","B_itemnonresp","DQ03_5ES","w5問3(5)-5_収入の金額―年俸","naive",0,0,0,NA,NA,NA,0,0,"n/a (no variation)",698,246,0,NA,NA,NA,NA,NA,FALSE,FALSE,"",FALSE,FALSE,FALSE,FALSE
"exact","B_itemnonresp","DQ03_5ES","w5問3(5)-5_収入の金額―年俸","sm",0,0,0,NA,NA,NA,0,0,"n/a (no variation)",698,142,0,NA,NA,NA,NA,NA,FALSE,FALSE,"",FALSE,FALSE,FALSE,FALSE
"exact","B_itemnonresp","DQ03_5ES","w5問3(5)-5_収入の金額―年俸","ssm",0,0,0,NA,NA,NA,0,0,"n/a (no variation)",609,123,0,NA,NA,NA,NA,NA,FALSE,FALSE,"",FALSE,FALSE,FALSE,FALSE
"exact","B_itemnonresp","DQ03_13","w5問3(13)_現在の会社で当面仕事を続けるか","naive",-0.00317,0.00784,0.00812,-0.0219,0.6958,0.9197,0.0191,0.02097,"equivalent",1361,478,649,NA,NA,NA,NA,NA,FALSE,FALSE,"C",TRUE,FALSE,FALSE,FALSE
"exact","B_itemnonresp","DQ03_13","w5問3(13)_現在の会社で当面仕事を続けるか","sm",-0.00925,0.01083,0.01178,-0.0639,0.4321,0.9291,0.1807,0.191,"undetermined",1361,275,649,NA,NA,NA,NA,NA,FALSE,FALSE,"C",TRUE,FALSE,FALSE,FALSE
"exact","B_itemnonresp","DQ03_13","w5問3(13)_現在の会社で当面仕事を続けるか","ssm",-0.00673,0.01127,0.01129,-0.0464,0.5511,0.9038,0.1198,0.1315,"undetermined",1188,230,649,NA,NA,NA,NA,NA,FALSE,FALSE,"C",TRUE,FALSE,FALSE,FALSE
"exact","B_itemnonresp","DQ03_13","w5問3(13)_現在の会社で当面仕事を続けるか","ec",-0.0119,0.00908,0.00833,-0.0821,0.153,0.8866,0.1654,0.1693,"undetermined",1361,478,649,NA,NA,NA,NA,NA,FALSE,FALSE,"C",TRUE,FALSE,FALSE,FALSE
"exact","B_itemnonresp","DQ03_13","w5問3(13)_現在の会社で当面仕事を続けるか","ec_adj",-0.01165,NA,0.00832,-0.0804,0.1617,0.9165,0.1577,0.1614,"undetermined",1361,478,649,NA,NA,NA,NA,NA,FALSE,FALSE,"C",TRUE,FALSE,FALSE,FALSE
"exact","B_itemnonresp","DQ17A","w5問17A_中3時の父親の喫煙","naive",-0.00423,0.00578,0.0048,-0.0288,0.3779,0.9197,0.0005096,0.000905,"equivalent",2564,912,0,NA,NA,NA,NA,NA,FALSE,FALSE,"",FALSE,FALSE,FALSE,FALSE
"exact","B_itemnonresp","DQ17A","w5問17A_中3時の父親の喫煙","sm",-0.00383,0.00707,0.00724,-0.0261,0.5968,0.9291,0.01281,0.01668,"equivalent",2564,548,0,NA,NA,NA,NA,NA,FALSE,FALSE,"",FALSE,FALSE,FALSE,FALSE
"exact","B_itemnonresp","DQ17A","w5問17A_中3時の父親の喫煙","ssm",-0.00609,0.00789,0.00822,-0.0415,0.4589,0.9038,0.04527,0.05441,"equivalent",2244,467,0,NA,NA,NA,NA,NA,FALSE,FALSE,"",FALSE,FALSE,FALSE,FALSE
"exact","B_dk","DQ101","w5問1_意識項目1","naive",-0.02255,0.00778,0.00954,-0.1157,0.0181,0.02069,0.6052,0.9967,"affected",2682,963,2682,NA,NA,NA,NA,NA,FALSE,FALSE,"A",TRUE,FALSE,FALSE,FALSE
"exact","B_dk","DQ101","w5問1_意識項目1","sm",-0.01492,0.00905,0.01003,-0.0766,0.137,0.1461,0.3061,0.6349,"undetermined",2682,578,2682,NA,NA,NA,NA,NA,FALSE,FALSE,"A",TRUE,FALSE,FALSE,FALSE
"exact","B_dk","DQ101","w5問1_意識項目1","ssm",-0.0148,0.00995,0.01038,-0.076,0.1538,0.164,0.3081,0.639,"undetermined",2347,493,2682,NA,NA,NA,NA,NA,FALSE,FALSE,"A",TRUE,FALSE,FALSE,FALSE
"exact","B_dk","DQ101","w5問1_意識項目1","ec",-0.02016,0.00825,0.01002,-0.1035,0.04426,0.05195,0.5064,0.9394,"affected",2682,963,2682,NA,NA,NA,NA,NA,FALSE,FALSE,"A",TRUE,FALSE,FALSE,FALSE
"exact","B_dk","DQ101","w5問1_意識項目1","ec_adj",-0.0203,NA,0.01001,-0.1042,0.0426,0.05,0.5118,0.9383,"affected",2682,963,2682,NA,NA,NA,NA,NA,FALSE,FALSE,"A",TRUE,FALSE,FALSE,FALSE
"exact","B_dk","DQ102","w5問2_意識項目2","naive",-0.03053,0.00857,0.00826,-0.143,0.0002198,0.0004586,0.8988,0.9967,"affected",2682,963,2682,NA,NA,NA,NA,NA,FALSE,FALSE,"A",TRUE,FALSE,FALSE,FALSE
"exact","B_dk","DQ102","w5問2_意識項目2","sm",-0.02428,0.01025,0.00995,-0.1137,0.01471,0.02046,0.6665,0.9892,"affected",2682,578,2682,NA,NA,NA,NA,NA,FALSE,FALSE,"A",TRUE,FALSE,FALSE,FALSE
"exact","B_dk","DQ102","w5問2_意識項目2","ssm",-0.03007,0.01155,0.01195,-0.1409,0.01186,0.01898,0.8003,0.9877,"affected",2347,493,2682,NA,NA,NA,NA,NA,FALSE,FALSE,"A",TRUE,FALSE,FALSE,FALSE
"exact","B_dk","DQ102","w5問2_意識項目2","ec",-0.03507,0.00899,0.00919,-0.1643,0.0001355,0.0003657,0.9495,0.998,"affected",2682,963,2682,NA,NA,NA,NA,NA,FALSE,FALSE,"A",TRUE,FALSE,FALSE,FALSE
"exact","B_dk","DQ102","w5問2_意識項目2","ec_adj",-0.03432,NA,0.00916,-0.1608,0.0001785,0.0004819,0.9411,0.9979,"affected",2682,963,2682,NA,NA,NA,NA,NA,FALSE,FALSE,"A",TRUE,FALSE,FALSE,FALSE
"exact","B_dk","DQ103","w5問3_意識項目3","naive",-0.03123,0.00825,0.00715,-0.1533,1.271e-05,5.083e-05,0.9417,0.9967,"affected",2682,963,2682,NA,NA,NA,NA,NA,FALSE,FALSE,"D",FALSE,FALSE,FALSE,FALSE
"exact","B_dk","DQ103","w5問3_意識項目3","sm",-0.04124,0.01104,0.00924,-0.2025,8.164e-06,0.0002101,0.9892,0.9892,"affected",2682,578,2682,NA,NA,NA,NA,NA,FALSE,FALSE,"D",FALSE,FALSE,FALSE,FALSE
"exact","B_dk","DQ103","w5問3_意識項目3","ssm",-0.04127,0.01192,0.01136,-0.2027,0.0002815,0.002252,0.9694,0.9877,"affected",2347,493,2682,NA,NA,NA,NA,NA,FALSE,FALSE,"D",FALSE,FALSE,FALSE,FALSE
"exact","B_dk","DQ103","w5問3_意識項目3","ec",-0.03033,0.00876,0.00809,-0.149,0.0001757,NA,0.8994,NA,"excluded (entry-wave class D)",2682,963,2682,NA,NA,NA,NA,NA,FALSE,TRUE,"D",FALSE,FALSE,FALSE,FALSE
"exact","B_dk","DQ103","w5問3_意識項目3","ec_adj",-0.03021,NA,0.00808,-0.1483,0.0001842,NA,0.8968,NA,"excluded (entry-wave class D)",2682,963,2682,NA,NA,NA,NA,NA,FALSE,TRUE,"D",FALSE,FALSE,FALSE,FALSE
"exact","B_dk","DQ104","w5問4_意識項目4","naive",-0.01823,0.0077,0.00838,-0.0935,0.02951,0.03148,0.4164,0.8636,"affected",2682,963,2682,NA,NA,NA,NA,NA,FALSE,FALSE,"A",TRUE,FALSE,FALSE,FALSE
"exact","B_dk","DQ104","w5問4_意識項目4","sm",-0.02306,0.00995,0.01034,-0.1182,0.02579,0.03056,0.6163,0.9892,"affected",2682,578,2682,NA,NA,NA,NA,NA,FALSE,FALSE,"A",TRUE,FALSE,FALSE,FALSE
"exact","B_dk","DQ104","w5問4_意識項目4","ssm",-0.02815,0.01119,0.01225,-0.1443,0.02163,0.0293,0.7469,0.9877,"affected",2347,493,2682,NA,NA,NA,NA,NA,FALSE,FALSE,"A",TRUE,FALSE,FALSE,FALSE
"exact","B_dk","DQ104","w5問4_意識項目4","ec",-0.01938,0.0082,0.00827,-0.0993,0.01909,0.02455,0.4701,0.9394,"affected",2682,963,2682,NA,NA,NA,NA,NA,FALSE,FALSE,"A",TRUE,FALSE,FALSE,FALSE
"exact","B_dk","DQ104","w5問4_意識項目4","ec_adj",-0.01916,NA,0.00838,-0.0982,0.0223,0.02867,0.4599,0.9197,"affected",2682,963,2682,NA,NA,NA,NA,NA,FALSE,FALSE,"A",TRUE,FALSE,FALSE,FALSE
"exact","B_dk","DQ105","w5問5_意識項目5","naive",-0.03687,0.00844,0.00807,-0.1787,4.839e-06,2.932e-05,0.9818,0.9967,"affected",2682,963,2682,NA,NA,NA,NA,NA,FALSE,FALSE,"A",TRUE,FALSE,FALSE,FALSE
"exact","B_dk","DQ105","w5問5_意識項目5","sm",-0.03408,0.0104,0.00945,-0.1651,0.0003107,0.001657,0.9319,0.9892,"affected",2682,578,2682,NA,NA,NA,NA,NA,FALSE,FALSE,"A",TRUE,FALSE,FALSE,FALSE
"exact","B_dk","DQ105","w5問5_意識項目5","ssm",-0.03561,0.01145,0.0104,-0.1726,0.0006145,0.003933,0.9334,0.9877,"affected",2347,493,2682,NA,NA,NA,NA,NA,FALSE,FALSE,"A",TRUE,FALSE,FALSE,FALSE
"exact","B_dk","DQ105","w5問5_意識項目5","ec",-0.03162,0.00889,0.00892,-0.1532,0.0003945,0.0008193,0.9036,0.998,"affected",2682,963,2682,NA,NA,NA,NA,NA,FALSE,FALSE,"A",TRUE,FALSE,FALSE,FALSE
"exact","B_dk","DQ105","w5問5_意識項目5","ec_adj",-0.03081,NA,0.00893,-0.1493,0.0005606,0.001164,0.8869,0.9979,"affected",2682,963,2682,NA,NA,NA,NA,NA,FALSE,FALSE,"A",TRUE,FALSE,FALSE,FALSE
"exact","B_dk","DQ106","w5問6_意識項目6","naive",-0.03285,0.00845,0.00904,-0.1574,0.0002806,0.0004849,0.9223,0.9967,"affected",2682,963,2682,NA,NA,NA,NA,NA,FALSE,FALSE,"A",TRUE,FALSE,FALSE,FALSE
"exact","B_dk","DQ106","w5問6_意識項目6","sm",-0.02937,0.01033,0.01023,-0.1407,0.004101,0.00729,0.8201,0.9892,"affected",2682,578,2682,NA,NA,NA,NA,NA,FALSE,FALSE,"A",TRUE,FALSE,FALSE,FALSE
"exact","B_dk","DQ106","w5問6_意識項目6","ssm",-0.02707,0.0108,0.00989,-0.1297,0.006213,0.01363,0.7626,0.9877,"affected",2347,493,2682,NA,NA,NA,NA,NA,FALSE,FALSE,"A",TRUE,FALSE,FALSE,FALSE
"exact","B_dk","DQ106","w5問6_意識項目6","ec",-0.03162,0.0089,0.0095,-0.1515,0.0008793,0.001583,0.8892,0.998,"affected",2682,963,2682,NA,NA,NA,NA,NA,FALSE,FALSE,"A",TRUE,FALSE,FALSE,FALSE
"exact","B_dk","DQ106","w5問6_意識項目6","ec_adj",-0.03139,NA,0.00922,-0.1505,0.0006595,0.001272,0.8918,0.9979,"affected",2682,963,2682,NA,NA,NA,NA,NA,FALSE,FALSE,"A",TRUE,FALSE,FALSE,FALSE
"exact","B_dk","DQ107","w5問7_意識項目7","naive",-0.02289,0.00818,0.00765,-0.111,0.00277,0.003693,0.6472,0.9967,"affected",2682,963,2682,NA,NA,NA,NA,NA,FALSE,FALSE,"A",TRUE,FALSE,FALSE,FALSE
"exact","B_dk","DQ107","w5問7_意識項目7","sm",-0.0291,0.01064,0.00911,-0.1411,0.001402,0.004237,0.8411,0.9892,"affected",2682,578,2682,NA,NA,NA,NA,NA,FALSE,FALSE,"A",TRUE,FALSE,FALSE,FALSE
"exact","B_dk","DQ107","w5問7_意識項目7","ssm",-0.03125,0.01171,0.01061,-0.1515,0.003239,0.009517,0.8554,0.9877,"affected",2347,493,2682,NA,NA,NA,NA,NA,FALSE,FALSE,"A",TRUE,FALSE,FALSE,FALSE
"exact","B_dk","DQ107","w5問7_意識項目7","ec",-0.02163,0.0087,0.00904,-0.1049,0.01679,0.02386,0.5713,0.998,"affected",2682,963,2682,NA,NA,NA,NA,NA,FALSE,FALSE,"A",TRUE,FALSE,FALSE,FALSE
"exact","B_dk","DQ107","w5問7_意識項目7","ec_adj",-0.02193,NA,0.00917,-0.1063,0.01681,0.02388,0.5832,0.9979,"affected",2682,963,2682,NA,NA,NA,NA,NA,FALSE,FALSE,"A",TRUE,FALSE,FALSE,FALSE
"exact","B_dk","DQ108","w5問8_意識項目8","naive",-0.02164,0.00797,0.008,-0.1078,0.006809,0.00838,0.5812,0.9967,"affected",2682,963,2682,NA,NA,NA,NA,NA,FALSE,FALSE,"A",TRUE,FALSE,FALSE,FALSE
"exact","B_dk","DQ108","w5問8_意識項目8","sm",-0.02404,0.0101,0.01004,-0.1198,0.01661,0.02127,0.6564,0.9892,"affected",2682,578,2682,NA,NA,NA,NA,NA,FALSE,FALSE,"A",TRUE,FALSE,FALSE,FALSE
"exact","B_dk","DQ108","w5問8_意識項目8","ssm",-0.02366,0.01087,0.01023,-0.1179,0.02074,0.0293,0.6398,0.9877,"affected",2347,493,2682,NA,NA,NA,NA,NA,FALSE,FALSE,"A",TRUE,FALSE,FALSE,FALSE
"exact","B_dk","DQ108","w5問8_意識項目8","ec",-0.02294,0.00841,0.00806,-0.1143,0.004421,0.006632,0.6424,0.998,"affected",2682,963,2682,NA,NA,NA,NA,NA,FALSE,FALSE,"A",TRUE,FALSE,FALSE,FALSE
"exact","B_dk","DQ108","w5問8_意識項目8","ec_adj",-0.02284,NA,0.00795,-0.1138,0.004057,0.006085,0.6396,0.9979,"affected",2682,963,2682,NA,NA,NA,NA,NA,FALSE,FALSE,"A",TRUE,FALSE,FALSE,FALSE
"exact","B_dk","DQ109","w5問9_意識項目9","naive",-0.03418,0.00858,0.00859,-0.1615,6.896e-05,0.0001697,0.9506,0.9967,"affected",2682,963,2682,NA,NA,NA,NA,NA,FALSE,FALSE,"A",TRUE,FALSE,FALSE,FALSE
"exact","B_dk","DQ109","w5問9_意識項目9","sm",-0.03035,0.01046,0.01152,-0.1434,0.008403,0.0128,0.8156,0.9892,"affected",2682,578,2682,NA,NA,NA,NA,NA,FALSE,FALSE,"A",TRUE,FALSE,FALSE,FALSE
"exact","B_dk","DQ109","w5問9_意識項目9","ssm",-0.02665,0.01081,0.01051,-0.1259,0.01122,0.0189,0.7364,0.9877,"affected",2347,493,2682,NA,NA,NA,NA,NA,FALSE,FALSE,"A",TRUE,FALSE,FALSE,FALSE
"exact","B_dk","DQ109","w5問9_意識項目9","ec",-0.03562,0.00902,0.00866,-0.1683,3.863e-05,0.0001304,0.9645,0.998,"affected",2682,963,2682,NA,NA,NA,NA,NA,FALSE,FALSE,"A",TRUE,FALSE,FALSE,FALSE
"exact","B_dk","DQ109","w5問9_意識項目9","ec_adj",-0.03675,NA,0.00875,-0.1736,2.642e-05,0.0001189,0.9723,0.9979,"affected",2682,963,2682,NA,NA,NA,NA,NA,FALSE,FALSE,"A",TRUE,FALSE,FALSE,FALSE
"exact","B_dk","DQ110","w5問10_意識項目10","naive",-0.02832,0.00823,0.00836,-0.1384,0.0007027,0.001101,0.8403,0.9967,"affected",2682,963,2682,NA,NA,NA,NA,NA,FALSE,FALSE,"A",TRUE,FALSE,FALSE,FALSE
"exact","B_dk","DQ110","w5問10_意識項目10","sm",-0.02207,0.0098,0.01042,-0.1079,0.03418,0.03906,0.5789,0.9892,"affected",2682,578,2682,NA,NA,NA,NA,NA,FALSE,FALSE,"A",TRUE,FALSE,FALSE,FALSE
"exact","B_dk","DQ110","w5問10_意識項目10","ssm",-0.02003,0.01051,0.01131,-0.0979,0.07655,0.08447,0.5011,0.9431,"affected",2347,493,2682,NA,NA,NA,NA,NA,FALSE,FALSE,"A",TRUE,FALSE,FALSE,FALSE
"exact","B_dk","DQ110","w5問10_意識項目10","ec",-0.02933,0.00868,0.00873,-0.1433,0.000785,0.001514,0.8572,0.998,"affected",2682,963,2682,NA,NA,NA,NA,NA,FALSE,FALSE,"A",TRUE,FALSE,FALSE,FALSE
"exact","B_dk","DQ110","w5問10_意識項目10","ec_adj",-0.02917,NA,0.00877,-0.1425,0.0008833,0.001552,0.8521,0.9979,"affected",2682,963,2682,NA,NA,NA,NA,NA,FALSE,FALSE,"A",TRUE,FALSE,FALSE,FALSE
"exact","B_dk","DQ111","w5問11_意識項目11","naive",-0.03471,0.00841,0.00764,-0.1681,5.498e-06,2.932e-05,0.973,0.9967,"affected",2682,963,2682,NA,NA,NA,NA,NA,FALSE,FALSE,"A",TRUE,FALSE,FALSE,FALSE
"exact","B_dk","DQ111","w5問11_意識項目11","sm",-0.02604,0.0099,0.00885,-0.1261,0.00327,0.006679,0.7525,0.9892,"affected",2682,578,2682,NA,NA,NA,NA,NA,FALSE,FALSE,"A",TRUE,FALSE,FALSE,FALSE
"exact","B_dk","DQ111","w5問11_意識項目11","ssm",-0.02013,0.01029,0.01028,-0.0975,0.05012,0.0594,0.5052,0.9431,"affected",2347,493,2682,NA,NA,NA,NA,NA,FALSE,FALSE,"A",TRUE,FALSE,FALSE,FALSE
"exact","B_dk","DQ111","w5問11_意識項目11","ec",-0.03478,0.00883,0.00831,-0.1684,2.846e-05,0.0001304,0.9623,0.998,"affected",2682,963,2682,NA,NA,NA,NA,NA,FALSE,FALSE,"A",TRUE,FALSE,FALSE,FALSE
"exact","B_dk","DQ111","w5問11_意識項目11","ec_adj",-0.03494,NA,0.00857,-0.1692,4.583e-05,0.0001768,0.9593,0.9979,"affected",2682,963,2682,NA,NA,NA,NA,NA,FALSE,FALSE,"A",TRUE,FALSE,FALSE,FALSE
"exact","B_dk","DQ112","w5問12_意識項目12","naive",-0.03857,0.00856,0.00941,-0.1846,4.157e-05,0.0001265,0.9758,0.9967,"affected",2682,963,2682,NA,NA,NA,NA,NA,FALSE,FALSE,"A",TRUE,FALSE,FALSE,FALSE
"exact","B_dk","DQ112","w5問12_意識項目12","sm",-0.02852,0.01002,0.01025,-0.1365,0.00539,0.009077,0.7971,0.9892,"affected",2682,578,2682,NA,NA,NA,NA,NA,FALSE,FALSE,"A",TRUE,FALSE,FALSE,FALSE
"exact","B_dk","DQ112","w5問12_意識項目12","ssm",-0.0275,0.01079,0.01024,-0.1316,0.00724,0.01363,0.768,0.9877,"affected",2347,493,2682,NA,NA,NA,NA,NA,FALSE,FALSE,"A",TRUE,FALSE,FALSE,FALSE
"exact","B_dk","DQ112","w5問12_意識項目12","ec",-0.0413,0.00895,0.01074,-0.1976,0.0001209,0.0003628,0.9763,0.998,"affected",2682,963,2682,NA,NA,NA,NA,NA,FALSE,FALSE,"A",TRUE,FALSE,FALSE,FALSE
"exact","B_dk","DQ112","w5問12_意識項目12","ec_adj",-0.04219,NA,0.01085,-0.2019,0.0001009,0.0003028,0.9796,0.9979,"affected",2682,963,2682,NA,NA,NA,NA,NA,FALSE,FALSE,"A",TRUE,FALSE,FALSE,FALSE
"exact","B_dk","DQ113","w5問13_意識項目13","naive",-0.0427,0.00914,0.00861,-0.1907,7.069e-07,1.131e-05,0.9958,0.9967,"affected",2682,963,2682,NA,NA,NA,NA,NA,FALSE,FALSE,"A",TRUE,FALSE,FALSE,FALSE
"exact","B_dk","DQ113","w5問13_意識項目13","sm",-0.0406,0.01133,0.00957,-0.1813,2.203e-05,0.0002349,0.9843,0.9892,"affected",2682,578,2682,NA,NA,NA,NA,NA,FALSE,FALSE,"A",TRUE,FALSE,FALSE,FALSE
"exact","B_dk","DQ113","w5問13_意識項目13","ssm",-0.03861,0.01214,0.00989,-0.1724,9.46e-05,0.001514,0.9701,0.9877,"affected",2347,493,2682,NA,NA,NA,NA,NA,FALSE,FALSE,"A",TRUE,FALSE,FALSE,FALSE
"exact","B_dk","DQ113","w5問13_意識項目13","ec",-0.04202,0.00948,0.00885,-0.1876,2.058e-06,1.852e-05,0.9936,0.998,"affected",2682,963,2682,NA,NA,NA,NA,NA,FALSE,FALSE,"A",TRUE,FALSE,FALSE,FALSE
"exact","B_dk","DQ113","w5問13_意識項目13","ec_adj",-0.04196,NA,0.00909,-0.1874,3.949e-06,3.087e-05,0.9921,0.9979,"affected",2682,963,2682,NA,NA,NA,NA,NA,FALSE,FALSE,"A",TRUE,FALSE,FALSE,FALSE
"exact","B_dk","DQ114","w5問14_意識項目14","naive",-0.04294,0.00892,0.00845,-0.1976,3.684e-07,1.131e-05,0.9967,0.9967,"affected",2682,963,2682,NA,NA,NA,NA,NA,FALSE,FALSE,"A",TRUE,FALSE,FALSE,FALSE
"exact","B_dk","DQ114","w5問14_意識項目14","sm",-0.03876,0.01093,0.01113,-0.1783,0.0004972,0.001857,0.9541,0.9892,"affected",2682,578,2682,NA,NA,NA,NA,NA,FALSE,FALSE,"A",TRUE,FALSE,FALSE,FALSE
"exact","B_dk","DQ114","w5問14_意識項目14","ssm",-0.03423,0.01166,0.01143,-0.1575,0.002754,0.009517,0.8934,0.9877,"affected",2347,493,2682,NA,NA,NA,NA,NA,FALSE,FALSE,"A",TRUE,FALSE,FALSE,FALSE
"exact","B_dk","DQ114","w5問14_意識項目14","ec",-0.04436,0.00934,0.00867,-0.2041,3.131e-07,8.454e-06,0.9975,0.998,"affected",2682,963,2682,NA,NA,NA,NA,NA,FALSE,FALSE,"A",TRUE,FALSE,FALSE,FALSE
"exact","B_dk","DQ114","w5問14_意識項目14","ec_adj",-0.0447,NA,0.00884,-0.2057,4.323e-07,1.167e-05,0.9974,0.9979,"affected",2682,963,2682,NA,NA,NA,NA,NA,FALSE,FALSE,"A",TRUE,FALSE,FALSE,FALSE
"exact","B_dk","DQ115","w5問15_意識項目15","naive",-0.03975,0.00884,0.00972,-0.1836,4.349e-05,0.0001265,0.9789,0.9967,"affected",2682,963,2682,NA,NA,NA,NA,NA,FALSE,FALSE,"A",TRUE,FALSE,FALSE,FALSE
"exact","B_dk","DQ115","w5問15_意識項目15","sm",-0.03246,0.01058,0.01106,-0.1499,0.003339,0.006679,0.87,0.9892,"affected",2682,578,2682,NA,NA,NA,NA,NA,FALSE,FALSE,"A",TRUE,FALSE,FALSE,FALSE
"exact","B_dk","DQ115","w5問15_意識項目15","ssm",-0.02815,0.01119,0.01229,-0.13,0.02197,0.0293,0.7463,0.9877,"affected",2347,493,2682,NA,NA,NA,NA,NA,FALSE,FALSE,"A",TRUE,FALSE,FALSE,FALSE
"exact","B_dk","DQ115","w5問15_意識項目15","ec",-0.04919,0.00925,0.01013,-0.2272,1.2e-06,1.621e-05,0.998,0.998,"affected",2682,963,2682,NA,NA,NA,NA,NA,FALSE,FALSE,"A",TRUE,FALSE,FALSE,FALSE
"exact","B_dk","DQ115","w5問15_意識項目15","ec_adj",-0.04943,NA,0.01029,-0.2283,1.546e-06,2.087e-05,0.9979,0.9979,"affected",2682,963,2682,NA,NA,NA,NA,NA,FALSE,FALSE,"A",TRUE,FALSE,FALSE,FALSE
"exact","B_dk","DQ116","w5問16_意識項目16","naive",-0.03327,0.00874,0.00907,-0.1533,0.0002437,0.0004586,0.9284,0.9967,"affected",2682,963,2682,NA,NA,NA,NA,NA,FALSE,FALSE,"A",TRUE,FALSE,FALSE,FALSE
"exact","B_dk","DQ116","w5問16_意識項目16","sm",-0.04467,0.01168,0.01288,-0.2058,0.0005224,0.001857,0.9723,0.9892,"affected",2682,578,2682,NA,NA,NA,NA,NA,FALSE,FALSE,"A",TRUE,FALSE,FALSE,FALSE
"exact","B_dk","DQ116","w5問16_意識項目16","ssm",-0.0446,0.01274,0.01437,-0.2055,0.001916,0.008759,0.9565,0.9877,"affected",2347,493,2682,NA,NA,NA,NA,NA,FALSE,FALSE,"A",TRUE,FALSE,FALSE,FALSE
"exact","B_dk","DQ116","w5問16_意識項目16","ec",-0.02872,0.00911,0.00892,-0.1323,0.001289,0.002047,0.8357,0.998,"affected",2682,963,2682,NA,NA,NA,NA,NA,FALSE,FALSE,"A",TRUE,FALSE,FALSE,FALSE
"exact","B_dk","DQ116","w5問16_意識項目16","ec_adj",-0.02885,NA,0.00887,-0.1329,0.001148,0.001823,0.8406,0.9979,"affected",2682,963,2682,NA,NA,NA,NA,NA,FALSE,FALSE,"A",TRUE,FALSE,FALSE,FALSE
"exact","B_dk","DQ117","w5問17_意識項目17","naive",-0.02065,0.00823,0.00904,-0.0989,0.02233,0.02464,0.5288,0.9788,"affected",2682,963,2682,NA,NA,NA,NA,NA,FALSE,FALSE,"A",TRUE,FALSE,FALSE,FALSE
"exact","B_dk","DQ117","w5問17_意識項目17","sm",-0.02513,0.01055,0.01233,-0.1204,0.04157,0.04587,0.6613,0.9892,"affected",2682,578,2682,NA,NA,NA,NA,NA,FALSE,FALSE,"A",TRUE,FALSE,FALSE,FALSE
"exact","B_dk","DQ117","w5問17_意識項目17","ssm",-0.02699,0.01179,0.01321,-0.1293,0.04105,0.05053,0.7016,0.9877,"affected",2347,493,2682,NA,NA,NA,NA,NA,FALSE,FALSE,"A",TRUE,FALSE,FALSE,FALSE
"exact","B_dk","DQ117","w5問17_意識項目17","ec",-0.02028,0.00867,0.00887,-0.0971,0.02224,0.0273,0.5124,0.9394,"affected",2682,963,2682,NA,NA,NA,NA,NA,FALSE,FALSE,"A",TRUE,FALSE,FALSE,FALSE
"exact","B_dk","DQ117","w5問17_意識項目17","ec_adj",-0.02,NA,0.00897,-0.0958,0.02577,0.03162,0.5,0.9383,"affected",2682,963,2682,NA,NA,NA,NA,NA,FALSE,FALSE,"A",TRUE,FALSE,FALSE,FALSE
"exact","B_dk","DQ118","w5問18_意識項目18","naive",-0.02089,0.00798,0.00851,-0.1037,0.01405,0.01665,0.5418,0.9788,"affected",2682,963,2682,NA,NA,NA,NA,NA,FALSE,FALSE,"A",TRUE,FALSE,FALSE,FALSE
"exact","B_dk","DQ118","w5問18_意識項目18","sm",-0.02849,0.0105,0.011,-0.1413,0.009594,0.01395,0.7799,0.9892,"affected",2682,578,2682,NA,NA,NA,NA,NA,FALSE,FALSE,"A",TRUE,FALSE,FALSE,FALSE
"exact","B_dk","DQ118","w5問18_意識項目18","ssm",-0.03456,0.01184,0.01317,-0.1714,0.008678,0.01543,0.8655,0.9877,"affected",2347,493,2682,NA,NA,NA,NA,NA,FALSE,FALSE,"A",TRUE,FALSE,FALSE,FALSE
"exact","B_dk","DQ118","w5問18_意識項目18","ec",-0.01717,0.00847,0.00871,-0.0852,0.04868,0.05477,0.3727,0.82,"affected",2682,963,2682,NA,NA,NA,NA,NA,FALSE,FALSE,"A",TRUE,FALSE,FALSE,FALSE
"exact","B_dk","DQ118","w5問18_意識項目18","ec_adj",-0.01741,NA,0.00869,-0.0864,0.04526,0.05091,0.3827,0.8418,"affected",2682,963,2682,NA,NA,NA,NA,NA,FALSE,FALSE,"A",TRUE,FALSE,FALSE,FALSE
"exact","B_dk","DQ119","w5問19_意識項目19","naive",-0.023,0.00768,0.00737,-0.1199,0.001801,0.00262,0.658,0.9967,"affected",2682,963,2682,NA,NA,NA,NA,NA,FALSE,FALSE,"A",TRUE,FALSE,FALSE,FALSE
"exact","B_dk","DQ119","w5問19_意識項目19","sm",-0.03371,0.01041,0.01107,-0.1758,0.00233,0.00577,0.8922,0.9892,"affected",2682,578,2682,NA,NA,NA,NA,NA,FALSE,FALSE,"A",TRUE,FALSE,FALSE,FALSE
"exact","B_dk","DQ119","w5問19_意識項目19","ssm",-0.03486,0.01127,0.01242,-0.1818,0.005011,0.01234,0.8842,0.9877,"affected",2347,493,2682,NA,NA,NA,NA,NA,FALSE,FALSE,"A",TRUE,FALSE,FALSE,FALSE
"exact","B_dk","DQ119","w5問19_意識項目19","ec",-0.01912,0.00816,0.00812,-0.0997,0.01858,0.02455,0.457,0.9394,"affected",2682,963,2682,NA,NA,NA,NA,NA,FALSE,FALSE,"A",TRUE,FALSE,FALSE,FALSE
"exact","B_dk","DQ119","w5問19_意識項目19","ec_adj",-0.01885,NA,0.00815,-0.0983,0.02078,0.02805,0.444,0.9197,"affected",2682,963,2682,NA,NA,NA,NA,NA,FALSE,FALSE,"A",TRUE,FALSE,FALSE,FALSE
"exact","B_dk","DQ120","w5問20_意識項目20","naive",-0.04398,0.00897,0.01006,-0.2014,1.232e-05,5.083e-05,0.9914,0.9967,"affected",2682,963,2682,NA,NA,NA,NA,NA,FALSE,FALSE,"A",TRUE,FALSE,FALSE,FALSE
"exact","B_dk","DQ120","w5問20_意識項目20","sm",-0.04395,0.01128,0.01235,-0.2013,0.0003722,0.001702,0.9738,0.9892,"affected",2682,578,2682,NA,NA,NA,NA,NA,FALSE,FALSE,"A",TRUE,FALSE,FALSE,FALSE
"exact","B_dk","DQ120","w5問20_意識項目20","ssm",-0.04032,0.01211,0.01371,-0.1846,0.003271,0.009517,0.9308,0.9877,"affected",2347,493,2682,NA,NA,NA,NA,NA,FALSE,FALSE,"A",TRUE,FALSE,FALSE,FALSE
"exact","B_dk","DQ120","w5問20_意識項目20","ec",-0.0387,0.00936,0.0106,-0.1772,0.000261,0.0006407,0.9612,0.998,"affected",2682,963,2682,NA,NA,NA,NA,NA,FALSE,FALSE,"A",TRUE,FALSE,FALSE,FALSE
"exact","B_dk","DQ120","w5問20_意識項目20","ec_adj",-0.03932,NA,0.01075,-0.1801,0.0002529,0.0006207,0.9639,0.9979,"affected",2682,963,2682,NA,NA,NA,NA,NA,FALSE,FALSE,"A",TRUE,FALSE,FALSE,FALSE
"exact","B_dk","DQ121","w5問21_意識項目21","naive",-0.02742,0.00841,0.00688,-0.1304,6.746e-05,0.0001697,0.8595,0.9967,"affected",2682,963,2682,NA,NA,NA,NA,NA,FALSE,FALSE,"A",TRUE,FALSE,FALSE,FALSE
"exact","B_dk","DQ121","w5問21_意識項目21","sm",-0.02601,0.01038,0.00864,-0.1237,0.002605,0.005955,0.7568,0.9892,"affected",2682,578,2682,NA,NA,NA,NA,NA,FALSE,FALSE,"A",TRUE,FALSE,FALSE,FALSE
"exact","B_dk","DQ121","w5問21_意識項目21","ssm",-0.02804,0.01139,0.01033,-0.1334,0.006611,0.01363,0.782,0.9877,"affected",2347,493,2682,NA,NA,NA,NA,NA,FALSE,FALSE,"A",TRUE,FALSE,FALSE,FALSE
"exact","B_dk","DQ121","w5問21_意識項目21","ec",-0.03071,0.00882,0.00746,-0.1461,3.838e-05,0.0001304,0.9245,0.998,"affected",2682,963,2682,NA,NA,NA,NA,NA,FALSE,FALSE,"A",TRUE,FALSE,FALSE,FALSE
"exact","B_dk","DQ121","w5問21_意識項目21","ec_adj",-0.03089,NA,0.00728,-0.1469,2.221e-05,0.0001189,0.9326,0.9979,"affected",2682,963,2682,NA,NA,NA,NA,NA,FALSE,FALSE,"A",TRUE,FALSE,FALSE,FALSE
"exact","B_dk","DQ122","w5問22_意識項目22","naive",-0.02782,0.008,0.00823,-0.1404,0.0007226,0.001101,0.829,0.9967,"affected",2682,963,2682,NA,NA,NA,NA,NA,FALSE,FALSE,"A",TRUE,FALSE,FALSE,FALSE
"exact","B_dk","DQ122","w5問22_意識項目22","sm",-0.02987,0.01016,0.00982,-0.1507,0.002344,0.00577,0.8427,0.9892,"affected",2682,578,2682,NA,NA,NA,NA,NA,FALSE,FALSE,"A",TRUE,FALSE,FALSE,FALSE
"exact","B_dk","DQ122","w5問22_意識項目22","ssm",-0.03358,0.01129,0.01097,-0.1695,0.002209,0.008836,0.8921,0.9877,"affected",2347,493,2682,NA,NA,NA,NA,NA,FALSE,FALSE,"A",TRUE,FALSE,FALSE,FALSE
"exact","B_dk","DQ122","w5問22_意識項目22","ec",-0.03077,0.00844,0.00943,-0.1553,0.001103,0.001861,0.8733,0.998,"affected",2682,963,2682,NA,NA,NA,NA,NA,FALSE,FALSE,"A",TRUE,FALSE,FALSE,FALSE
"exact","B_dk","DQ122","w5問22_意識項目22","ec_adj",-0.03091,NA,0.00933,-0.156,0.0009198,0.001552,0.879,0.9979,"affected",2682,963,2682,NA,NA,NA,NA,NA,FALSE,FALSE,"A",TRUE,FALSE,FALSE,FALSE
"exact","B_dk","DQ123","w5問23_意識項目23","naive",-0.03139,0.00808,0.00848,-0.1579,0.0002132,0.0004586,0.9104,0.9967,"affected",2682,963,2682,NA,NA,NA,NA,NA,FALSE,FALSE,"A",TRUE,FALSE,FALSE,FALSE
"exact","B_dk","DQ123","w5問23_意識項目23","sm",-0.02618,0.00973,0.00962,-0.1317,0.006524,0.01044,0.7395,0.9892,"affected",2682,578,2682,NA,NA,NA,NA,NA,FALSE,FALSE,"A",TRUE,FALSE,FALSE,FALSE
"exact","B_dk","DQ123","w5問23_意識項目23","ssm",-0.02184,0.01026,0.00878,-0.1099,0.01284,0.01957,0.583,0.9877,"affected",2347,493,2682,NA,NA,NA,NA,NA,FALSE,FALSE,"A",TRUE,FALSE,FALSE,FALSE
"exact","B_dk","DQ123","w5問23_意識項目23","ec",-0.0309,0.00854,0.00866,-0.1555,0.0003584,0.0008063,0.896,0.998,"affected",2682,963,2682,NA,NA,NA,NA,NA,FALSE,FALSE,"A",TRUE,FALSE,FALSE,FALSE
"exact","B_dk","DQ123","w5問23_意識項目23","ec_adj",-0.03084,NA,0.00866,-0.1552,0.0003709,0.0008345,0.8945,0.9979,"affected",2682,963,2682,NA,NA,NA,NA,NA,FALSE,FALSE,"A",TRUE,FALSE,FALSE,FALSE
"exact","B_dk","DQ124","w5問24_意識項目24","naive",-0.0353,0.00855,0.00774,-0.1678,5.057e-06,2.932e-05,0.976,0.9967,"affected",2682,963,2682,NA,NA,NA,NA,NA,FALSE,FALSE,"A",TRUE,FALSE,FALSE,FALSE
"exact","B_dk","DQ124","w5問24_意識項目24","sm",-0.03493,0.01069,0.00914,-0.166,0.0001317,0.000843,0.9489,0.9892,"affected",2682,578,2682,NA,NA,NA,NA,NA,FALSE,FALSE,"A",TRUE,FALSE,FALSE,FALSE
"exact","B_dk","DQ124","w5問24_意識項目24","ssm",-0.03796,0.01179,0.01023,-0.1804,0.0002079,0.002217,0.9604,0.9877,"affected",2347,493,2682,NA,NA,NA,NA,NA,FALSE,FALSE,"A",TRUE,FALSE,FALSE,FALSE
"exact","B_dk","DQ124","w5問24_意識項目24","ec",-0.03841,0.00899,0.00823,-0.1825,3.042e-06,2.053e-05,0.9874,0.998,"affected",2682,963,2682,NA,NA,NA,NA,NA,FALSE,FALSE,"A",TRUE,FALSE,FALSE,FALSE
"exact","B_dk","DQ124","w5問24_意識項目24","ec_adj",-0.03825,NA,0.00834,-0.1818,4.573e-06,3.087e-05,0.9856,0.9979,"affected",2682,963,2682,NA,NA,NA,NA,NA,FALSE,FALSE,"A",TRUE,FALSE,FALSE,FALSE
"exact","B_dk","DQ125","w5問25_意識項目25","naive",-0.0267,0.00802,0.00736,-0.1338,0.0002879,0.0004849,0.8185,0.9967,"affected",2682,963,2682,NA,NA,NA,NA,NA,FALSE,FALSE,"A",TRUE,FALSE,FALSE,FALSE
"exact","B_dk","DQ125","w5問25_意識項目25","sm",-0.02357,0.00978,0.00979,-0.1181,0.01606,0.02127,0.6422,0.9892,"affected",2682,578,2682,NA,NA,NA,NA,NA,FALSE,FALSE,"A",TRUE,FALSE,FALSE,FALSE
"exact","B_dk","DQ125","w5問25_意識項目25","ssm",-0.02537,0.01083,0.01118,-0.1272,0.02331,0.02983,0.6844,0.9877,"affected",2347,493,2682,NA,NA,NA,NA,NA,FALSE,FALSE,"A",TRUE,FALSE,FALSE,FALSE
"exact","B_dk","DQ125","w5問25_意識項目25","ec",-0.03089,0.00845,0.00749,-0.1549,3.699e-05,0.0001304,0.9271,0.998,"affected",2682,963,2682,NA,NA,NA,NA,NA,FALSE,FALSE,"A",TRUE,FALSE,FALSE,FALSE
"exact","B_dk","DQ125","w5問25_意識項目25","ec_adj",-0.03106,NA,0.0077,-0.1557,5.446e-05,0.0001838,0.9246,0.9979,"affected",2682,963,2682,NA,NA,NA,NA,NA,FALSE,FALSE,"A",TRUE,FALSE,FALSE,FALSE
"exact","B_dk","DQ126","w5問26_意識項目26","naive",-0.01983,0.00712,0.00649,-0.1117,0.002257,0.003141,0.4896,0.9499,"affected",2682,963,0,NA,NA,NA,NA,NA,FALSE,FALSE,"A",TRUE,FALSE,FALSE,FALSE
"exact","B_dk","DQ126","w5問26_意識項目26","sm",-0.01878,0.00879,0.00817,-0.1058,0.02161,0.0266,0.4406,0.8812,"affected",2682,578,0,NA,NA,NA,NA,NA,FALSE,FALSE,"A",TRUE,FALSE,FALSE,FALSE
"exact","B_dk","DQ126","w5問26_意識項目26","ssm",-0.01724,0.00918,0.00904,-0.0971,0.0565,0.06457,0.3799,0.7597,"affected",2347,493,0,NA,NA,NA,NA,NA,FALSE,FALSE,"A",TRUE,FALSE,FALSE,FALSE
"exact","B_dk","DQ127","w5問27_意識項目27","naive",-0.01986,0.00792,0.00713,-0.0991,0.005347,0.006844,0.4919,0.9499,"affected",2682,963,0,NA,NA,NA,NA,NA,FALSE,FALSE,"",TRUE,FALSE,FALSE,FALSE
"exact","B_dk","DQ127","w5問27_意識項目27","sm",-0.03195,0.01074,0.01004,-0.1594,0.001456,0.004237,0.8831,0.9892,"affected",2682,578,0,NA,NA,NA,NA,NA,FALSE,FALSE,"",TRUE,FALSE,FALSE,FALSE
"exact","B_dk","DQ127","w5問27_意識項目27","ssm",-0.02965,0.01155,0.01056,-0.1479,0.005005,0.01234,0.8194,0.9877,"affected",2347,493,0,NA,NA,NA,NA,NA,FALSE,FALSE,"",TRUE,FALSE,FALSE,FALSE
"exact","B_dk","DQ128","w5問28_意識項目28","naive",-0.03849,0.00864,0.00918,-0.1822,2.752e-05,9.787e-05,0.978,0.9967,"affected",2682,963,0,NA,NA,NA,NA,NA,FALSE,FALSE,"",TRUE,FALSE,FALSE,FALSE
"exact","B_dk","DQ128","w5問28_意識項目28","sm",-0.04124,0.01104,0.01435,-0.1952,0.004053,0.00729,0.9306,0.9892,"affected",2682,578,0,NA,NA,NA,NA,NA,FALSE,FALSE,"",TRUE,FALSE,FALSE,FALSE
"exact","B_dk","DQ128","w5問28_意識項目28","ssm",-0.04009,0.01175,0.01484,-0.1897,0.006902,0.01363,0.9121,0.9877,"affected",2347,493,0,NA,NA,NA,NA,NA,FALSE,FALSE,"",TRUE,FALSE,FALSE,FALSE
"exact","B_dk","DQ129","w5問29_意識項目29","naive",-0.03703,0.00828,0.01009,-0.1837,0.0002432,0.0004586,0.9543,0.9967,"affected",2682,963,0,NA,NA,NA,NA,NA,FALSE,FALSE,"",TRUE,FALSE,FALSE,FALSE
"exact","B_dk","DQ129","w5問29_意識項目29","sm",-0.0467,0.01109,0.01171,-0.2317,6.696e-05,0.0005357,0.9887,0.9892,"affected",2682,578,0,NA,NA,NA,NA,NA,FALSE,FALSE,"",TRUE,FALSE,FALSE,FALSE
"exact","B_dk","DQ129","w5問29_意識項目29","ssm",-0.04383,0.01187,0.01376,-0.2175,0.001445,0.007704,0.9584,0.9877,"affected",2347,493,0,NA,NA,NA,NA,NA,FALSE,FALSE,"",TRUE,FALSE,FALSE,FALSE
"exact","B_dk","DQ130","w5問30_意識項目30","naive",-0.03384,0.00819,0.00737,-0.1687,4.427e-06,2.932e-05,0.9697,0.9967,"affected",2682,963,0,NA,NA,NA,NA,NA,FALSE,FALSE,"",TRUE,FALSE,FALSE,FALSE
"exact","B_dk","DQ130","w5問30_意識項目30","sm",-0.03866,0.01063,0.00887,-0.1927,1.313e-05,0.0002101,0.9823,0.9892,"affected",2682,578,0,NA,NA,NA,NA,NA,FALSE,FALSE,"",TRUE,FALSE,FALSE,FALSE
"exact","B_dk","DQ130","w5問30_意識項目30","ssm",-0.04415,0.01205,0.01043,-0.2201,2.297e-05,0.0007352,0.9897,0.9897,"affected",2347,493,0,NA,NA,NA,NA,NA,FALSE,FALSE,"",TRUE,FALSE,FALSE,FALSE
"exact","B_dk","DQ131","w5問31_事実項目31","naive",0,0,0,NA,NA,NA,0,0,"n/a (no variation)",2682,963,2682,NA,NA,NA,NA,NA,FALSE,FALSE,"A",TRUE,FALSE,FALSE,FALSE
"exact","B_dk","DQ131","w5問31_事実項目31","sm",0,0,0,NA,NA,NA,0,0,"n/a (no variation)",2682,578,2682,NA,NA,NA,NA,NA,FALSE,FALSE,"A",TRUE,FALSE,FALSE,FALSE
"exact","B_dk","DQ131","w5問31_事実項目31","ssm",0,0,0,NA,NA,NA,0,0,"n/a (no variation)",2347,493,2682,NA,NA,NA,NA,NA,FALSE,FALSE,"A",TRUE,FALSE,FALSE,FALSE
"exact","B_dk","DQ131","w5問31_事実項目31","ec",0,0,0,NA,NA,NA,0,0,"n/a (no variation)",2682,963,2682,NA,NA,NA,NA,NA,FALSE,FALSE,"A",TRUE,FALSE,FALSE,FALSE
"exact","B_dk","DQ131","w5問31_事実項目31","ec_adj",0,NA,0,NA,NA,NA,0,0,"n/a (no variation)",2682,963,2682,NA,NA,NA,NA,NA,FALSE,FALSE,"A",TRUE,FALSE,FALSE,FALSE
"exact","B_dk","DQ132","w5問32_事実項目32","naive",0,0,0,NA,NA,NA,0,0,"n/a (no variation)",2682,963,2682,NA,NA,NA,NA,NA,FALSE,FALSE,"A",TRUE,FALSE,FALSE,FALSE
"exact","B_dk","DQ132","w5問32_事実項目32","sm",0,0,0,NA,NA,NA,0,0,"n/a (no variation)",2682,578,2682,NA,NA,NA,NA,NA,FALSE,FALSE,"A",TRUE,FALSE,FALSE,FALSE
"exact","B_dk","DQ132","w5問32_事実項目32","ssm",0,0,0,NA,NA,NA,0,0,"n/a (no variation)",2347,493,2682,NA,NA,NA,NA,NA,FALSE,FALSE,"A",TRUE,FALSE,FALSE,FALSE
"exact","B_dk","DQ132","w5問32_事実項目32","ec",0,0,0,NA,NA,NA,0,0,"n/a (no variation)",2682,963,2682,NA,NA,NA,NA,NA,FALSE,FALSE,"A",TRUE,FALSE,FALSE,FALSE
"exact","B_dk","DQ132","w5問32_事実項目32","ec_adj",0,NA,0,NA,NA,NA,0,0,"n/a (no variation)",2682,963,2682,NA,NA,NA,NA,NA,FALSE,FALSE,"A",TRUE,FALSE,FALSE,FALSE
"exact","B_dk","DQ133","w5問33_事実項目33","naive",0,0,0,NA,NA,NA,0,0,"n/a (no variation)",2682,963,2682,NA,NA,NA,NA,NA,FALSE,FALSE,"A",TRUE,FALSE,FALSE,FALSE
"exact","B_dk","DQ133","w5問33_事実項目33","sm",0,0,0,NA,NA,NA,0,0,"n/a (no variation)",2682,578,2682,NA,NA,NA,NA,NA,FALSE,FALSE,"A",TRUE,FALSE,FALSE,FALSE
"exact","B_dk","DQ133","w5問33_事実項目33","ssm",0,0,0,NA,NA,NA,0,0,"n/a (no variation)",2347,493,2682,NA,NA,NA,NA,NA,FALSE,FALSE,"A",TRUE,FALSE,FALSE,FALSE
"exact","B_dk","DQ133","w5問33_事実項目33","ec",0,0,0,NA,NA,NA,0,0,"n/a (no variation)",2682,963,2682,NA,NA,NA,NA,NA,FALSE,FALSE,"A",TRUE,FALSE,FALSE,FALSE
"exact","B_dk","DQ133","w5問33_事実項目33","ec_adj",0,NA,0,NA,NA,NA,0,0,"n/a (no variation)",2682,963,2682,NA,NA,NA,NA,NA,FALSE,FALSE,"A",TRUE,FALSE,FALSE,FALSE
"exact","B_dk","DQ134","w5問34_事実項目34","naive",0,0,0,NA,NA,NA,0,0,"n/a (no variation)",2682,963,2682,NA,NA,NA,NA,NA,FALSE,FALSE,"A",TRUE,FALSE,FALSE,FALSE
"exact","B_dk","DQ134","w5問34_事実項目34","sm",0,0,0,NA,NA,NA,0,0,"n/a (no variation)",2682,578,2682,NA,NA,NA,NA,NA,FALSE,FALSE,"A",TRUE,FALSE,FALSE,FALSE
"exact","B_dk","DQ134","w5問34_事実項目34","ssm",0,0,0,NA,NA,NA,0,0,"n/a (no variation)",2347,493,2682,NA,NA,NA,NA,NA,FALSE,FALSE,"A",TRUE,FALSE,FALSE,FALSE
"exact","B_dk","DQ134","w5問34_事実項目34","ec",0,0,0,NA,NA,NA,0,0,"n/a (no variation)",2682,963,2682,NA,NA,NA,NA,NA,FALSE,FALSE,"A",TRUE,FALSE,FALSE,FALSE
"exact","B_dk","DQ134","w5問34_事実項目34","ec_adj",0,NA,0,NA,NA,NA,0,0,"n/a (no variation)",2682,963,2682,NA,NA,NA,NA,NA,FALSE,FALSE,"A",TRUE,FALSE,FALSE,FALSE
"exact","B_dk","DQ135","w5問35_事実項目35","naive",0,0,0,NA,NA,NA,0,0,"n/a (no variation)",2682,963,2682,NA,NA,NA,NA,NA,FALSE,FALSE,"A",TRUE,FALSE,FALSE,FALSE
"exact","B_dk","DQ135","w5問35_事実項目35","sm",0,0,0,NA,NA,NA,0,0,"n/a (no variation)",2682,578,2682,NA,NA,NA,NA,NA,FALSE,FALSE,"A",TRUE,FALSE,FALSE,FALSE
"exact","B_dk","DQ135","w5問35_事実項目35","ssm",0,0,0,NA,NA,NA,0,0,"n/a (no variation)",2347,493,2682,NA,NA,NA,NA,NA,FALSE,FALSE,"A",TRUE,FALSE,FALSE,FALSE
"exact","B_dk","DQ135","w5問35_事実項目35","ec",0,0,0,NA,NA,NA,0,0,"n/a (no variation)",2682,963,2682,NA,NA,NA,NA,NA,FALSE,FALSE,"A",TRUE,FALSE,FALSE,FALSE
"exact","B_dk","DQ135","w5問35_事実項目35","ec_adj",0,NA,0,NA,NA,NA,0,0,"n/a (no variation)",2682,963,2682,NA,NA,NA,NA,NA,FALSE,FALSE,"A",TRUE,FALSE,FALSE,FALSE
"exact","B_dk","DQ136","w5問36_労働時間36","naive",0,0,0,NA,NA,NA,0,0,"n/a (no variation)",2593,930,2508,NA,NA,NA,NA,NA,FALSE,FALSE,"A",TRUE,FALSE,FALSE,FALSE
"exact","B_dk","DQ136","w5問36_労働時間36","sm",0,0,0,NA,NA,NA,0,0,"n/a (no variation)",2593,554,2508,NA,NA,NA,NA,NA,FALSE,FALSE,"A",TRUE,FALSE,FALSE,FALSE
"exact","B_dk","DQ136","w5問36_労働時間36","ssm",0,0,0,NA,NA,NA,0,0,"n/a (no variation)",2267,471,2508,NA,NA,NA,NA,NA,FALSE,FALSE,"A",TRUE,FALSE,FALSE,FALSE
"exact","B_dk","DQ136","w5問36_労働時間36","ec",0,0,0,NA,NA,NA,0,0,"n/a (no variation)",2593,930,2508,NA,NA,NA,NA,NA,FALSE,FALSE,"A",TRUE,FALSE,FALSE,FALSE
"exact","B_dk","DQ136","w5問36_労働時間36","ec_adj",0,NA,0,NA,NA,NA,0,0,"n/a (no variation)",2593,930,2508,NA,NA,NA,NA,NA,FALSE,FALSE,"A",TRUE,FALSE,FALSE,FALSE
"exact","B_dk","DQ137","w5問37_労働時間37","naive",0,0,0,NA,NA,NA,0,0,"n/a (no variation)",2604,936,2524,NA,NA,NA,NA,NA,FALSE,FALSE,"A",TRUE,FALSE,FALSE,FALSE
"exact","B_dk","DQ137","w5問37_労働時間37","sm",0,0,0,NA,NA,NA,0,0,"n/a (no variation)",2604,563,2524,NA,NA,NA,NA,NA,FALSE,FALSE,"A",TRUE,FALSE,FALSE,FALSE
"exact","B_dk","DQ137","w5問37_労働時間37","ssm",0,0,0,NA,NA,NA,0,0,"n/a (no variation)",2273,479,2524,NA,NA,NA,NA,NA,FALSE,FALSE,"A",TRUE,FALSE,FALSE,FALSE
"exact","B_dk","DQ137","w5問37_労働時間37","ec",0,0,0,NA,NA,NA,0,0,"n/a (no variation)",2604,936,2524,NA,NA,NA,NA,NA,FALSE,FALSE,"A",TRUE,FALSE,FALSE,FALSE
"exact","B_dk","DQ137","w5問37_労働時間37","ec_adj",0,NA,0,NA,NA,NA,0,0,"n/a (no variation)",2604,936,2524,NA,NA,NA,NA,NA,FALSE,FALSE,"A",TRUE,FALSE,FALSE,FALSE
"exact","B_dk","DQ138","w5問38_労働時間38","naive",0,0,0,NA,NA,NA,0,0,"n/a (no variation)",2605,926,2521,NA,NA,NA,NA,NA,FALSE,FALSE,"A",TRUE,FALSE,FALSE,FALSE
"exact","B_dk","DQ138","w5問38_労働時間38","sm",0,0,0,NA,NA,NA,0,0,"n/a (no variation)",2605,556,2521,NA,NA,NA,NA,NA,FALSE,FALSE,"A",TRUE,FALSE,FALSE,FALSE
"exact","B_dk","DQ138","w5問38_労働時間38","ssm",0,0,0,NA,NA,NA,0,0,"n/a (no variation)",2281,472,2521,NA,NA,NA,NA,NA,FALSE,FALSE,"A",TRUE,FALSE,FALSE,FALSE
"exact","B_dk","DQ138","w5問38_労働時間38","ec",0,0,0,NA,NA,NA,0,0,"n/a (no variation)",2605,926,2521,NA,NA,NA,NA,NA,FALSE,FALSE,"A",TRUE,FALSE,FALSE,FALSE
"exact","B_dk","DQ138","w5問38_労働時間38","ec_adj",0,NA,0,NA,NA,NA,0,0,"n/a (no variation)",2605,926,2521,NA,NA,NA,NA,NA,FALSE,FALSE,"A",TRUE,FALSE,FALSE,FALSE
"exact","B_dk","DQ139","w5問39_労働時間39","naive",0,0,0,NA,NA,NA,0,0,"n/a (no variation)",2611,921,2524,NA,NA,NA,NA,NA,FALSE,FALSE,"A",TRUE,FALSE,FALSE,FALSE
"exact","B_dk","DQ139","w5問39_労働時間39","sm",0,0,0,NA,NA,NA,0,0,"n/a (no variation)",2611,556,2524,NA,NA,NA,NA,NA,FALSE,FALSE,"A",TRUE,FALSE,FALSE,FALSE
"exact","B_dk","DQ139","w5問39_労働時間39","ssm",0,0,0,NA,NA,NA,0,0,"n/a (no variation)",2280,475,2524,NA,NA,NA,NA,NA,FALSE,FALSE,"A",TRUE,FALSE,FALSE,FALSE
"exact","B_dk","DQ139","w5問39_労働時間39","ec",0,0,0,NA,NA,NA,0,0,"n/a (no variation)",2611,921,2524,NA,NA,NA,NA,NA,FALSE,FALSE,"A",TRUE,FALSE,FALSE,FALSE
"exact","B_dk","DQ139","w5問39_労働時間39","ec_adj",0,NA,0,NA,NA,NA,0,0,"n/a (no variation)",2611,921,2524,NA,NA,NA,NA,NA,FALSE,FALSE,"A",TRUE,FALSE,FALSE,FALSE
"exact","B_dk","DQ140","w5問40_労働時間40","naive",0,0,0,NA,NA,NA,0,0,"n/a (no variation)",2612,941,2542,NA,NA,NA,NA,NA,FALSE,FALSE,"A",TRUE,FALSE,FALSE,FALSE
"exact","B_dk","DQ140","w5問40_労働時間40","sm",0,0,0,NA,NA,NA,0,0,"n/a (no variation)",2612,569,2542,NA,NA,NA,NA,NA,FALSE,FALSE,"A",TRUE,FALSE,FALSE,FALSE
"exact","B_dk","DQ140","w5問40_労働時間40","ssm",0,0,0,NA,NA,NA,0,0,"n/a (no variation)",2284,486,2542,NA,NA,NA,NA,NA,FALSE,FALSE,"A",TRUE,FALSE,FALSE,FALSE
"exact","B_dk","DQ140","w5問40_労働時間40","ec",0,0,0,NA,NA,NA,0,0,"n/a (no variation)",2612,941,2542,NA,NA,NA,NA,NA,FALSE,FALSE,"A",TRUE,FALSE,FALSE,FALSE
"exact","B_dk","DQ140","w5問40_労働時間40","ec_adj",0,NA,0,NA,NA,NA,0,0,"n/a (no variation)",2612,941,2542,NA,NA,NA,NA,NA,FALSE,FALSE,"A",TRUE,FALSE,FALSE,FALSE
"exact","B_dk","DQ02","w5_就業","naive",0,0,0,NA,NA,NA,0,0,"n/a (no variation)",2682,963,0,NA,NA,NA,NA,NA,FALSE,FALSE,"A",TRUE,FALSE,FALSE,FALSE
"exact","B_dk","DQ02","w5_就業","sm",0,0,0,NA,NA,NA,0,0,"n/a (no variation)",2682,578,0,NA,NA,NA,NA,NA,FALSE,FALSE,"A",TRUE,FALSE,FALSE,FALSE
"exact","B_dk","DQ02","w5_就業","ssm",0,0,0,NA,NA,NA,0,0,"n/a (no variation)",2347,493,0,NA,NA,NA,NA,NA,FALSE,FALSE,"A",TRUE,FALSE,FALSE,FALSE
"exact","B_dk","DQ43__1","w5問43_婚姻: 既婚","naive",0,0,0,NA,NA,NA,0,0,"n/a (no variation)",2682,963,2682,NA,NA,NA,NA,NA,FALSE,FALSE,"A",TRUE,FALSE,FALSE,FALSE
"exact","B_dk","DQ43__1","w5問43_婚姻: 既婚","sm",0,0,0,NA,NA,NA,0,0,"n/a (no variation)",2682,578,2682,NA,NA,NA,NA,NA,FALSE,FALSE,"A",TRUE,FALSE,FALSE,FALSE
"exact","B_dk","DQ43__1","w5問43_婚姻: 既婚","ssm",0,0,0,NA,NA,NA,0,0,"n/a (no variation)",2347,493,2682,NA,NA,NA,NA,NA,FALSE,FALSE,"A",TRUE,FALSE,FALSE,FALSE
"exact","B_dk","DQ43__1","w5問43_婚姻: 既婚","ec",0,0,0,NA,NA,NA,0,0,"n/a (no variation)",2682,963,2682,NA,NA,NA,NA,NA,FALSE,FALSE,"A",TRUE,FALSE,FALSE,FALSE
"exact","B_dk","DQ43__1","w5問43_婚姻: 既婚","ec_adj",0,NA,0,NA,NA,NA,0,0,"n/a (no variation)",2682,963,2682,NA,NA,NA,NA,NA,FALSE,FALSE,"A",TRUE,FALSE,FALSE,FALSE
"exact","B_dk","DQ15","w5問15_喫煙","naive",0,0,0,NA,NA,NA,0,0,"n/a (no variation)",2682,963,2682,NA,NA,NA,NA,NA,FALSE,FALSE,"A",TRUE,FALSE,FALSE,FALSE
"exact","B_dk","DQ15","w5問15_喫煙","sm",0,0,0,NA,NA,NA,0,0,"n/a (no variation)",2682,578,2682,NA,NA,NA,NA,NA,FALSE,FALSE,"A",TRUE,FALSE,FALSE,FALSE
"exact","B_dk","DQ15","w5問15_喫煙","ssm",0,0,0,NA,NA,NA,0,0,"n/a (no variation)",2347,493,2682,NA,NA,NA,NA,NA,FALSE,FALSE,"A",TRUE,FALSE,FALSE,FALSE
"exact","B_dk","DQ15","w5問15_喫煙","ec",0,0,0,NA,NA,NA,0,0,"n/a (no variation)",2682,963,2682,NA,NA,NA,NA,NA,FALSE,FALSE,"A",TRUE,FALSE,FALSE,FALSE
"exact","B_dk","DQ15","w5問15_喫煙","ec_adj",0,NA,0,NA,NA,NA,0,0,"n/a (no variation)",2682,963,2682,NA,NA,NA,NA,NA,FALSE,FALSE,"A",TRUE,FALSE,FALSE,FALSE
"exact","B_dk","DQ30__1","w5問30_支持政党: 自民党","naive",0.00648,0.00756,0.00643,0.0317,0.3136,0.3136,0.01779,0.03986,"equivalent",2682,963,2682,NA,NA,NA,NA,NA,FALSE,FALSE,"A",TRUE,FALSE,FALSE,FALSE
"exact","B_dk","DQ30__1","w5問30_支持政党: 自民党","sm",-0.00319,0.00996,0.00899,-0.0156,0.7224,0.7457,0.03076,0.0689,"equivalent",2682,578,2682,NA,NA,NA,NA,NA,FALSE,FALSE,"A",TRUE,FALSE,FALSE,FALSE
"exact","B_dk","DQ30__1","w5問30_支持政党: 自民党","ssm",-0.01121,0.01129,0.01025,-0.0548,0.2744,0.2832,0.1955,0.421,"undetermined",2347,493,2682,NA,NA,NA,NA,NA,FALSE,FALSE,"A",TRUE,FALSE,FALSE,FALSE
"exact","B_dk","DQ30__1","w5問30_支持政党: 自民党","ec",0.00696,0.00828,0.00705,0.034,0.323,0.323,0.03216,0.07449,"equivalent",2682,963,2682,NA,NA,NA,NA,NA,FALSE,FALSE,"A",TRUE,FALSE,FALSE,FALSE
"exact","B_dk","DQ30__1","w5問30_支持政党: 自民党","ec_adj",0.00668,NA,0.00699,0.0327,0.3391,0.3391,0.02829,0.06551,"equivalent",2682,963,2682,NA,NA,NA,NA,NA,FALSE,FALSE,"A",TRUE,FALSE,FALSE,FALSE
"exact","B_dk","DQ03_1__1","w5問3(1)_現職・働き方: 経営者、役員","naive",0,0,0,NA,NA,NA,0,0,"n/a (no variation)",1374,485,656,NA,NA,NA,NA,NA,FALSE,FALSE,"C",TRUE,FALSE,FALSE,FALSE
"exact","B_dk","DQ03_1__1","w5問3(1)_現職・働き方: 経営者、役員","sm",0,0,0,NA,NA,NA,0,0,"n/a (no variation)",1374,279,656,NA,NA,NA,NA,NA,FALSE,FALSE,"C",TRUE,FALSE,FALSE,FALSE
"exact","B_dk","DQ03_1__1","w5問3(1)_現職・働き方: 経営者、役員","ssm",0,0,0,NA,NA,NA,0,0,"n/a (no variation)",1198,234,656,NA,NA,NA,NA,NA,FALSE,FALSE,"C",TRUE,FALSE,FALSE,FALSE
"exact","B_dk","DQ03_1__1","w5問3(1)_現職・働き方: 経営者、役員","ec",0,0,0,NA,NA,NA,0,0,"n/a (no variation)",1374,485,656,NA,NA,NA,NA,NA,FALSE,FALSE,"C",TRUE,FALSE,FALSE,FALSE
"exact","B_dk","DQ03_1__1","w5問3(1)_現職・働き方: 経営者、役員","ec_adj",0,NA,0,NA,NA,NA,0,0,"n/a (no variation)",1374,485,656,NA,NA,NA,NA,NA,FALSE,FALSE,"C",TRUE,FALSE,FALSE,FALSE
"exact","B_dk","DQ03_2__1","w5問3(2)_現職・職業―大分類(プリコード): 専門職・技術職","naive",0,0,0,NA,NA,NA,0,0,"n/a (no variation)",1377,487,658,NA,NA,NA,NA,NA,FALSE,FALSE,"C",TRUE,FALSE,FALSE,FALSE
"exact","B_dk","DQ03_2__1","w5問3(2)_現職・職業―大分類(プリコード): 専門職・技術職","sm",0,0,0,NA,NA,NA,0,0,"n/a (no variation)",1377,281,658,NA,NA,NA,NA,NA,FALSE,FALSE,"C",TRUE,FALSE,FALSE,FALSE
"exact","B_dk","DQ03_2__1","w5問3(2)_現職・職業―大分類(プリコード): 専門職・技術職","ssm",0,0,0,NA,NA,NA,0,0,"n/a (no variation)",1199,235,658,NA,NA,NA,NA,NA,FALSE,FALSE,"C",TRUE,FALSE,FALSE,FALSE
"exact","B_dk","DQ03_2__1","w5問3(2)_現職・職業―大分類(プリコード): 専門職・技術職","ec",0.00535,0.00433,0.00482,Inf,0.2663,0.2766,0.001177,0.002878,"equivalent",1377,487,658,NA,NA,NA,NA,NA,FALSE,FALSE,"C",TRUE,FALSE,FALSE,FALSE
"exact","B_dk","DQ03_2__1","w5問3(2)_現職・職業―大分類(プリコード): 専門職・技術職","ec_adj",0.00565,NA,0.00469,Inf,0.2281,0.2369,0.001094,0.002675,"equivalent",1377,487,658,NA,NA,NA,NA,NA,FALSE,FALSE,"C",TRUE,FALSE,FALSE,FALSE
"exact","B_dk","DQ42_A","w5問42_健康保険―A","naive",0,0,0,NA,NA,NA,0,0,"n/a (no variation)",2416,862,0,NA,NA,NA,NA,NA,FALSE,FALSE,"",FALSE,FALSE,FALSE,FALSE
"exact","B_dk","DQ42_A","w5問42_健康保険―A","sm",0,0,0,NA,NA,NA,0,0,"n/a (no variation)",2416,515,0,NA,NA,NA,NA,NA,FALSE,FALSE,"",FALSE,FALSE,FALSE,FALSE
"exact","B_dk","DQ42_A","w5問42_健康保険―A","ssm",0,0,0,NA,NA,NA,0,0,"n/a (no variation)",2118,441,0,NA,NA,NA,NA,NA,FALSE,FALSE,"",FALSE,FALSE,FALSE,FALSE
"exact","B_dk","DQ42_B","w5問42_健康保険―B","naive",0,0,0,NA,NA,NA,0,0,"n/a (no variation)",2416,862,0,NA,NA,NA,NA,NA,FALSE,FALSE,"",FALSE,FALSE,FALSE,FALSE
"exact","B_dk","DQ42_B","w5問42_健康保険―B","sm",0,0,0,NA,NA,NA,0,0,"n/a (no variation)",2416,515,0,NA,NA,NA,NA,NA,FALSE,FALSE,"",FALSE,FALSE,FALSE,FALSE
"exact","B_dk","DQ42_B","w5問42_健康保険―B","ssm",0,0,0,NA,NA,NA,0,0,"n/a (no variation)",2118,441,0,NA,NA,NA,NA,NA,FALSE,FALSE,"",FALSE,FALSE,FALSE,FALSE
"exact","B_dk","DQ57A","w5問57A_起床_時刻の回答形式","naive",0,0,0,NA,NA,NA,0,0,"n/a (no variation)",2682,963,2651,NA,NA,NA,NA,NA,FALSE,FALSE,"B",TRUE,FALSE,FALSE,FALSE
"exact","B_dk","DQ57A","w5問57A_起床_時刻の回答形式","sm",0,0,0,NA,NA,NA,0,0,"n/a (no variation)",2682,578,2651,NA,NA,NA,NA,NA,FALSE,FALSE,"B",TRUE,FALSE,FALSE,FALSE
"exact","B_dk","DQ57A","w5問57A_起床_時刻の回答形式","ssm",0,0,0,NA,NA,NA,0,0,"n/a (no variation)",2347,493,2651,NA,NA,NA,NA,NA,FALSE,FALSE,"B",TRUE,FALSE,FALSE,FALSE
"exact","B_dk","DQ57A","w5問57A_起床_時刻の回答形式","ec",0,0,0,NA,NA,NA,0,0,"n/a (no variation)",2682,963,2651,NA,NA,NA,NA,NA,FALSE,FALSE,"B",TRUE,FALSE,FALSE,FALSE
"exact","B_dk","DQ57A","w5問57A_起床_時刻の回答形式","ec_adj",0,NA,0,NA,NA,NA,0,0,"n/a (no variation)",2682,963,2651,NA,NA,NA,NA,NA,FALSE,FALSE,"B",TRUE,FALSE,FALSE,FALSE
"exact","B_dk","DQ57B__1","w5問57B_家を出る_時刻の回答形式: だいたい午前／午後×時○分ころ","naive",0,0,0,NA,NA,NA,0,0,"n/a (no variation)",2682,963,2682,NA,NA,NA,NA,NA,FALSE,FALSE,"B",TRUE,FALSE,FALSE,FALSE
"exact","B_dk","DQ57B__1","w5問57B_家を出る_時刻の回答形式: だいたい午前／午後×時○分ころ","sm",0,0,0,NA,NA,NA,0,0,"n/a (no variation)",2682,578,2682,NA,NA,NA,NA,NA,FALSE,FALSE,"B",TRUE,FALSE,FALSE,FALSE
"exact","B_dk","DQ57B__1","w5問57B_家を出る_時刻の回答形式: だいたい午前／午後×時○分ころ","ssm",0,0,0,NA,NA,NA,0,0,"n/a (no variation)",2347,493,2682,NA,NA,NA,NA,NA,FALSE,FALSE,"B",TRUE,FALSE,FALSE,FALSE
"exact","B_dk","DQ57B__1","w5問57B_家を出る_時刻の回答形式: だいたい午前／午後×時○分ころ","ec",0,0,0,NA,NA,NA,0,0,"n/a (no variation)",2682,963,2682,NA,NA,NA,NA,NA,FALSE,FALSE,"B",TRUE,FALSE,FALSE,FALSE
"exact","B_dk","DQ57B__1","w5問57B_家を出る_時刻の回答形式: だいたい午前／午後×時○分ころ","ec_adj",0,NA,0,NA,NA,NA,0,0,"n/a (no variation)",2682,963,2682,NA,NA,NA,NA,NA,FALSE,FALSE,"B",TRUE,FALSE,FALSE,FALSE
"exact","B_dk","DQ57C__1","w5問57C_帰宅_時刻の回答形式: だいたい午前／午後×時○分ころ","naive",0,0,0,NA,NA,NA,0,0,"n/a (no variation)",2682,963,2682,NA,NA,NA,NA,NA,FALSE,FALSE,"B",TRUE,FALSE,FALSE,FALSE
"exact","B_dk","DQ57C__1","w5問57C_帰宅_時刻の回答形式: だいたい午前／午後×時○分ころ","sm",0,0,0,NA,NA,NA,0,0,"n/a (no variation)",2682,578,2682,NA,NA,NA,NA,NA,FALSE,FALSE,"B",TRUE,FALSE,FALSE,FALSE
"exact","B_dk","DQ57C__1","w5問57C_帰宅_時刻の回答形式: だいたい午前／午後×時○分ころ","ssm",0,0,0,NA,NA,NA,0,0,"n/a (no variation)",2347,493,2682,NA,NA,NA,NA,NA,FALSE,FALSE,"B",TRUE,FALSE,FALSE,FALSE
"exact","B_dk","DQ57C__1","w5問57C_帰宅_時刻の回答形式: だいたい午前／午後×時○分ころ","ec",0,0,0,NA,NA,NA,0,0,"n/a (no variation)",2682,963,2682,NA,NA,NA,NA,NA,FALSE,FALSE,"B",TRUE,FALSE,FALSE,FALSE
"exact","B_dk","DQ57C__1","w5問57C_帰宅_時刻の回答形式: だいたい午前／午後×時○分ころ","ec_adj",0,NA,0,NA,NA,NA,0,0,"n/a (no variation)",2682,963,2682,NA,NA,NA,NA,NA,FALSE,FALSE,"B",TRUE,FALSE,FALSE,FALSE
"exact","B_dk","DQ57D","w5問57D_就寝_時刻の回答形式","naive",0,0,0,NA,NA,NA,0,0,"n/a (no variation)",2682,963,2645,NA,NA,NA,NA,NA,FALSE,FALSE,"B",TRUE,FALSE,FALSE,FALSE
"exact","B_dk","DQ57D","w5問57D_就寝_時刻の回答形式","sm",0,0,0,NA,NA,NA,0,0,"n/a (no variation)",2682,578,2645,NA,NA,NA,NA,NA,FALSE,FALSE,"B",TRUE,FALSE,FALSE,FALSE
"exact","B_dk","DQ57D","w5問57D_就寝_時刻の回答形式","ssm",0,0,0,NA,NA,NA,0,0,"n/a (no variation)",2347,493,2645,NA,NA,NA,NA,NA,FALSE,FALSE,"B",TRUE,FALSE,FALSE,FALSE
"exact","B_dk","DQ57D","w5問57D_就寝_時刻の回答形式","ec",0,0,0,NA,NA,NA,0,0,"n/a (no variation)",2682,963,2645,NA,NA,NA,NA,NA,FALSE,FALSE,"B",TRUE,FALSE,FALSE,FALSE
"exact","B_dk","DQ57D","w5問57D_就寝_時刻の回答形式","ec_adj",0,NA,0,NA,NA,NA,0,0,"n/a (no variation)",2682,963,2645,NA,NA,NA,NA,NA,FALSE,FALSE,"B",TRUE,FALSE,FALSE,FALSE
"exact","B_dk","DQ03_5E","w5問3(5)-5_収入の形態―年俸","naive",0,0,0,NA,NA,NA,0,0,"n/a (no variation)",2682,963,0,NA,NA,NA,NA,NA,FALSE,FALSE,"",FALSE,FALSE,FALSE,FALSE
"exact","B_dk","DQ03_5E","w5問3(5)-5_収入の形態―年俸","sm",0,0,0,NA,NA,NA,0,0,"n/a (no variation)",2682,578,0,NA,NA,NA,NA,NA,FALSE,FALSE,"",FALSE,FALSE,FALSE,FALSE
"exact","B_dk","DQ03_5E","w5問3(5)-5_収入の形態―年俸","ssm",0,0,0,NA,NA,NA,0,0,"n/a (no variation)",2347,493,0,NA,NA,NA,NA,NA,FALSE,FALSE,"",FALSE,FALSE,FALSE,FALSE
"exact","B_dk","DQ03_5ES","w5問3(5)-5_収入の金額―年俸","naive",0,0,0,NA,NA,NA,0,0,"n/a (no variation)",698,246,0,NA,NA,NA,NA,NA,FALSE,FALSE,"",FALSE,FALSE,FALSE,FALSE
"exact","B_dk","DQ03_5ES","w5問3(5)-5_収入の金額―年俸","sm",0,0,0,NA,NA,NA,0,0,"n/a (no variation)",698,142,0,NA,NA,NA,NA,NA,FALSE,FALSE,"",FALSE,FALSE,FALSE,FALSE
"exact","B_dk","DQ03_5ES","w5問3(5)-5_収入の金額―年俸","ssm",0,0,0,NA,NA,NA,0,0,"n/a (no variation)",609,123,0,NA,NA,NA,NA,NA,FALSE,FALSE,"",FALSE,FALSE,FALSE,FALSE
"exact","B_dk","DQ03_13","w5問3(13)_現在の会社で当面仕事を続けるか","naive",-0.01534,0.01186,0.0126,-0.0712,0.2234,0.2306,0.3557,0.7662,"undetermined",1361,478,649,NA,NA,NA,NA,NA,FALSE,FALSE,"C",TRUE,FALSE,FALSE,FALSE
"exact","B_dk","DQ03_13","w5問3(13)_現在の会社で当面仕事を続けるか","sm",-0.00249,0.01347,0.01436,-0.0116,0.8624,0.8624,0.1114,0.24,"undetermined",1361,275,649,NA,NA,NA,NA,NA,FALSE,FALSE,"C",TRUE,FALSE,FALSE,FALSE
"exact","B_dk","DQ03_13","w5問3(13)_現在の会社で当面仕事を続けるか","ssm",-0.00055,0.0147,0.01599,-0.0025,0.9726,0.9726,0.112,0.2508,"undetermined",1188,230,649,NA,NA,NA,NA,NA,FALSE,FALSE,"C",TRUE,FALSE,FALSE,FALSE
"exact","B_dk","DQ03_13","w5問3(13)_現在の会社で当面仕事を続けるか","ec",-0.02529,0.01404,0.01555,-0.1173,0.1039,0.1122,0.6331,0.998,"undetermined",1361,478,649,NA,NA,NA,NA,NA,FALSE,FALSE,"C",TRUE,FALSE,FALSE,FALSE
"exact","B_dk","DQ03_13","w5問3(13)_現在の会社で当面仕事を続けるか","ec_adj",-0.02519,NA,0.01543,-0.1169,0.1026,0.1109,0.6317,0.9979,"undetermined",1361,478,649,NA,NA,NA,NA,NA,FALSE,FALSE,"C",TRUE,FALSE,FALSE,FALSE
"exact","B_dk","DQ17A","w5問17A_中3時の父親の喫煙","naive",0,0,0,NA,NA,NA,0,0,"n/a (no variation)",2564,912,0,NA,NA,NA,NA,NA,FALSE,FALSE,"",FALSE,FALSE,FALSE,FALSE
"exact","B_dk","DQ17A","w5問17A_中3時の父親の喫煙","sm",0,0,0,NA,NA,NA,0,0,"n/a (no variation)",2564,548,0,NA,NA,NA,NA,NA,FALSE,FALSE,"",FALSE,FALSE,FALSE,FALSE
"exact","B_dk","DQ17A","w5問17A_中3時の父親の喫煙","ssm",0,0,0,NA,NA,NA,0,0,"n/a (no variation)",2244,467,0,NA,NA,NA,NA,NA,FALSE,FALSE,"",FALSE,FALSE,FALSE,FALSE
"exact","P_style","pdq_miss_share",NA,"naive",-0.00189,0.00066,0.00063,-0.1099,0.0028,0.0028,1.205e-181,4.82e-181,"affected",2682,963,2682,NA,NA,NA,NA,NA,FALSE,FALSE,NA,TRUE,NA,NA,FALSE
"exact","P_style","pdq_miss_share",NA,"sm",-0.00131,0.00079,0.00092,-0.0765,0.1522,0.1522,8.475e-93,3.39e-92,"equivalent",2682,578,2682,NA,NA,NA,NA,NA,FALSE,FALSE,NA,TRUE,NA,NA,FALSE
"exact","P_style","pdq_miss_share",NA,"ssm",-0.00085,0.00085,0.00094,-0.0494,0.3664,0.3664,7.592e-93,3.037e-92,"equivalent",2347,493,2682,NA,NA,NA,NA,NA,FALSE,FALSE,NA,TRUE,NA,NA,FALSE
"exact","P_style","pdq_miss_share",NA,"ec",-0.00197,0.00069,0.00064,-0.1148,0.002214,0.002214,3.231e-173,1.292e-172,"affected",2682,963,2682,NA,NA,NA,NA,NA,FALSE,FALSE,NA,TRUE,NA,NA,FALSE
"exact","P_style","pdq_miss_share",NA,"ec_adj",-0.0019,NA,0.00064,-0.1107,0.002976,0.002976,7.098e-177,2.839e-176,"affected",2682,963,2682,NA,NA,NA,NA,NA,FALSE,FALSE,NA,TRUE,NA,NA,FALSE
"exact","P_style","pdq_dk_share",NA,"naive",-0.01727,0.00085,0.00088,-0.8163,3.104e-86,1.242e-85,0.0009339,0.001868,"affected",2682,963,2682,NA,NA,NA,NA,NA,FALSE,FALSE,NA,TRUE,NA,NA,FALSE
"exact","P_style","pdq_dk_share",NA,"sm",-0.01766,0.00104,0.00093,-0.8347,7.604e-80,3.042e-79,0.00609,0.01218,"affected",2682,578,2682,NA,NA,NA,NA,NA,FALSE,FALSE,NA,TRUE,NA,NA,FALSE
"exact","P_style","pdq_dk_share",NA,"ssm",-0.01775,0.00111,0.00107,-0.8388,2.096e-61,8.383e-61,0.01795,0.0359,"affected",2347,493,2682,NA,NA,NA,NA,NA,FALSE,FALSE,NA,TRUE,NA,NA,FALSE
"exact","P_style","pdq_dk_share",NA,"ec",-0.01746,0.00091,0.00088,-0.8254,3.315e-87,1.326e-86,0.002021,0.004043,"affected",2682,963,2682,NA,NA,NA,NA,NA,FALSE,FALSE,NA,TRUE,NA,NA,FALSE
"exact","P_style","pdq_dk_share",NA,"ec_adj",-0.01748,NA,0.00088,-0.8261,2.294e-88,9.177e-88,0.002021,0.004041,"affected",2682,963,2682,NA,NA,NA,NA,NA,FALSE,FALSE,NA,TRUE,NA,NA,FALSE
"exact","P_style","pdq_mid_share",NA,"naive",-0.01472,0.00466,0.00418,-0.1178,0.0004349,0.0005798,0.1033,0.1033,"affected",2682,963,2682,NA,NA,NA,NA,NA,FALSE,FALSE,NA,TRUE,NA,NA,FALSE
"exact","P_style","pdq_mid_share",NA,"sm",-0.01934,0.00568,0.00528,-0.1548,0.0002472,0.0003296,0.4502,0.4502,"affected",2682,578,2682,NA,NA,NA,NA,NA,FALSE,FALSE,NA,TRUE,NA,NA,FALSE
"exact","P_style","pdq_mid_share",NA,"ssm",-0.02064,0.00612,0.00577,-0.1652,0.0003485,0.0004647,0.5443,0.5443,"affected",2347,493,2682,NA,NA,NA,NA,NA,FALSE,FALSE,NA,TRUE,NA,NA,FALSE
"exact","P_style","pdq_mid_share",NA,"ec",-0.01379,0.00481,0.00441,-0.1104,0.00177,0.002214,0.07971,0.1063,"affected",2682,963,2682,NA,NA,NA,NA,NA,FALSE,FALSE,NA,TRUE,NA,NA,FALSE
"exact","P_style","pdq_mid_share",NA,"ec_adj",-0.01383,NA,0.00432,-0.1107,0.001385,0.001847,0.07677,0.1024,"affected",2682,963,2682,NA,NA,NA,NA,NA,FALSE,FALSE,NA,TRUE,NA,NA,FALSE
"exact","P_style","pdq_ext_share",NA,"naive",0.01376,0.00419,0.00357,0.1215,0.0001179,0.0002357,0.04029,0.05372,"affected",2682,963,2682,NA,NA,NA,NA,NA,FALSE,FALSE,NA,TRUE,NA,NA,FALSE
"exact","P_style","pdq_ext_share",NA,"sm",0.01779,0.00499,0.00468,0.1571,0.0001451,0.0002901,0.3188,0.4251,"affected",2682,578,2682,NA,NA,NA,NA,NA,FALSE,FALSE,NA,TRUE,NA,NA,FALSE
"exact","P_style","pdq_ext_share",NA,"ssm",0.01808,0.00525,0.00497,0.1597,0.000276,0.0004647,0.35,0.4667,"affected",2347,493,2682,NA,NA,NA,NA,NA,FALSE,FALSE,NA,TRUE,NA,NA,FALSE
"exact","P_style","pdq_ext_share",NA,"ec",0.01542,0.00416,0.00413,0.1362,0.0001883,0.0003766,0.1339,0.1339,"affected",2682,963,2682,NA,NA,NA,NA,NA,FALSE,FALSE,NA,TRUE,NA,NA,FALSE
"exact","P_style","pdq_ext_share",NA,"ec_adj",0.01549,NA,0.00413,0.1368,0.0001731,0.0003462,0.1372,0.1372,"affected",2682,963,2682,NA,NA,NA,NA,NA,FALSE,FALSE,NA,TRUE,NA,NA,FALSE
"any","A_substantive","DQ101","w5問1_意識項目1","naive",0.26326,0.03945,0.04204,0.2478,3.8e-10,8.36e-09,0.9999,1,"affected",3961,887,3677,1.23,1.23,0,0,5,FALSE,FALSE,"A",TRUE,FALSE,FALSE,FALSE
"any","A_substantive","DQ101","w5問1_意識項目1","sm",0.16233,0.04881,0.05631,0.1528,0.003941,0.0289,0.8405,0.9168,"affected",3961,539,3677,1.23,1.23,0,0,5,FALSE,FALSE,"A",TRUE,FALSE,FALSE,FALSE
"any","A_substantive","DQ101","w5問1_意識項目1","ssm",0.18964,0.05292,0.06086,0.1785,0.001833,0.04378,0.9147,0.936,"affected",3431,458,3677,1.23,1.23,0,0,5,FALSE,FALSE,"A",TRUE,FALSE,FALSE,FALSE
"any","A_substantive","DQ101","w5問1_意識項目1","ec",0.23469,0.03975,0.042,0.2209,2.29e-08,5.801e-07,0.9989,1,"affected",3961,887,3677,1.23,1.23,0,0,5,FALSE,FALSE,"A",TRUE,FALSE,FALSE,FALSE
"any","A_substantive","DQ101","w5問1_意識項目1","ec_adj",0.23482,NA,0.04186,0.221,2.026e-08,5.133e-07,0.9989,1,"affected",3961,887,3677,1.23,1.23,0,0,5,FALSE,FALSE,"A",TRUE,FALSE,FALSE,FALSE
"any","A_substantive","DQ102","w5問2_意識項目2","naive",0.28953,0.0398,0.03885,0.2697,9.172e-14,4.036e-12,1,1,"affected",3965,879,3684,1.413,1.413,0,0,5,FALSE,FALSE,"A",TRUE,FALSE,FALSE,FALSE
"any","A_substantive","DQ102","w5問2_意識項目2","sm",0.14565,0.04806,0.05271,0.1357,0.005727,0.036,0.7663,0.8873,"affected",3965,531,3684,1.413,1.413,0,0,5,FALSE,FALSE,"A",TRUE,FALSE,FALSE,FALSE
"any","A_substantive","DQ102","w5問2_意識項目2","ssm",0.15764,0.05114,0.05434,0.1469,0.00372,0.06546,0.8227,0.869,"affected",3445,449,3684,1.413,1.413,0,0,5,FALSE,FALSE,"A",TRUE,FALSE,FALSE,FALSE
"any","A_substantive","DQ102","w5問2_意識項目2","ec",0.2616,0.04011,0.04056,0.2437,1.116e-10,4.24e-09,0.9999,1,"affected",3965,879,3684,1.413,1.413,0,0,5,FALSE,FALSE,"A",TRUE,FALSE,FALSE,FALSE
"any","A_substantive","DQ102","w5問2_意識項目2","ec_adj",0.26362,NA,0.04124,0.2456,1.634e-10,6.209e-09,0.9999,1,"affected",3965,879,3684,1.413,1.413,0,0,5,FALSE,FALSE,"A",TRUE,FALSE,FALSE,FALSE
"any","A_substantive","DQ103","w5問3_意識項目3","naive",0.32255,0.04142,0.04123,0.2939,5.176e-15,4.555e-13,1,1,"affected",3951,888,3661,1.322,1.322,0,0,5,FALSE,FALSE,"D",FALSE,FALSE,FALSE,FALSE
"any","A_substantive","DQ103","w5問3_意識項目3","sm",0.17728,0.05228,0.06545,0.1615,0.006757,0.03964,0.8489,0.9168,"affected",3951,525,3661,1.322,1.322,0,0,5,FALSE,FALSE,"D",FALSE,FALSE,FALSE,FALSE
"any","A_substantive","DQ103","w5問3_意識項目3","ssm",0.20665,0.05616,0.06684,0.1883,0.00199,0.04378,0.9264,0.9371,"affected",3433,447,3661,1.322,1.322,0,0,5,FALSE,FALSE,"D",FALSE,FALSE,FALSE,FALSE
"any","A_substantive","DQ103","w5問3_意識項目3","ec",0.30055,0.04171,0.04117,0.2738,2.878e-13,NA,1,NA,"excluded (entry-wave class D)",3951,888,3661,1.322,1.322,0,0,5,FALSE,TRUE,"D",FALSE,FALSE,FALSE,FALSE
"any","A_substantive","DQ103","w5問3_意識項目3","ec_adj",0.30138,NA,0.04071,0.2746,1.326e-13,NA,1,NA,"excluded (entry-wave class D)",3951,888,3661,1.322,1.322,0,0,5,FALSE,TRUE,"D",FALSE,FALSE,FALSE,FALSE
"any","A_substantive","DQ104","w5問4_意識項目4","naive",-0.24511,0.04086,0.03561,-0.2237,5.879e-12,1.724e-10,0.9999,1,"affected",3949,891,3659,1.184,1.184,0,0,5,FALSE,FALSE,"A",TRUE,FALSE,FALSE,FALSE
"any","A_substantive","DQ104","w5問4_意識項目4","sm",-0.35636,0.05089,0.04291,-0.3252,9.971e-17,8.774e-15,1,1,"affected",3949,536,3659,1.184,1.184,0,0,5,FALSE,FALSE,"A",TRUE,FALSE,FALSE,FALSE
"any","A_substantive","DQ104","w5問4_意識項目4","ssm",-0.34884,0.0547,0.0513,-0.3183,1.048e-11,9.221e-10,1,1,"affected",3432,456,3659,1.184,1.184,0,0,5,FALSE,FALSE,"A",TRUE,FALSE,FALSE,FALSE
"any","A_substantive","DQ104","w5問4_意識項目4","ec",-0.27794,0.04112,0.03688,-0.2536,4.805e-14,3.652e-12,1,1,"affected",3949,891,3659,1.184,1.184,0,0,5,FALSE,FALSE,"A",TRUE,FALSE,FALSE,FALSE
"any","A_substantive","DQ104","w5問4_意識項目4","ec_adj",-0.27647,NA,0.03672,-0.2523,5.105e-14,3.88e-12,1,1,"affected",3949,891,3659,1.184,1.184,0,0,5,FALSE,FALSE,"A",TRUE,FALSE,FALSE,FALSE
"any","A_substantive","DQ105","w5問5_意識項目5","naive",-0.05064,0.03942,0.03522,-0.0472,0.1504,0.7354,0.05373,0.135,"undetermined",3960,882,3683,1.067,1.067,0,0,5,FALSE,FALSE,"A",TRUE,FALSE,FALSE,FALSE
"any","A_substantive","DQ105","w5問5_意識項目5","sm",-0.1872,0.04731,0.03838,-0.1744,1.073e-06,4.721e-05,0.9813,0.9926,"affected",3960,531,3683,1.067,1.067,0,0,5,FALSE,FALSE,"A",TRUE,FALSE,FALSE,FALSE
"any","A_substantive","DQ105","w5問5_意識項目5","ssm",-0.15155,0.05109,0.04643,-0.1412,0.001099,0.04378,0.8295,0.869,"affected",3446,456,3683,1.067,1.067,0,0,5,FALSE,FALSE,"A",TRUE,FALSE,FALSE,FALSE
"any","A_substantive","DQ105","w5問5_意識項目5","ec",-0.07553,0.0397,0.03652,-0.0704,0.03865,0.4627,0.1919,0.2805,"undetermined",3960,882,3683,1.067,1.067,0,0,5,FALSE,FALSE,"A",TRUE,FALSE,FALSE,FALSE
"any","A_substantive","DQ105","w5問5_意識項目5","ec_adj",-0.07494,NA,0.03701,-0.0698,0.0429,0.4658,0.1907,0.2826,"undetermined",3960,882,3683,1.067,1.067,0,0,5,FALSE,FALSE,"A",TRUE,FALSE,FALSE,FALSE
"any","A_substantive","DQ106","w5問6_意識項目6","naive",-0.0078,0.04132,0.04345,-0.007,0.8576,0.9593,0.008863,0.04104,"equivalent",3965,871,3699,0.874,0.874,0,0,5,FALSE,FALSE,"A",TRUE,FALSE,FALSE,FALSE
"any","A_substantive","DQ106","w5問6_意識項目6","sm",-0.10848,0.05024,0.054,-0.0979,0.04456,0.1412,0.4827,0.7452,"undetermined",3965,524,3699,0.874,0.874,0,0,5,FALSE,FALSE,"A",TRUE,FALSE,FALSE,FALSE
"any","A_substantive","DQ106","w5問6_意識項目6","ssm",-0.09014,0.05396,0.05604,-0.0813,0.1077,0.3791,0.3561,0.6185,"undetermined",3450,450,3699,0.874,0.874,0,0,5,FALSE,FALSE,"A",TRUE,FALSE,FALSE,FALSE
"any","A_substantive","DQ106","w5問6_意識項目6","ec",-0.03995,0.04159,0.04337,-0.0361,0.357,0.9966,0.05113,0.1143,"undetermined",3965,871,3699,0.874,0.874,0,0,5,FALSE,FALSE,"A",TRUE,FALSE,FALSE,FALSE
"any","A_substantive","DQ106","w5問6_意識項目6","ec_adj",-0.03904,NA,0.04404,-0.0352,0.3754,0.9945,0.05155,0.1158,"undetermined",3965,871,3699,0.874,0.874,0,0,5,FALSE,FALSE,"A",TRUE,FALSE,FALSE,FALSE
"any","A_substantive","DQ107","w5問7_意識項目7","naive",0.09131,0.03908,0.04001,0.0857,0.02249,0.2473,0.3522,0.4404,"undetermined",3962,885,3673,1.064,1.064,0,0,5,FALSE,FALSE,"A",TRUE,FALSE,FALSE,FALSE
"any","A_substantive","DQ107","w5問7_意識項目7","sm",-0.08738,0.04674,0.04351,-0.0821,0.04463,0.1412,0.3302,0.679,"undetermined",3962,529,3673,1.064,1.064,0,0,5,FALSE,FALSE,"A",TRUE,FALSE,FALSE,FALSE
"any","A_substantive","DQ107","w5問7_意識項目7","ssm",-0.04514,0.0505,0.05213,-0.0424,0.3866,0.6185,0.1196,0.5675,"undetermined",3443,451,3673,1.064,1.064,0,0,5,FALSE,FALSE,"A",TRUE,FALSE,FALSE,FALSE
"any","A_substantive","DQ107","w5問7_意識項目7","ec",0.06533,0.03933,0.04083,0.0613,0.1095,0.6452,0.1567,0.2533,"undetermined",3962,885,3673,1.064,1.064,0,0,5,FALSE,FALSE,"A",TRUE,FALSE,FALSE,FALSE
"any","A_substantive","DQ107","w5問7_意識項目7","ec_adj",0.06555,NA,0.04048,0.0616,0.1054,0.6204,0.1559,0.2521,"undetermined",3962,885,3673,1.064,1.064,0,0,5,FALSE,FALSE,"A",TRUE,FALSE,FALSE,FALSE
"any","A_substantive","DQ108","w5問8_意識項目8","naive",0.02432,0.03996,0.0384,0.0224,0.5265,0.9357,0.01389,0.05329,"equivalent",3988,891,3715,0.947,0.947,0,0,5,FALSE,FALSE,"A",TRUE,FALSE,FALSE,FALSE
"any","A_substantive","DQ108","w5問8_意識項目8","sm",-0.12549,0.04848,0.04699,-0.1153,0.00757,0.04163,0.6387,0.8145,"affected",3988,534,3715,0.947,0.947,0,0,5,FALSE,FALSE,"A",TRUE,FALSE,FALSE,FALSE
"any","A_substantive","DQ108","w5問8_意識項目8","ssm",-0.04443,0.05253,0.05126,-0.0408,0.3861,0.6185,0.1046,0.5675,"undetermined",3459,456,3715,0.947,0.947,0,0,5,FALSE,FALSE,"A",TRUE,FALSE,FALSE,FALSE
"any","A_substantive","DQ108","w5問8_意識項目8","ec",-0.00129,0.04025,0.0386,-0.0012,0.9733,0.9966,0.002669,0.02254,"equivalent",3988,891,3715,0.947,0.947,0,0,5,FALSE,FALSE,"A",TRUE,FALSE,FALSE,FALSE
"any","A_substantive","DQ108","w5問8_意識項目8","ec_adj",0.00044,NA,0.03791,4e-04,0.9907,0.9945,0.002126,0.02141,"equivalent",3988,891,3715,0.947,0.947,0,0,5,FALSE,FALSE,"A",TRUE,FALSE,FALSE,FALSE
"any","A_substantive","DQ109","w5問9_意識項目9","naive",0.01556,0.04057,0.0424,0.0143,0.7136,0.9357,0.01398,0.05329,"equivalent",3956,880,3674,0.873,0.873,0,0,5,FALSE,FALSE,"A",TRUE,FALSE,FALSE,FALSE
"any","A_substantive","DQ109","w5問9_意識項目9","sm",-0.09584,0.05059,0.04776,-0.0881,0.04476,0.1412,0.3935,0.679,"undetermined",3956,531,3674,0.873,0.873,0,0,5,FALSE,FALSE,"A",TRUE,FALSE,FALSE,FALSE
"any","A_substantive","DQ109","w5問9_意識項目9","ssm",-0.05522,0.0544,0.05315,-0.0508,0.2988,0.5549,0.1569,0.6004,"undetermined",3440,457,3674,0.873,0.873,0,0,5,FALSE,FALSE,"A",TRUE,FALSE,FALSE,FALSE
"any","A_substantive","DQ109","w5問9_意識項目9","ec",-0.00027,0.04088,0.04157,-2e-04,0.9949,0.9966,0.004532,0.02957,"equivalent",3956,880,3674,0.873,0.873,0,0,5,FALSE,FALSE,"A",TRUE,FALSE,FALSE,FALSE
"any","A_substantive","DQ109","w5問9_意識項目9","ec_adj",-0.0035,NA,0.0423,-0.0032,0.934,0.9945,0.006418,0.03494,"equivalent",3956,880,3674,0.873,0.873,0,0,5,FALSE,FALSE,"A",TRUE,FALSE,FALSE,FALSE
"any","A_substantive","DQ110","w5問10_意識項目10","naive",-0.04935,0.04,0.04652,-0.0457,0.2888,0.9357,0.1039,0.1988,"undetermined",3977,888,3717,0.911,0.911,0,0,5,FALSE,FALSE,"A",TRUE,FALSE,FALSE,FALSE
"any","A_substantive","DQ110","w5問10_意識項目10","sm",-0.18749,0.04803,0.05634,-0.1737,0.0008751,0.01412,0.921,0.9425,"affected",3977,538,3717,0.911,0.911,0,0,5,FALSE,FALSE,"A",TRUE,FALSE,FALSE,FALSE
"any","A_substantive","DQ110","w5問10_意識項目10","ssm",-0.14818,0.05035,0.05377,-0.1373,0.005856,0.07362,0.7729,0.842,"affected",3455,461,3717,0.911,0.911,0,0,5,FALSE,FALSE,"A",TRUE,FALSE,FALSE,FALSE
"any","A_substantive","DQ110","w5問10_意識項目10","ec",-0.08912,0.04026,0.04648,-0.0826,0.0552,0.5244,0.3428,0.4221,"undetermined",3977,888,3717,0.911,0.911,0,0,5,FALSE,FALSE,"A",TRUE,FALSE,FALSE,FALSE
"any","A_substantive","DQ110","w5問10_意識項目10","ec_adj",-0.08764,NA,0.04654,-0.0812,0.05968,0.504,0.3314,0.4129,"undetermined",3977,888,3717,0.911,0.911,0,0,5,FALSE,FALSE,"A",TRUE,FALSE,FALSE,FALSE
"any","A_substantive","DQ111","w5問11_意識項目11","naive",0.02875,0.04056,0.03634,0.0264,0.4289,0.9357,0.01356,0.05329,"equivalent",3976,876,3703,0.937,0.937,0,0,5,FALSE,FALSE,"A",TRUE,FALSE,FALSE,FALSE
"any","A_substantive","DQ111","w5問11_意識項目11","sm",-0.09268,0.05048,0.05066,-0.085,0.06734,0.1912,0.3733,0.679,"undetermined",3976,527,3703,0.937,0.937,0,0,5,FALSE,FALSE,"A",TRUE,FALSE,FALSE,FALSE
"any","A_substantive","DQ111","w5問11_意識項目11","ssm",-0.06136,0.05428,0.05325,-0.0563,0.2492,0.5117,0.1852,0.6037,"undetermined",3460,451,3703,0.937,0.937,0,0,5,FALSE,FALSE,"A",TRUE,FALSE,FALSE,FALSE
"any","A_substantive","DQ111","w5問11_意識項目11","ec",0.00388,0.04084,0.03604,0.0036,0.9142,0.9966,0.001761,0.02231,"equivalent",3976,876,3703,0.937,0.937,0,0,5,FALSE,FALSE,"A",TRUE,FALSE,FALSE,FALSE
"any","A_substantive","DQ111","w5問11_意識項目11","ec_adj",0.00349,NA,0.03616,0.0032,0.923,0.9945,0.001756,0.02141,"equivalent",3976,876,3703,0.937,0.937,0,0,5,FALSE,FALSE,"A",TRUE,FALSE,FALSE,FALSE
"any","A_substantive","DQ112","w5問12_意識項目12","naive",-0.00254,0.04046,0.03991,-0.0023,0.9494,0.9958,0.003775,0.04104,"equivalent",3973,882,3708,0.909,0.909,0,0,5,FALSE,FALSE,"A",TRUE,FALSE,FALSE,FALSE
"any","A_substantive","DQ112","w5問12_意識項目12","sm",-0.0918,0.04891,0.04923,-0.0841,0.06221,0.1825,0.3622,0.679,"undetermined",3973,540,3708,0.909,0.909,0,0,5,FALSE,FALSE,"A",TRUE,FALSE,FALSE,FALSE
"any","A_substantive","DQ112","w5問12_意識項目12","ssm",-0.07927,0.0532,0.05321,-0.0726,0.1363,0.4442,0.2871,0.6185,"undetermined",3444,462,3708,0.909,0.909,0,0,5,FALSE,FALSE,"A",TRUE,FALSE,FALSE,FALSE
"any","A_substantive","DQ112","w5問12_意識項目12","ec",-0.03393,0.0407,0.04089,-0.0311,0.4067,0.9966,0.03287,0.08922,"equivalent",3973,882,3708,0.909,0.909,0,0,5,FALSE,FALSE,"A",TRUE,FALSE,FALSE,FALSE
"any","A_substantive","DQ112","w5問12_意識項目12","ec_adj",-0.03442,NA,0.04035,-0.0315,0.3936,0.9945,0.03197,0.09261,"equivalent",3973,882,3708,0.909,0.909,0,0,5,FALSE,FALSE,"A",TRUE,FALSE,FALSE,FALSE
"any","A_substantive","DQ113","w5問13_意識項目13","naive",0.01432,0.0399,0.04537,0.0133,0.7522,0.9357,0.02012,0.06963,"equivalent",3959,866,3716,0.995,0.995,0,0,5,FALSE,FALSE,"A",TRUE,FALSE,FALSE,FALSE
"any","A_substantive","DQ113","w5問13_意識項目13","sm",-0.08038,0.0488,0.05111,-0.0749,0.1158,0.2997,0.2986,0.679,"undetermined",3959,526,3716,0.995,0.995,0,0,5,FALSE,FALSE,"A",TRUE,FALSE,FALSE,FALSE
"any","A_substantive","DQ113","w5問13_意識項目13","ssm",-0.0416,0.05356,0.05582,-0.0387,0.4562,0.669,0.1193,0.5675,"undetermined",3436,449,3716,0.995,0.995,0,0,5,FALSE,FALSE,"A",TRUE,FALSE,FALSE,FALSE
"any","A_substantive","DQ113","w5問13_意識項目13","ec",-0.01779,0.04019,0.04564,-0.0166,0.6967,0.9966,0.02482,0.07986,"equivalent",3959,866,3716,0.995,0.995,0,0,5,FALSE,FALSE,"A",TRUE,FALSE,FALSE,FALSE
"any","A_substantive","DQ113","w5問13_意識項目13","ec_adj",-0.01621,NA,0.04627,-0.0151,0.7261,0.9945,0.02438,0.08055,"equivalent",3959,866,3716,0.995,0.995,0,0,5,FALSE,FALSE,"A",TRUE,FALSE,FALSE,FALSE
"any","A_substantive","DQ114","w5問14_意識項目14","naive",0.0232,0.04056,0.04528,0.0214,0.6084,0.9357,0.02976,0.08449,"equivalent",3949,873,3671,0.874,0.874,0,0,5,FALSE,FALSE,"A",TRUE,FALSE,FALSE,FALSE
"any","A_substantive","DQ114","w5問14_意識項目14","sm",-0.12294,0.04881,0.04746,-0.1133,0.009591,0.04965,0.6193,0.8048,"affected",3949,527,3671,0.874,0.874,0,0,5,FALSE,FALSE,"A",TRUE,FALSE,FALSE,FALSE
"any","A_substantive","DQ114","w5問14_意識項目14","ssm",-0.09252,0.05209,0.05433,-0.0853,0.08855,0.3711,0.3842,0.6185,"undetermined",3421,452,3671,0.874,0.874,0,0,5,FALSE,FALSE,"A",TRUE,FALSE,FALSE,FALSE
"any","A_substantive","DQ114","w5問14_意識項目14","ec",-0.00019,0.04087,0.04569,-2e-04,0.9966,0.9966,0.008869,0.04213,"equivalent",3949,873,3671,0.874,0.874,0,0,5,FALSE,FALSE,"A",TRUE,FALSE,FALSE,FALSE
"any","A_substantive","DQ114","w5問14_意識項目14","ec_adj",0.00031,NA,0.04567,3e-04,0.9945,0.9945,0.008911,0.04233,"equivalent",3949,873,3671,0.874,0.874,0,0,5,FALSE,FALSE,"A",TRUE,FALSE,FALSE,FALSE
"any","A_substantive","DQ115","w5問15_意識項目15","naive",-0.06368,0.03978,0.04243,-0.059,0.1334,0.7354,0.1484,0.2511,"undetermined",3954,878,3671,1.142,1.142,0,0,5,FALSE,FALSE,"A",TRUE,FALSE,FALSE,FALSE
"any","A_substantive","DQ115","w5問15_意識項目15","sm",-0.16838,0.04849,0.04475,-0.156,0.0001684,0.00494,0.9115,0.9425,"affected",3954,531,3671,1.142,1.142,0,0,5,FALSE,FALSE,"A",TRUE,FALSE,FALSE,FALSE
"any","A_substantive","DQ115","w5問15_意識項目15","ssm",-0.1032,0.0526,0.04829,-0.0956,0.03259,0.1912,0.4608,0.6648,"undetermined",3432,454,3671,1.142,1.142,0,0,5,FALSE,FALSE,"A",TRUE,FALSE,FALSE,FALSE
"any","A_substantive","DQ115","w5問15_意識項目15","ec",-0.08707,0.04004,0.0425,-0.0807,0.04048,0.4627,0.3115,0.4082,"undetermined",3954,878,3671,1.142,1.142,0,0,5,FALSE,FALSE,"A",TRUE,FALSE,FALSE,FALSE
"any","A_substantive","DQ115","w5問15_意識項目15","ec_adj",-0.08901,NA,0.04305,-0.0824,0.03869,0.4658,0.3299,0.4129,"undetermined",3954,878,3671,1.142,1.142,0,0,5,FALSE,FALSE,"A",TRUE,FALSE,FALSE,FALSE
"any","A_substantive","DQ116","w5問16_意識項目16","naive",0.01516,0.04084,0.03782,0.0138,0.6885,0.9357,0.006263,0.04104,"equivalent",3944,881,3693,0.85,0.85,0,0,5,FALSE,FALSE,"A",TRUE,FALSE,FALSE,FALSE
"any","A_substantive","DQ116","w5問16_意識項目16","sm",-0.11157,0.05081,0.04448,-0.1018,0.01213,0.05337,0.5177,0.7511,"affected",3944,523,3693,0.85,0.85,0,0,5,FALSE,FALSE,"A",TRUE,FALSE,FALSE,FALSE
"any","A_substantive","DQ116","w5問16_意識項目16","ssm",-0.06464,0.05549,0.04887,-0.059,0.1859,0.4958,0.1788,0.6037,"undetermined",3422,445,3693,0.85,0.85,0,0,5,FALSE,FALSE,"A",TRUE,FALSE,FALSE,FALSE
"any","A_substantive","DQ116","w5問16_意識項目16","ec",-0.01138,0.04112,0.03819,-0.0104,0.7656,0.9966,0.005059,0.02957,"equivalent",3944,881,3693,0.85,0.85,0,0,5,FALSE,FALSE,"A",TRUE,FALSE,FALSE,FALSE
"any","A_substantive","DQ116","w5問16_意識項目16","ec_adj",-0.00679,NA,0.03832,-0.0062,0.8594,0.9945,0.003651,0.02775,"equivalent",3944,881,3693,0.85,0.85,0,0,5,FALSE,FALSE,"A",TRUE,FALSE,FALSE,FALSE
"any","A_substantive","DQ117","w5問17_意識項目17","naive",0.00143,0.03872,0.04274,0.0013,0.9733,0.9958,0.006979,0.04104,"equivalent",3940,893,3695,1.087,1.087,0,0,5,FALSE,FALSE,"A",TRUE,FALSE,FALSE,FALSE
"any","A_substantive","DQ117","w5問17_意識項目17","sm",-0.14441,0.04643,0.04744,-0.1356,0.002335,0.02283,0.7878,0.9004,"affected",3940,535,3695,1.087,1.087,0,0,5,FALSE,FALSE,"A",TRUE,FALSE,FALSE,FALSE
"any","A_substantive","DQ117","w5問17_意識項目17","ssm",-0.13178,0.0505,0.05592,-0.1237,0.01844,0.1531,0.6744,0.7913,"undetermined",3415,456,3695,1.087,1.087,0,0,5,FALSE,FALSE,"A",TRUE,FALSE,FALSE,FALSE
"any","A_substantive","DQ117","w5問17_意識項目17","ec",-0.01206,0.03902,0.04309,-0.0113,0.7796,0.9966,0.0142,0.05681,"equivalent",3940,893,3695,1.087,1.087,0,0,5,FALSE,FALSE,"A",TRUE,FALSE,FALSE,FALSE
"any","A_substantive","DQ117","w5問17_意識項目17","ec_adj",-0.01272,NA,0.04375,-0.0119,0.7712,0.9945,0.01603,0.05844,"equivalent",3940,893,3695,1.087,1.087,0,0,5,FALSE,FALSE,"A",TRUE,FALSE,FALSE,FALSE
"any","A_substantive","DQ118","w5問18_意識項目18","naive",0.03586,0.03922,0.04912,0.0336,0.4653,0.9357,0.07429,0.1598,"undetermined",3956,895,3671,0.945,0.945,0,0,5,FALSE,FALSE,"A",TRUE,FALSE,FALSE,FALSE
"any","A_substantive","DQ118","w5問18_意識項目18","sm",-0.07921,0.04896,0.0584,-0.0742,0.175,0.358,0.3182,0.679,"undetermined",3956,533,3671,0.945,0.945,0,0,5,FALSE,FALSE,"A",TRUE,FALSE,FALSE,FALSE
"any","A_substantive","DQ118","w5問18_意識項目18","ssm",-0.09004,0.05286,0.06502,-0.0843,0.1661,0.4761,0.3981,0.6185,"undetermined",3438,452,3671,0.945,0.945,0,0,5,FALSE,FALSE,"A",TRUE,FALSE,FALSE,FALSE
"any","A_substantive","DQ118","w5問18_意識項目18","ec",-0.01031,0.03955,0.0508,-0.0097,0.8392,0.9966,0.02871,0.08728,"equivalent",3956,895,3671,0.945,0.945,0,0,5,FALSE,FALSE,"A",TRUE,FALSE,FALSE,FALSE
"any","A_substantive","DQ118","w5問18_意識項目18","ec_adj",-0.00928,NA,0.05006,-0.0087,0.8529,0.9945,0.02569,0.08134,"equivalent",3956,895,3671,0.945,0.945,0,0,5,FALSE,FALSE,"A",TRUE,FALSE,FALSE,FALSE
"any","A_substantive","DQ119","w5問19_意識項目19","naive",0.06628,0.03992,0.04444,0.0609,0.1358,0.7354,0.1688,0.267,"undetermined",3967,903,3688,0.944,0.944,0,0,5,FALSE,FALSE,"A",TRUE,FALSE,FALSE,FALSE
"any","A_substantive","DQ119","w5問19_意識項目19","sm",-0.08337,0.0481,0.05047,-0.0766,0.09856,0.2709,0.3066,0.679,"undetermined",3967,534,3688,0.944,0.944,0,0,5,FALSE,FALSE,"A",TRUE,FALSE,FALSE,FALSE
"any","A_substantive","DQ119","w5問19_意識項目19","ssm",-0.08545,0.05212,0.05164,-0.0785,0.09801,0.3791,0.3249,0.6185,"undetermined",3445,457,3688,0.944,0.944,0,0,5,FALSE,FALSE,"A",TRUE,FALSE,FALSE,FALSE
"any","A_substantive","DQ119","w5問19_意識項目19","ec",0.02712,0.0402,0.04396,0.0249,0.5372,0.9966,0.03144,0.08904,"equivalent",3967,903,3688,0.944,0.944,0,0,5,FALSE,FALSE,"A",TRUE,FALSE,FALSE,FALSE
"any","A_substantive","DQ119","w5問19_意識項目19","ec_adj",0.02776,NA,0.04449,0.0255,0.5327,0.9945,0.03412,0.09261,"equivalent",3967,903,3688,0.944,0.944,0,0,5,FALSE,FALSE,"A",TRUE,FALSE,FALSE,FALSE
"any","A_substantive","DQ120","w5問20_意識項目20","naive",0.00183,0.04057,0.03594,0.0017,0.9593,0.9958,0.00157,0.02316,"equivalent",3953,860,3693,0.857,0.857,0,0,5,FALSE,FALSE,"A",TRUE,FALSE,FALSE,FALSE
"any","A_substantive","DQ120","w5問20_意識項目20","sm",-0.13809,0.04992,0.0451,-0.1279,0.002202,0.02283,0.7478,0.8873,"affected",3953,516,3693,0.857,0.857,0,0,5,FALSE,FALSE,"A",TRUE,FALSE,FALSE,FALSE
"any","A_substantive","DQ120","w5問20_意識項目20","ssm",-0.11074,0.0548,0.04899,-0.1026,0.0238,0.1531,0.5225,0.6966,"undetermined",3429,440,3693,0.857,0.857,0,0,5,FALSE,FALSE,"A",TRUE,FALSE,FALSE,FALSE
"any","A_substantive","DQ120","w5問20_意識項目20","ec",-0.01125,0.04086,0.03629,-0.0104,0.7565,0.9966,0.003848,0.02925,"equivalent",3953,860,3693,0.857,0.857,0,0,5,FALSE,FALSE,"A",TRUE,FALSE,FALSE,FALSE
"any","A_substantive","DQ120","w5問20_意識項目20","ec_adj",-0.0128,NA,0.03595,-0.0119,0.7219,0.9945,0.004057,0.02803,"equivalent",3953,860,3693,0.857,0.857,0,0,5,FALSE,FALSE,"A",TRUE,FALSE,FALSE,FALSE
"any","A_substantive","DQ121","w5問21_意識項目21","naive",0.01613,0.04057,0.03636,0.0148,0.6573,0.9357,0.005381,0.04104,"equivalent",3944,884,3672,0.861,0.861,0,0,5,FALSE,FALSE,"A",TRUE,FALSE,FALSE,FALSE
"any","A_substantive","DQ121","w5問21_意識項目21","sm",-0.09284,0.04954,0.0443,-0.0853,0.03613,0.1325,0.3588,0.679,"undetermined",3944,534,3672,0.861,0.861,0,0,5,FALSE,FALSE,"A",TRUE,FALSE,FALSE,FALSE
"any","A_substantive","DQ121","w5問21_意識項目21","ssm",-0.04384,0.0531,0.04612,-0.0403,0.3419,0.6017,0.07934,0.5201,"undetermined",3428,456,3672,0.861,0.861,0,0,5,FALSE,FALSE,"A",TRUE,FALSE,FALSE,FALSE
"any","A_substantive","DQ121","w5問21_意識項目21","ec",-0.00451,0.04091,0.03679,-0.0041,0.9024,0.9966,0.002282,0.02254,"equivalent",3944,884,3672,0.861,0.861,0,0,5,FALSE,FALSE,"A",TRUE,FALSE,FALSE,FALSE
"any","A_substantive","DQ121","w5問21_意識項目21","ec_adj",-0.00461,NA,0.0372,-0.0042,0.9014,0.9945,0.002535,0.02141,"equivalent",3944,884,3672,0.861,0.861,0,0,5,FALSE,FALSE,"A",TRUE,FALSE,FALSE,FALSE
"any","A_substantive","DQ122","w5問22_意識項目22","naive",0.00453,0.0394,0.03958,0.0042,0.9089,0.9754,0.00496,0.04104,"equivalent",3956,883,3683,1.009,1.009,0,0,5,FALSE,FALSE,"A",TRUE,FALSE,FALSE,FALSE
"any","A_substantive","DQ122","w5問22_意識項目22","sm",-0.11858,0.04825,0.04676,-0.1113,0.01121,0.05193,0.6013,0.8048,"affected",3956,531,3683,1.009,1.009,0,0,5,FALSE,FALSE,"A",TRUE,FALSE,FALSE,FALSE
"any","A_substantive","DQ122","w5問22_意識項目22","ssm",-0.0948,0.05264,0.05044,-0.0889,0.06016,0.2786,0.4077,0.6185,"undetermined",3437,451,3683,1.009,1.009,0,0,5,FALSE,FALSE,"A",TRUE,FALSE,FALSE,FALSE
"any","A_substantive","DQ122","w5問22_意識項目22","ec",-0.02079,0.03966,0.04018,-0.0195,0.6049,0.9966,0.01637,0.05881,"equivalent",3956,883,3683,1.009,1.009,0,0,5,FALSE,FALSE,"A",TRUE,FALSE,FALSE,FALSE
"any","A_substantive","DQ122","w5問22_意識項目22","ec_adj",-0.0219,NA,0.03956,-0.0205,0.5798,0.9945,0.01615,0.05844,"equivalent",3956,883,3683,1.009,1.009,0,0,5,FALSE,FALSE,"A",TRUE,FALSE,FALSE,FALSE
"any","A_substantive","DQ123","w5問23_意識項目23","naive",0.03863,0.04102,0.0488,0.0353,0.4287,0.9357,0.07305,0.1598,"undetermined",3970,888,3697,0.897,0.897,0,0,5,FALSE,FALSE,"A",TRUE,FALSE,FALSE,FALSE
"any","A_substantive","DQ123","w5問23_意識項目23","sm",-0.1195,0.04978,0.04659,-0.1091,0.01032,0.05044,0.5845,0.8048,"affected",3970,536,3697,0.897,0.897,0,0,5,FALSE,FALSE,"A",TRUE,FALSE,FALSE,FALSE
"any","A_substantive","DQ123","w5問23_意識項目23","ssm",-0.09647,0.05352,0.05488,-0.0881,0.07878,0.3466,0.4058,0.6185,"undetermined",3445,458,3697,0.897,0.897,0,0,5,FALSE,FALSE,"A",TRUE,FALSE,FALSE,FALSE
"any","A_substantive","DQ123","w5問23_意識項目23","ec",0.0035,0.04133,0.05004,0.0032,0.9442,0.9966,0.01702,0.05881,"equivalent",3970,888,3697,0.897,0.897,0,0,5,FALSE,FALSE,"A",TRUE,FALSE,FALSE,FALSE
"any","A_substantive","DQ123","w5問23_意識項目23","ec_adj",0.00272,NA,0.04954,0.0025,0.9563,0.9945,0.01551,0.05844,"equivalent",3970,888,3697,0.897,0.897,0,0,5,FALSE,FALSE,"A",TRUE,FALSE,FALSE,FALSE
"any","A_substantive","DQ124","w5問24_意識項目24","naive",0.02607,0.04039,0.04234,0.0239,0.5381,0.9357,0.02496,0.07846,"equivalent",3968,880,3691,0.921,0.921,0,0,5,FALSE,FALSE,"A",TRUE,FALSE,FALSE,FALSE
"any","A_substantive","DQ124","w5問24_意識項目24","sm",-0.13681,0.04969,0.04373,-0.1254,0.001758,0.0221,0.7369,0.8873,"affected",3968,528,3691,0.921,0.921,0,0,5,FALSE,FALSE,"A",TRUE,FALSE,FALSE,FALSE
"any","A_substantive","DQ124","w5問24_意識項目24","ssm",-0.1161,0.05454,0.05135,-0.1064,0.02378,0.1531,0.5543,0.7228,"undetermined",3447,449,3691,0.921,0.921,0,0,5,FALSE,FALSE,"A",TRUE,FALSE,FALSE,FALSE
"any","A_substantive","DQ124","w5問24_意識項目24","ec",-0.00046,0.04063,0.04281,-4e-04,0.9913,0.9966,0.005582,0.03014,"equivalent",3968,880,3691,0.921,0.921,0,0,5,FALSE,FALSE,"A",TRUE,FALSE,FALSE,FALSE
"any","A_substantive","DQ124","w5問24_意識項目24","ec_adj",0.00144,NA,0.04328,0.0013,0.9734,0.9945,0.006437,0.03494,"equivalent",3968,880,3691,0.921,0.921,0,0,5,FALSE,FALSE,"A",TRUE,FALSE,FALSE,FALSE
"any","A_substantive","DQ125","w5問25_意識項目25","naive",0.02876,0.0393,0.04144,0.0266,0.4877,0.9357,0.02787,0.08324,"equivalent",3977,893,3692,1.029,1.029,0,0,5,FALSE,FALSE,"A",TRUE,FALSE,FALSE,FALSE
"any","A_substantive","DQ125","w5問25_意識項目25","sm",-0.0584,0.04865,0.04445,-0.0541,0.1889,0.3779,0.1321,0.679,"undetermined",3977,541,3692,1.029,1.029,0,0,5,FALSE,FALSE,"A",TRUE,FALSE,FALSE,FALSE
"any","A_substantive","DQ125","w5問25_意識項目25","ssm",-0.05192,0.0524,0.04891,-0.0481,0.2884,0.5549,0.1256,0.5675,"undetermined",3451,461,3692,1.029,1.029,0,0,5,FALSE,FALSE,"A",TRUE,FALSE,FALSE,FALSE
"any","A_substantive","DQ125","w5問25_意識項目25","ec",0.00042,0.0396,0.04164,4e-04,0.9919,0.9966,0.00488,0.02957,"equivalent",3977,893,3692,1.029,1.029,0,0,5,FALSE,FALSE,"A",TRUE,FALSE,FALSE,FALSE
"any","A_substantive","DQ125","w5問25_意識項目25","ec_adj",0.00476,NA,0.04231,0.0044,0.9104,0.9945,0.007323,0.0371,"equivalent",3977,893,3692,1.029,1.029,0,0,5,FALSE,FALSE,"A",TRUE,FALSE,FALSE,FALSE
"any","A_substantive","DQ126","w5問26_意識項目26","naive",0.04035,0.0407,0.03662,0.0366,0.2706,0.9357,0.02838,0.08324,"equivalent",3990,898,0,0.943,0.943,0,0,5,FALSE,FALSE,"A",TRUE,FALSE,FALSE,FALSE
"any","A_substantive","DQ126","w5問26_意識項目26","sm",-0.05444,0.05033,0.04979,-0.0494,0.2741,0.473,0.1317,0.679,"undetermined",3990,538,0,0.943,0.943,0,0,5,FALSE,FALSE,"A",TRUE,FALSE,FALSE,FALSE
"any","A_substantive","DQ126","w5問26_意識項目26","ssm",-0.04959,0.05412,0.05498,-0.045,0.3671,0.6185,0.1354,0.5675,"undetermined",3474,459,0,0.943,0.943,0,0,5,FALSE,FALSE,"A",TRUE,FALSE,FALSE,FALSE
"any","A_substantive","DQ127","w5問27_意識項目27","naive",0.03966,0.04018,0.04949,0.0362,0.4229,0.9357,0.07887,0.1614,"undetermined",3948,889,0,1.017,1.017,0,0,5,FALSE,FALSE,"",TRUE,FALSE,FALSE,FALSE
"any","A_substantive","DQ127","w5問27_意識項目27","sm",-0.06513,0.04914,0.05112,-0.0594,0.2026,0.3962,0.1923,0.679,"undetermined",3948,527,0,1.017,1.017,0,0,5,FALSE,FALSE,"",TRUE,FALSE,FALSE,FALSE
"any","A_substantive","DQ127","w5問27_意識項目27","ssm",-0.02316,0.05297,0.05433,-0.0211,0.6699,0.8544,0.05583,0.4094,"undetermined",3432,448,0,1.017,1.017,0,0,5,FALSE,FALSE,"",TRUE,FALSE,FALSE,FALSE
"any","A_substantive","DQ128","w5問28_意識項目28","naive",0.06985,0.04136,0.04485,0.0635,0.1194,0.7354,0.1851,0.2857,"undetermined",3964,877,0,0.895,0.895,0,0,5,FALSE,FALSE,"",TRUE,FALSE,FALSE,FALSE
"any","A_substantive","DQ128","w5問28_意識項目28","sm",-0.04185,0.05181,0.05171,-0.038,0.4183,0.6239,0.09364,0.6414,"undetermined",3964,522,0,0.895,0.895,0,0,5,FALSE,FALSE,"",TRUE,FALSE,FALSE,FALSE
"any","A_substantive","DQ128","w5問28_意識項目28","ssm",-0.01439,0.0559,0.05839,-0.0131,0.8053,0.9086,0.05069,0.4094,"undetermined",3447,446,0,0.895,0.895,0,0,5,FALSE,FALSE,"",TRUE,FALSE,FALSE,FALSE
"any","A_substantive","DQ129","w5問29_意識項目29","naive",0.11459,0.03966,0.04153,0.1062,0.005795,0.08499,0.5642,0.6285,"affected",3964,880,0,1.123,1.123,0,0,5,FALSE,FALSE,"",TRUE,FALSE,FALSE,FALSE
"any","A_substantive","DQ129","w5問29_意識項目29","sm",0.01096,0.05045,0.05314,0.0102,0.8366,0.9088,0.0341,0.3334,"undetermined",3964,525,0,1.123,1.123,0,0,5,FALSE,FALSE,"",TRUE,FALSE,FALSE,FALSE
"any","A_substantive","DQ129","w5問29_意識項目29","ssm",0.02468,0.05363,0.05219,0.0229,0.6363,0.8234,0.05547,0.4094,"undetermined",3443,448,0,1.123,1.123,0,0,5,FALSE,FALSE,"",TRUE,FALSE,FALSE,FALSE
"any","A_substantive","DQ130","w5問30_意識項目30","naive",0.01573,0.04058,0.03977,0.0144,0.6924,0.9357,0.009255,0.04104,"equivalent",3979,887,0,0.878,0.878,0,0,5,FALSE,FALSE,"",TRUE,FALSE,FALSE,FALSE
"any","A_substantive","DQ130","w5問30_意識項目30","sm",-0.10067,0.0499,0.0503,-0.092,0.04535,0.1412,0.4311,0.7296,"undetermined",3979,531,0,0.878,0.878,0,0,5,FALSE,FALSE,"",TRUE,FALSE,FALSE,FALSE
"any","A_substantive","DQ130","w5問30_意識項目30","ssm",-0.07753,0.05415,0.05487,-0.0709,0.1576,0.4761,0.2807,0.6185,"undetermined",3453,450,0,0.878,0.878,0,0,5,FALSE,FALSE,"",TRUE,FALSE,FALSE,FALSE
"any","A_substantive","DQ131","w5問31_事実項目31","naive",0.01145,0.01802,0.01816,0.0229,0.5283,0.9357,0.319,0.4253,"undetermined",4091,948,4002,0.873,0.873,0,0,2,FALSE,FALSE,"A",TRUE,FALSE,FALSE,FALSE
"any","A_substantive","DQ131","w5問31_事実項目31","sm",0.04537,0.02228,0.02162,0.0907,0.03583,0.1325,0.8797,0.9327,"undetermined",4091,569,4002,0.873,0.873,0,0,2,FALSE,FALSE,"A",TRUE,FALSE,FALSE,FALSE
"any","A_substantive","DQ131","w5問31_事実項目31","ssm",0.03367,0.02411,0.02088,0.0673,0.1069,0.3791,0.7436,0.8283,"undetermined",3551,486,4002,0.873,0.873,0,0,2,FALSE,FALSE,"A",TRUE,FALSE,FALSE,FALSE
"any","A_substantive","DQ131","w5問31_事実項目31","ec",0.01986,0.01824,0.01953,0.0397,0.3092,0.9966,0.4971,0.5724,"undetermined",4091,948,4002,0.873,0.873,0,0,2,FALSE,FALSE,"A",TRUE,FALSE,FALSE,FALSE
"any","A_substantive","DQ131","w5問31_事実項目31","ec_adj",0.01987,NA,0.01967,0.0397,0.3123,0.9945,0.4974,0.5727,"undetermined",4091,948,4002,0.873,0.873,0,0,2,FALSE,FALSE,"A",TRUE,FALSE,FALSE,FALSE
"any","A_substantive","DQ132","w5問32_事実項目32","naive",-0.01856,0.01804,0.01608,-0.0371,0.2484,0.9357,0.4645,0.5308,"undetermined",4079,947,4014,0.882,0.882,0,0,2,FALSE,FALSE,"A",TRUE,FALSE,FALSE,FALSE
"any","A_substantive","DQ132","w5問32_事実項目32","sm",0.01365,0.02239,0.02096,0.0273,0.5149,0.6971,0.3809,0.679,"undetermined",4079,568,4014,0.882,0.882,0,0,2,FALSE,FALSE,"A",TRUE,FALSE,FALSE,FALSE
"any","A_substantive","DQ132","w5問32_事実項目32","ssm",0.01655,0.0242,0.0217,0.0331,0.4455,0.6644,0.4369,0.6517,"undetermined",3546,485,4014,0.882,0.882,0,0,2,FALSE,FALSE,"A",TRUE,FALSE,FALSE,FALSE
"any","A_substantive","DQ132","w5問32_事実項目32","ec",-0.01321,0.01826,0.01693,-0.0264,0.4352,0.9966,0.3443,0.4221,"undetermined",4079,947,4014,0.882,0.882,0,0,2,FALSE,FALSE,"A",TRUE,FALSE,FALSE,FALSE
"any","A_substantive","DQ132","w5問32_事実項目32","ec_adj",-0.01342,NA,0.01674,-0.0268,0.4228,0.9945,0.3472,0.4256,"undetermined",4079,947,4014,0.882,0.882,0,0,2,FALSE,FALSE,"A",TRUE,FALSE,FALSE,FALSE
"any","A_substantive","DQ133","w5問33_事実項目33","naive",-0.01335,0.0181,0.0182,-0.0267,0.4632,0.9357,0.3575,0.4404,"undetermined",4081,940,4012,0.873,0.873,0,0,2,FALSE,FALSE,"A",TRUE,FALSE,FALSE,FALSE
"any","A_substantive","DQ133","w5問33_事実項目33","sm",0.02675,0.02247,0.02176,0.0535,0.2188,0.4186,0.6219,0.8048,"undetermined",4081,561,4012,0.873,0.873,0,0,2,FALSE,FALSE,"A",TRUE,FALSE,FALSE,FALSE
"any","A_substantive","DQ133","w5問33_事実項目33","ssm",0.00895,0.02427,0.02341,0.0179,0.7021,0.8645,0.3185,0.6185,"undetermined",3545,481,4012,0.873,0.873,0,0,2,FALSE,FALSE,"A",TRUE,FALSE,FALSE,FALSE
"any","A_substantive","DQ133","w5問33_事実項目33","ec",-0.00816,0.01829,0.01903,-0.0163,0.6679,0.9966,0.267,0.3623,"undetermined",4081,940,4012,0.873,0.873,0,0,2,FALSE,FALSE,"A",TRUE,FALSE,FALSE,FALSE
"any","A_substantive","DQ133","w5問33_事実項目33","ec_adj",-0.00792,NA,0.01919,-0.0158,0.68,0.9945,0.2645,0.359,"undetermined",4081,940,4012,0.873,0.873,0,0,2,FALSE,FALSE,"A",TRUE,FALSE,FALSE,FALSE
"any","A_substantive","DQ134","w5問34_事実項目34","naive",-0.0143,0.0181,0.01908,-0.0286,0.4535,0.9357,0.3826,0.4612,"undetermined",4053,941,3966,0.869,0.869,0,0,2,FALSE,FALSE,"A",TRUE,FALSE,FALSE,FALSE
"any","A_substantive","DQ134","w5問34_事実項目34","sm",0.03066,0.0224,0.02182,0.0613,0.1601,0.3436,0.6873,0.8641,"undetermined",4053,565,3966,0.869,0.869,0,0,2,FALSE,FALSE,"A",TRUE,FALSE,FALSE,FALSE
"any","A_substantive","DQ134","w5問34_事実項目34","ssm",0.02544,0.02425,0.02465,0.0509,0.3022,0.5549,0.5873,0.7228,"undetermined",3521,481,3966,0.869,0.869,0,0,2,FALSE,FALSE,"A",TRUE,FALSE,FALSE,FALSE
"any","A_substantive","DQ134","w5問34_事実項目34","ec",0.00015,0.01831,0.01827,3e-04,0.9933,0.9966,0.1387,0.2395,"undetermined",4053,941,3966,0.869,0.869,0,0,2,FALSE,FALSE,"A",TRUE,FALSE,FALSE,FALSE
"any","A_substantive","DQ134","w5問34_事実項目34","ec_adj",0.00036,NA,0.01836,7e-04,0.9843,0.9945,0.1423,0.2422,"undetermined",4053,941,3966,0.869,0.869,0,0,2,FALSE,FALSE,"A",TRUE,FALSE,FALSE,FALSE
"any","A_substantive","DQ135","w5問35_事実項目35","naive",-0.01578,0.01809,0.0179,-0.0316,0.3779,0.9357,0.4068,0.4838,"undetermined",4068,941,3985,0.874,0.874,0,0,2,FALSE,FALSE,"A",TRUE,FALSE,FALSE,FALSE
"any","A_substantive","DQ135","w5問35_事実項目35","sm",-0.00607,0.02244,0.01889,-0.0121,0.748,0.8514,0.2304,0.679,"undetermined",4068,566,3985,0.874,0.874,0,0,2,FALSE,FALSE,"A",TRUE,FALSE,FALSE,FALSE
"any","A_substantive","DQ135","w5問35_事実項目35","ssm",-0.02485,0.02425,0.0215,-0.0497,0.2478,0.5117,0.5892,0.7228,"undetermined",3537,484,3985,0.874,0.874,0,0,2,FALSE,FALSE,"A",TRUE,FALSE,FALSE,FALSE
"any","A_substantive","DQ135","w5問35_事実項目35","ec",-0.01138,0.01831,0.01859,-0.0228,0.5403,0.9966,0.3214,0.4083,"undetermined",4068,941,3985,0.874,0.874,0,0,2,FALSE,FALSE,"A",TRUE,FALSE,FALSE,FALSE
"any","A_substantive","DQ135","w5問35_事実項目35","ec_adj",-0.01026,NA,0.01902,-0.0205,0.5896,0.9945,0.3044,0.3988,"undetermined",4068,941,3985,0.874,0.874,0,0,2,FALSE,FALSE,"A",TRUE,FALSE,FALSE,FALSE
"any","A_substantive","DQ136","w5問36_労働時間36","naive",0.13679,0.24179,0.20169,0.0205,0.4976,0.9357,0.004367,0.04104,"equivalent",4030,930,3907,NA,NA,NA,NA,NA,FALSE,FALSE,"A",TRUE,FALSE,FALSE,FALSE
"any","A_substantive","DQ136","w5問36_労働時間36","sm",-0.8424,0.29501,0.25516,-0.1266,0.0009617,0.01412,0.7557,0.8873,"affected",4030,554,3907,NA,NA,NA,NA,NA,FALSE,FALSE,"A",TRUE,FALSE,FALSE,FALSE
"any","A_substantive","DQ136","w5問36_労働時間36","ssm",-0.75199,0.31844,0.28341,-0.113,0.007968,0.07791,0.6197,0.7369,"affected",3505,471,3907,NA,NA,NA,NA,NA,FALSE,FALSE,"A",TRUE,FALSE,FALSE,FALSE
"any","A_substantive","DQ136","w5問36_労働時間36","ec",-0.05869,0.24133,0.20642,-0.0088,0.7762,0.9966,0.001639,0.02231,"equivalent",4030,930,3907,NA,NA,NA,NA,NA,FALSE,FALSE,"A",TRUE,FALSE,FALSE,FALSE
"any","A_substantive","DQ136","w5問36_労働時間36","ec_adj",-0.04562,NA,0.20717,-0.0069,0.8257,0.9945,0.001382,0.021,"equivalent",4030,930,3907,NA,NA,NA,NA,NA,FALSE,FALSE,"A",TRUE,FALSE,FALSE,FALSE
"any","A_substantive","DQ137","w5問37_労働時間37","naive",0.26626,0.22984,0.25569,0.0416,0.2977,0.9357,0.07188,0.1598,"undetermined",4033,936,3921,NA,NA,NA,NA,NA,FALSE,FALSE,"A",TRUE,FALSE,FALSE,FALSE
"any","A_substantive","DQ137","w5問37_労働時間37","sm",-0.84591,0.28183,0.28887,-0.1322,0.003408,0.02726,0.762,0.8873,"affected",4033,563,3921,NA,NA,NA,NA,NA,FALSE,FALSE,"A",TRUE,FALSE,FALSE,FALSE
"any","A_substantive","DQ137","w5問37_労働時間37","ssm",-0.69617,0.30119,0.30921,-0.1088,0.02436,0.1531,0.572,0.7228,"undetermined",3500,479,3921,NA,NA,NA,NA,NA,FALSE,FALSE,"A",TRUE,FALSE,FALSE,FALSE
"any","A_substantive","DQ137","w5問37_労働時間37","ec",0.06861,0.22911,0.25496,0.0107,0.7878,0.9966,0.0125,0.05279,"equivalent",4033,936,3921,NA,NA,NA,NA,NA,FALSE,FALSE,"A",TRUE,FALSE,FALSE,FALSE
"any","A_substantive","DQ137","w5問37_労働時間37","ec_adj",0.06771,NA,0.25047,0.0106,0.7869,0.9945,0.01115,0.0471,"equivalent",4033,936,3921,NA,NA,NA,NA,NA,FALSE,FALSE,"A",TRUE,FALSE,FALSE,FALSE
"any","A_substantive","DQ138","w5問38_労働時間38","naive",-0.05165,0.23091,0.24756,-0.0081,0.8347,0.9593,0.009022,0.04104,"equivalent",4037,926,3916,NA,NA,NA,NA,NA,FALSE,FALSE,"A",TRUE,FALSE,FALSE,FALSE
"any","A_substantive","DQ138","w5問38_労働時間38","sm",-0.93638,0.27954,0.28365,-0.147,0.0009626,0.01412,0.8543,0.9168,"affected",4037,556,3916,NA,NA,NA,NA,NA,FALSE,FALSE,"A",TRUE,FALSE,FALSE,FALSE
"any","A_substantive","DQ138","w5問38_労働時間38","ssm",-0.64587,0.29934,0.31654,-0.1014,0.04131,0.2138,0.5111,0.6966,"undetermined",3506,472,3916,NA,NA,NA,NA,NA,FALSE,FALSE,"A",TRUE,FALSE,FALSE,FALSE
"any","A_substantive","DQ138","w5問38_労働時間38","ec",-0.306,0.23009,0.24206,-0.048,0.2062,0.9217,0.0857,0.162,"undetermined",4037,926,3916,NA,NA,NA,NA,NA,FALSE,FALSE,"A",TRUE,FALSE,FALSE,FALSE
"any","A_substantive","DQ138","w5問38_労働時間38","ec_adj",-0.30034,NA,0.24109,-0.0471,0.2128,0.9509,0.08125,0.1625,"undetermined",4037,926,3916,NA,NA,NA,NA,NA,FALSE,FALSE,"A",TRUE,FALSE,FALSE,FALSE
"any","A_substantive","DQ139","w5問39_労働時間39","naive",0.08666,0.23353,0.2766,0.0135,0.7541,0.9357,0.02213,0.07214,"equivalent",4046,921,3912,NA,NA,NA,NA,NA,FALSE,FALSE,"A",TRUE,FALSE,FALSE,FALSE
"any","A_substantive","DQ139","w5問39_労働時間39","sm",-0.9023,0.2876,0.30308,-0.1403,0.00291,0.0256,0.8038,0.9013,"affected",4046,556,3912,NA,NA,NA,NA,NA,FALSE,FALSE,"A",TRUE,FALSE,FALSE,FALSE
"any","A_substantive","DQ139","w5問39_労働時間39","ssm",-0.73144,0.30562,0.34866,-0.1137,0.03592,0.1975,0.6001,0.7234,"undetermined",3509,475,3912,NA,NA,NA,NA,NA,FALSE,FALSE,"A",TRUE,FALSE,FALSE,FALSE
"any","A_substantive","DQ139","w5問39_労働時間39","ec",-0.17214,0.23291,0.28329,-0.0268,0.5434,0.9966,0.04823,0.1143,"undetermined",4046,921,3912,NA,NA,NA,NA,NA,FALSE,FALSE,"A",TRUE,FALSE,FALSE,FALSE
"any","A_substantive","DQ139","w5問39_労働時間39","ec_adj",-0.16305,NA,0.28487,-0.0254,0.5671,0.9945,0.046,0.1158,"undetermined",4046,921,3912,NA,NA,NA,NA,NA,FALSE,FALSE,"A",TRUE,FALSE,FALSE,FALSE
"any","A_substantive","DQ140","w5問40_労働時間40","naive",0.34377,0.23429,0.2773,0.0531,0.2151,0.9357,0.1363,0.2353,"undetermined",4041,941,3926,NA,NA,NA,NA,NA,FALSE,FALSE,"A",TRUE,FALSE,FALSE,FALSE
"any","A_substantive","DQ140","w5問40_労働時間40","sm",-0.64838,0.28202,0.30529,-0.1001,0.03369,0.1325,0.5006,0.7511,"undetermined",4041,569,3926,NA,NA,NA,NA,NA,FALSE,FALSE,"A",TRUE,FALSE,FALSE,FALSE
"any","A_substantive","DQ140","w5問40_労働時間40","ssm",-0.50106,0.30336,0.31821,-0.0773,0.1153,0.3904,0.3222,0.6185,"undetermined",3509,486,3926,NA,NA,NA,NA,NA,FALSE,FALSE,"A",TRUE,FALSE,FALSE,FALSE
"any","A_substantive","DQ140","w5問40_労働時間40","ec",0.11186,0.23373,0.27404,0.0173,0.6831,0.9966,0.02522,0.07986,"equivalent",4041,941,3926,NA,NA,NA,NA,NA,FALSE,FALSE,"A",TRUE,FALSE,FALSE,FALSE
"any","A_substantive","DQ140","w5問40_労働時間40","ec_adj",0.11856,NA,0.27591,0.0183,0.6674,0.9945,0.02751,0.08364,"equivalent",4041,941,3926,NA,NA,NA,NA,NA,FALSE,FALSE,"A",TRUE,FALSE,FALSE,FALSE
"any","A_substantive","DQ02","w5_就業","naive",-0.00508,0.01789,0.01897,-0.0101,0.789,0.9496,0.2157,0.3217,"undetermined",4164,963,0,0.876,0.876,0,0,2,FALSE,FALSE,"A",TRUE,FALSE,FALSE,FALSE
"any","A_substantive","DQ02","w5_就業","sm",-0.02566,0.02219,0.02246,-0.0513,0.2532,0.473,0.5995,0.8048,"undetermined",4164,578,0,0.876,0.876,0,0,2,FALSE,FALSE,"A",TRUE,FALSE,FALSE,FALSE
"any","A_substantive","DQ02","w5_就業","ssm",-0.03236,0.02398,0.02304,-0.0647,0.1602,0.4761,0.7042,0.8154,"undetermined",3618,493,0,0.876,0.876,0,0,2,FALSE,FALSE,"A",TRUE,FALSE,FALSE,FALSE
"any","A_substantive","DQ43__1","w5問43_婚姻: 既婚","naive",0.01426,0.01788,0.01605,0.0285,0.3744,0.9357,0.3603,0.4404,"undetermined",4164,963,4164,0.893,0.893,0,0,2,FALSE,FALSE,"A",TRUE,FALSE,FALSE,FALSE
"any","A_substantive","DQ43__1","w5問43_婚姻: 既婚","sm",0.0037,0.02221,0.01916,0.0074,0.8469,0.9088,0.1975,0.679,"undetermined",4164,578,4164,0.893,0.893,0,0,2,FALSE,FALSE,"A",TRUE,FALSE,FALSE,FALSE
"any","A_substantive","DQ43__1","w5問43_婚姻: 既婚","ssm",-0.00397,0.02402,0.0221,-0.0079,0.8576,0.9203,0.234,0.6185,"undetermined",3618,493,4164,0.893,0.893,0,0,2,FALSE,FALSE,"A",TRUE,FALSE,FALSE,FALSE
"any","A_substantive","DQ43__1","w5問43_婚姻: 既婚","ec",0.01633,0.01809,0.01597,0.0327,0.3065,0.9966,0.4091,0.4784,"undetermined",4164,963,4164,0.893,0.893,0,0,2,FALSE,FALSE,"A",TRUE,FALSE,FALSE,FALSE
"any","A_substantive","DQ43__1","w5問43_婚姻: 既婚","ec_adj",0.01632,NA,0.01629,0.0326,0.3163,0.9945,0.4108,0.4878,"undetermined",4164,963,4164,0.893,0.893,0,0,2,FALSE,FALSE,"A",TRUE,FALSE,FALSE,FALSE
"any","A_substantive","DQ43__2","w5問43_婚姻: 未婚","naive",-0.01426,0.01788,0.01605,-0.0285,0.3744,0.9357,0.3603,0.4404,"undetermined",4164,963,4164,0.893,0.893,0,0,2,FALSE,FALSE,"A",TRUE,FALSE,FALSE,FALSE
"any","A_substantive","DQ43__2","w5問43_婚姻: 未婚","sm",-0.0037,0.02221,0.01916,-0.0074,0.8469,0.9088,0.1975,0.679,"undetermined",4164,578,4164,0.893,0.893,0,0,2,FALSE,FALSE,"A",TRUE,FALSE,FALSE,FALSE
"any","A_substantive","DQ43__2","w5問43_婚姻: 未婚","ssm",0.00397,0.02402,0.0221,0.0079,0.8576,0.9203,0.234,0.6185,"undetermined",3618,493,4164,0.893,0.893,0,0,2,FALSE,FALSE,"A",TRUE,FALSE,FALSE,FALSE
"any","A_substantive","DQ43__2","w5問43_婚姻: 未婚","ec",-0.01633,0.01809,0.01597,-0.0327,0.3065,0.9966,0.4091,0.4784,"undetermined",4164,963,4164,0.893,0.893,0,0,2,FALSE,FALSE,"A",TRUE,FALSE,FALSE,FALSE
"any","A_substantive","DQ43__2","w5問43_婚姻: 未婚","ec_adj",-0.01632,NA,0.01629,-0.0326,0.3163,0.9945,0.4108,0.4878,"undetermined",4164,963,4164,0.893,0.893,0,0,2,FALSE,FALSE,"A",TRUE,FALSE,FALSE,FALSE
"any","A_substantive","DQ15","w5問15_喫煙","naive",0.24964,0.04247,0.04369,0.209,1.106e-08,1.946e-07,0.9986,1,"affected",4080,948,3996,1.198,1.198,0,0,4,FALSE,FALSE,"A",TRUE,FALSE,FALSE,FALSE
"any","A_substantive","DQ15","w5問15_喫煙","sm",0.12243,0.05324,0.05812,0.1025,0.03514,0.1325,0.5207,0.7511,"undetermined",4080,570,3996,1.198,1.198,0,0,4,FALSE,FALSE,"A",TRUE,FALSE,FALSE,FALSE
"any","A_substantive","DQ15","w5問15_喫煙","ssm",0.17954,0.05721,0.06359,0.1503,0.004754,0.06973,0.8278,0.869,"affected",3545,485,3996,1.198,1.198,0,0,4,FALSE,FALSE,"A",TRUE,FALSE,FALSE,FALSE
"any","A_substantive","DQ15","w5問15_喫煙","ec",0.23393,0.04282,0.04337,0.1959,6.879e-08,1.307e-06,0.9959,1,"affected",4080,948,3996,1.198,1.198,0,0,4,FALSE,FALSE,"A",TRUE,FALSE,FALSE,FALSE
"any","A_substantive","DQ15","w5問15_喫煙","ec_adj",0.23453,NA,0.04288,0.1964,4.523e-08,8.593e-07,0.9964,1,"affected",4080,948,3996,1.198,1.198,0,0,4,FALSE,FALSE,"A",TRUE,FALSE,FALSE,FALSE
"any","A_substantive","DQ30__1","w5問30_支持政党: 自民党","naive",0.00422,0.01596,0.01653,0.0097,0.7986,0.9496,0.1699,0.267,"undetermined",3900,906,3543,0.826,0.826,0,0,2,FALSE,FALSE,"A",TRUE,FALSE,FALSE,FALSE
"any","A_substantive","DQ30__1","w5問30_支持政党: 自民党","sm",0.01279,0.01969,0.02224,0.0295,0.5652,0.7374,0.3728,0.679,"undetermined",3900,538,3543,0.826,0.826,0,0,2,FALSE,FALSE,"A",TRUE,FALSE,FALSE,FALSE
"any","A_substantive","DQ30__1","w5問30_支持政党: 自民党","ssm",0.01411,0.02127,0.02149,0.0326,0.5113,0.7031,0.3921,0.6185,"undetermined",3399,456,3543,0.826,0.826,0,0,2,FALSE,FALSE,"A",TRUE,FALSE,FALSE,FALSE
"any","A_substantive","DQ30__1","w5問30_支持政党: 自民党","ec",0.00626,0.01626,0.01696,0.0145,0.7119,0.9966,0.209,0.2985,"undetermined",3900,906,3543,0.826,0.826,0,0,2,FALSE,FALSE,"A",TRUE,FALSE,FALSE,FALSE
"any","A_substantive","DQ30__1","w5問30_支持政党: 自民党","ec_adj",0.00691,NA,0.01696,0.0159,0.6838,0.9945,0.22,0.3097,"undetermined",3900,906,3543,0.826,0.826,0,0,2,FALSE,FALSE,"A",TRUE,FALSE,FALSE,FALSE
"any","A_substantive","DQ30__2","w5問30_支持政党: 民主党","naive",-0.01498,0.01509,0.01192,-0.0369,0.209,0.9357,0.3367,0.4404,"undetermined",3900,906,3543,0.828,0.828,0,0,2,FALSE,FALSE,"A",TRUE,FALSE,FALSE,FALSE
"any","A_substantive","DQ30__2","w5問30_支持政党: 民主党","sm",-0.00792,0.01866,0.01835,-0.0195,0.666,0.792,0.2553,0.679,"undetermined",3900,538,3543,0.828,0.828,0,0,2,FALSE,FALSE,"A",TRUE,FALSE,FALSE,FALSE
"any","A_substantive","DQ30__2","w5問30_支持政党: 民主党","ssm",-0.01531,0.02036,0.01927,-0.0377,0.4271,0.6601,0.4038,0.6185,"undetermined",3399,456,3543,0.828,0.828,0,0,2,FALSE,FALSE,"A",TRUE,FALSE,FALSE,FALSE
"any","A_substantive","DQ30__2","w5問30_支持政党: 民主党","ec",-0.01689,0.01534,0.01284,-0.0416,0.1885,0.8953,0.4044,0.4784,"undetermined",3900,906,3543,0.828,0.828,0,0,2,FALSE,FALSE,"A",TRUE,FALSE,FALSE,FALSE
"any","A_substantive","DQ30__2","w5問30_支持政党: 民主党","ec_adj",-0.01781,NA,0.0134,-0.0439,0.1838,0.8732,0.4351,0.5087,"undetermined",3900,906,3543,0.828,0.828,0,0,2,FALSE,FALSE,"A",TRUE,FALSE,FALSE,FALSE
"any","A_substantive","DQ30__3","w5問30_支持政党: 公明党","naive",-0.00519,0.00835,0.00945,-0.0232,0.5831,0.9357,0.05852,0.1392,"undetermined",3900,906,3543,0.817,0.817,0,0,2,FALSE,FALSE,"A",TRUE,FALSE,FALSE,FALSE
"any","A_substantive","DQ30__3","w5問30_支持政党: 公明党","sm",-0.01877,0.01146,0.01291,-0.0841,0.1459,0.3292,0.4621,0.7337,"undetermined",3900,538,3543,0.817,0.817,0,0,2,FALSE,FALSE,"A",TRUE,FALSE,FALSE,FALSE
"any","A_substantive","DQ30__3","w5問30_支持政党: 公明党","ssm",-0.0165,0.01239,0.01445,-0.0739,0.2536,0.5117,0.4042,0.6185,"undetermined",3399,456,3543,0.817,0.817,0,0,2,FALSE,FALSE,"A",TRUE,FALSE,FALSE,FALSE
"any","A_substantive","DQ30__3","w5問30_支持政党: 公明党","ec",-0.00482,0.00851,0.00989,-0.0216,0.626,0.9966,0.06243,0.1356,"undetermined",3900,906,3543,0.817,0.817,0,0,2,FALSE,FALSE,"A",TRUE,FALSE,FALSE,FALSE
"any","A_substantive","DQ30__3","w5問30_支持政党: 公明党","ec_adj",-0.00449,NA,0.00994,-0.0201,0.6517,0.9945,0.05934,0.1288,"undetermined",3900,906,3543,0.817,0.817,0,0,2,FALSE,FALSE,"A",TRUE,FALSE,FALSE,FALSE
"any","A_substantive","DQ30__4","w5問30_支持政党: 共産党","naive",0.00102,0.00583,0.00547,0.0064,0.8516,0.9593,0.0002641,0.00581,"equivalent",3900,906,3543,0.845,0.845,0,0,2,FALSE,FALSE,"A",TRUE,FALSE,FALSE,FALSE
"any","A_substantive","DQ30__4","w5問30_支持政党: 共産党","sm",0.00411,0.00687,0.00546,0.0258,0.4518,0.6627,0.00179,0.06288,"equivalent",3900,538,3543,0.845,0.845,0,0,2,FALSE,FALSE,"A",TRUE,FALSE,FALSE,FALSE
"any","A_substantive","DQ30__4","w5問30_支持政党: 共産党","ssm",0.00425,0.00739,0.00614,0.0268,0.4884,0.6822,0.005168,0.2645,"undetermined",3399,456,3543,0.845,0.845,0,0,2,FALSE,FALSE,"A",TRUE,FALSE,FALSE,FALSE
"any","A_substantive","DQ30__4","w5問30_支持政党: 共産党","ec",0.002,0.00597,0.00578,0.0126,0.7292,0.9966,0.000926,0.02231,"equivalent",3900,906,3543,0.845,0.845,0,0,2,FALSE,FALSE,"A",TRUE,FALSE,FALSE,FALSE
"any","A_substantive","DQ30__4","w5問30_支持政党: 共産党","ec_adj",0.00198,NA,0.00577,0.0125,0.731,0.9945,0.000899,0.01708,"equivalent",3900,906,3543,0.845,0.845,0,0,2,FALSE,FALSE,"A",TRUE,FALSE,FALSE,FALSE
"any","A_substantive","DQ30__5","w5問30_支持政党: 社民党","naive",-0.00261,0.00494,0.00494,-0.0199,0.5971,0.9357,0.0002144,0.00581,"equivalent",3900,906,3543,0.815,0.815,0,0,2,FALSE,FALSE,"A",TRUE,FALSE,FALSE,FALSE
"any","A_substantive","DQ30__5","w5問30_支持政党: 社民党","sm",-0.00429,0.00643,0.00651,-0.0328,0.5098,0.6971,0.007933,0.1163,"undetermined",3900,538,3543,0.815,0.815,0,0,2,FALSE,FALSE,"A",TRUE,FALSE,FALSE,FALSE
"any","A_substantive","DQ30__5","w5問30_支持政党: 社民党","ssm",-0.00634,0.00719,0.00728,-0.0484,0.3843,0.6185,0.03036,0.3416,"undetermined",3399,456,3543,0.815,0.815,0,0,2,FALSE,FALSE,"A",TRUE,FALSE,FALSE,FALSE
"any","A_substantive","DQ30__5","w5問30_支持政党: 社民党","ec",-0.00368,0.00504,0.00505,-0.0281,0.4661,0.9966,0.000615,0.02231,"equivalent",3900,906,3543,0.815,0.815,0,0,2,FALSE,FALSE,"A",TRUE,FALSE,FALSE,FALSE
"any","A_substantive","DQ30__5","w5問30_支持政党: 社民党","ec_adj",-0.00334,NA,0.0049,-0.0255,0.495,0.9945,0.0003373,0.01282,"equivalent",3900,906,3543,0.815,0.815,0,0,2,FALSE,FALSE,"A",TRUE,FALSE,FALSE,FALSE
"any","A_substantive","DQ30__6","w5問30_支持政党: 国民新党","naive",-0.0025,0.00357,0.0039,-0.0269,0.5221,0.9357,3.652e-06,0.0003214,"equivalent",3900,906,3543,0.815,0.815,0,0,2,FALSE,FALSE,"A",TRUE,FALSE,FALSE,FALSE
"any","A_substantive","DQ30__6","w5問30_支持政党: 国民新党","sm",-0.00558,0.00508,0.00505,-0.0601,0.2696,0.473,0.002144,0.06288,"equivalent",3900,538,3543,0.815,0.815,0,0,2,FALSE,FALSE,"A",TRUE,FALSE,FALSE,FALSE
"any","A_substantive","DQ30__6","w5問30_支持政党: 国民新党","ssm",-0.00711,0.00597,0.00595,-0.0766,0.2319,0.5117,0.01515,0.3416,"undetermined",3399,456,3543,0.815,0.815,0,0,2,FALSE,FALSE,"A",TRUE,FALSE,FALSE,FALSE
"any","A_substantive","DQ30__6","w5問30_支持政党: 国民新党","ec",-0.00295,0.00363,0.00391,-0.0318,0.4511,0.9966,6.603e-06,0.0005019,"equivalent",3900,906,3543,0.815,0.815,0,0,2,FALSE,FALSE,"A",TRUE,FALSE,FALSE,FALSE
"any","A_substantive","DQ30__6","w5問30_支持政党: 国民新党","ec_adj",-0.00292,NA,0.00389,-0.0315,0.4518,0.9945,5.53e-06,0.0004203,"equivalent",3900,906,3543,0.815,0.815,0,0,2,FALSE,FALSE,"A",TRUE,FALSE,FALSE,FALSE
"any","A_substantive","DQ30__8","w5問30_支持政党: その他の政党","naive",0.00745,0.00845,0.00786,0.0319,0.3429,0.9357,0.05524,0.135,"undetermined",3900,906,3543,0.924,0.924,0,0,2,FALSE,FALSE,"A",TRUE,FALSE,FALSE,FALSE
"any","A_substantive","DQ30__8","w5問30_支持政党: その他の政党","sm",0.01879,0.00954,0.00944,0.0805,0.04653,0.1412,0.4489,0.7337,"undetermined",3900,538,3543,0.924,0.924,0,0,2,FALSE,FALSE,"A",TRUE,FALSE,FALSE,FALSE
"any","A_substantive","DQ30__8","w5問30_支持政党: その他の政党","ssm",0.02597,0.00981,0.00962,0.1113,0.006924,0.07616,0.7327,0.8267,"affected",3399,456,3543,0.924,0.924,0,0,2,FALSE,FALSE,"A",TRUE,FALSE,FALSE,FALSE
"any","A_substantive","DQ30__8","w5問30_支持政党: その他の政党","ec",0.00923,0.00865,0.00785,0.0395,0.2398,0.9966,0.08514,0.162,"undetermined",3900,906,3543,0.924,0.924,0,0,2,FALSE,FALSE,"A",TRUE,FALSE,FALSE,FALSE
"any","A_substantive","DQ30__8","w5問30_支持政党: その他の政党","ec_adj",0.00955,NA,0.00787,0.0409,0.2252,0.9509,0.09212,0.1667,"undetermined",3900,906,3543,0.924,0.924,0,0,2,FALSE,FALSE,"A",TRUE,FALSE,FALSE,FALSE
"any","A_substantive","DQ30__9","w5問30_支持政党: 特に支持する政党はない","naive",0.01257,0.01787,0.01958,0.0259,0.5208,0.9357,0.3522,0.4404,"undetermined",3900,906,3543,0.84,0.84,0,0,2,FALSE,FALSE,"A",TRUE,FALSE,FALSE,FALSE
"any","A_substantive","DQ30__9","w5問30_支持政党: 特に支持する政党はない","sm",0.00088,0.0224,0.02459,0.0018,0.9714,0.9825,0.2185,0.679,"undetermined",3900,538,3543,0.84,0.84,0,0,2,FALSE,FALSE,"A",TRUE,FALSE,FALSE,FALSE
"any","A_substantive","DQ30__9","w5問30_支持政党: 特に支持する政党はない","ssm",0.00091,0.0243,0.02478,0.0019,0.9706,0.9725,0.2205,0.6185,"undetermined",3399,456,3543,0.84,0.84,0,0,2,FALSE,FALSE,"A",TRUE,FALSE,FALSE,FALSE
"any","A_substantive","DQ30__9","w5問30_支持政党: 特に支持する政党はない","ec",0.01084,0.01819,0.01986,0.0223,0.585,0.9966,0.3224,0.4083,"undetermined",3900,906,3543,0.84,0.84,0,0,2,FALSE,FALSE,"A",TRUE,FALSE,FALSE,FALSE
"any","A_substantive","DQ30__9","w5問30_支持政党: 特に支持する政党はない","ec_adj",0.01013,NA,0.01997,0.0209,0.6122,0.9945,0.3105,0.4,"undetermined",3900,906,3543,0.84,0.84,0,0,2,FALSE,FALSE,"A",TRUE,FALSE,FALSE,FALSE
"any","A_substantive","DQ03_1__1","w5問3(1)_現職・働き方: 経営者、役員","naive",0.00248,0.00896,0.00803,0.0139,0.7569,0.9357,0.01453,0.05329,"equivalent",2059,476,997,0.919,0.919,0,0,2,FALSE,FALSE,"C",TRUE,FALSE,FALSE,FALSE
"any","A_substantive","DQ03_1__1","w5問3(1)_現職・働き方: 経営者、役員","sm",0.0121,0.00972,0.00858,0.0679,0.1585,0.3436,0.1786,0.679,"undetermined",2059,274,997,0.919,0.919,0,0,2,FALSE,FALSE,"C",TRUE,FALSE,FALSE,FALSE
"any","A_substantive","DQ03_1__1","w5問3(1)_現職・働き方: 経営者、役員","ssm",0.01356,0.01062,0.01049,0.0761,0.1963,0.5079,0.2697,0.6185,"undetermined",1780,229,997,0.919,0.919,0,0,2,FALSE,FALSE,"C",TRUE,FALSE,FALSE,FALSE
"any","A_substantive","DQ03_1__1","w5問3(1)_現職・働き方: 経営者、役員","ec",0.0044,0.00984,0.00911,0.0247,0.6291,0.9966,0.04344,0.1101,"undetermined",2059,476,997,0.919,0.919,0,0,2,FALSE,FALSE,"C",TRUE,FALSE,FALSE,FALSE
"any","A_substantive","DQ03_1__1","w5問3(1)_現職・働き方: 経営者、役員","ec_adj",0.00474,NA,0.00918,0.0266,0.606,0.9945,0.04824,0.1158,"undetermined",2059,476,997,0.919,0.919,0,0,2,FALSE,FALSE,"C",TRUE,FALSE,FALSE,FALSE
"any","A_substantive","DQ03_1__2","w5問3(1)_現職・働き方: 正社員・正職員","naive",0.01505,0.02535,0.02557,0.0302,0.5561,0.9357,0.4232,0.4929,"undetermined",2059,476,997,0.875,0.875,0,0,2,FALSE,FALSE,"C",TRUE,FALSE,FALSE,FALSE
"any","A_substantive","DQ03_1__2","w5問3(1)_現職・働き方: 正社員・正職員","sm",0.02787,0.03213,0.03363,0.056,0.4072,0.6178,0.5925,0.8048,"undetermined",2059,274,997,0.875,0.875,0,0,2,FALSE,FALSE,"C",TRUE,FALSE,FALSE,FALSE
"any","A_substantive","DQ03_1__2","w5問3(1)_現職・働き方: 正社員・正職員","ssm",0.02162,0.0351,0.04,0.0434,0.5889,0.7738,0.5161,0.6966,"undetermined",1780,229,997,0.875,0.875,0,0,2,FALSE,FALSE,"C",TRUE,FALSE,FALSE,FALSE
"any","A_substantive","DQ03_1__2","w5問3(1)_現職・働き方: 正社員・正職員","ec",0.0215,0.02815,0.02938,0.0432,0.4643,0.9966,0.5203,0.5902,"undetermined",2059,476,997,0.875,0.875,0,0,2,FALSE,FALSE,"C",TRUE,FALSE,FALSE,FALSE
"any","A_substantive","DQ03_1__2","w5問3(1)_現職・働き方: 正社員・正職員","ec_adj",0.02175,NA,0.02922,0.0437,0.4567,0.9945,0.5238,0.5942,"undetermined",2059,476,997,0.875,0.875,0,0,2,FALSE,FALSE,"C",TRUE,FALSE,FALSE,FALSE
"any","A_substantive","DQ03_1__3","w5問3(1)_現職・働き方: パート・アルバイト・契約・臨時・嘱託","naive",-0.03772,0.02254,0.02187,-0.0864,0.08462,0.677,0.791,0.8387,"undetermined",2059,476,997,0.896,0.896,0,0,2,FALSE,FALSE,"C",TRUE,FALSE,FALSE,FALSE
"any","A_substantive","DQ03_1__3","w5問3(1)_現職・働き方: パート・アルバイト・契約・臨時・嘱託","sm",-0.04718,0.02888,0.03107,-0.1081,0.1289,0.315,0.8092,0.9013,"undetermined",2059,274,997,0.896,0.896,0,0,2,FALSE,FALSE,"C",TRUE,FALSE,FALSE,FALSE
"any","A_substantive","DQ03_1__3","w5問3(1)_現職・働き方: パート・アルバイト・契約・臨時・嘱託","ssm",-0.04015,0.03139,0.03408,-0.092,0.2387,0.5117,0.7228,0.8261,"undetermined",1780,229,997,0.896,0.896,0,0,2,FALSE,FALSE,"C",TRUE,FALSE,FALSE,FALSE
"any","A_substantive","DQ03_1__3","w5問3(1)_現職・働き方: パート・アルバイト・契約・臨時・嘱託","ec",-0.04463,0.02495,0.02497,-0.1022,0.07392,0.5618,0.838,0.8845,"undetermined",2059,476,997,0.896,0.896,0,0,2,FALSE,FALSE,"C",TRUE,FALSE,FALSE,FALSE
"any","A_substantive","DQ03_1__3","w5問3(1)_現職・働き方: パート・アルバイト・契約・臨時・嘱託","ec_adj",-0.0452,NA,0.02528,-0.1035,0.07383,0.5611,0.8405,0.8872,"undetermined",2059,476,997,0.896,0.896,0,0,2,FALSE,FALSE,"C",TRUE,FALSE,FALSE,FALSE
"any","A_substantive","DQ03_1__4","w5問3(1)_現職・働き方: 派遣社員","naive",0.00882,0.01064,0.00996,0.041,0.3756,0.9357,0.1307,0.2345,"undetermined",2059,476,997,1.022,1.022,0,0,2,FALSE,FALSE,"C",TRUE,FALSE,FALSE,FALSE
"any","A_substantive","DQ03_1__4","w5問3(1)_現職・働き方: 派遣社員","sm",0.01279,0.01287,0.01189,0.0595,0.2819,0.477,0.2722,0.679,"undetermined",2059,274,997,1.022,1.022,0,0,2,FALSE,FALSE,"C",TRUE,FALSE,FALSE,FALSE
"any","A_substantive","DQ03_1__4","w5問3(1)_現職・働き方: 派遣社員","ssm",0.01575,0.01396,0.01356,0.0733,0.2452,0.5117,0.3771,0.6185,"undetermined",1780,229,997,1.022,1.022,0,0,2,FALSE,FALSE,"C",TRUE,FALSE,FALSE,FALSE
"any","A_substantive","DQ03_1__4","w5問3(1)_現職・働き方: 派遣社員","ec",0.00448,0.01188,0.01178,0.0208,0.7038,0.9966,0.09371,0.1696,"undetermined",2059,476,997,1.022,1.022,0,0,2,FALSE,FALSE,"C",TRUE,FALSE,FALSE,FALSE
"any","A_substantive","DQ03_1__4","w5問3(1)_現職・働き方: 派遣社員","ec_adj",0.00449,NA,0.01185,0.0209,0.7046,0.9945,0.09531,0.1685,"undetermined",2059,476,997,1.022,1.022,0,0,2,FALSE,FALSE,"C",TRUE,FALSE,FALSE,FALSE
"any","A_substantive","DQ03_1__5","w5問3(1)_現職・働き方: 請負社員","naive",0.00391,0.00584,0.00545,0.0326,0.4735,0.9357,0.001579,0.02316,"equivalent",2059,476,997,1.116,0.848,0,1,2,FALSE,FALSE,"C",TRUE,FALSE,FALSE,FALSE
"any","A_substantive","DQ03_1__5","w5問3(1)_現職・働き方: 請負社員","sm",0.00556,0.0069,0.00558,0.0464,0.3183,0.5093,0.004808,0.1058,"undetermined",2059,274,997,1.116,0.848,0,1,2,FALSE,FALSE,"C",TRUE,FALSE,FALSE,FALSE
"any","A_substantive","DQ03_1__5","w5問3(1)_現職・働き方: 請負社員","ssm",0.00756,0.00685,0.0062,0.0631,0.2228,0.5117,0.0224,0.3416,"undetermined",1780,229,997,1.116,0.848,0,1,2,FALSE,FALSE,"C",TRUE,FALSE,FALSE,FALSE
"any","A_substantive","DQ03_1__5","w5問3(1)_現職・働き方: 請負社員","ec",0.00443,0.00657,0.00554,0.037,0.4243,0.9966,0.002489,0.02254,"equivalent",2059,476,997,1.116,0.848,0,1,2,FALSE,FALSE,"C",TRUE,FALSE,FALSE,FALSE
"any","A_substantive","DQ03_1__5","w5問3(1)_現職・働き方: 請負社員","ec_adj",0.00412,NA,0.00565,0.0344,0.4663,0.9945,0.002485,0.02141,"equivalent",2059,476,997,1.116,0.848,0,1,2,FALSE,FALSE,"C",TRUE,FALSE,FALSE,FALSE
"any","A_substantive","DQ03_1__6","w5問3(1)_現職・働き方: 自営業主、自由業者","naive",-0.00669,0.01225,0.01359,-0.0282,0.6226,0.9357,0.1636,0.2665,"undetermined",2059,476,997,0.858,0.858,0,0,2,FALSE,FALSE,"C",TRUE,FALSE,FALSE,FALSE
"any","A_substantive","DQ03_1__6","w5問3(1)_現職・働き方: 自営業主、自由業者","sm",-0.0203,0.01688,0.01795,-0.0857,0.258,0.473,0.5068,0.7511,"undetermined",2059,274,997,0.858,0.858,0,0,2,FALSE,FALSE,"C",TRUE,FALSE,FALSE,FALSE
"any","A_substantive","DQ03_1__6","w5問3(1)_現職・働き方: 自営業主、自由業者","ssm",-0.0251,0.01909,0.02209,-0.1059,0.2558,0.5117,0.5914,0.7228,"undetermined",1780,229,997,0.858,0.858,0,0,2,FALSE,FALSE,"C",TRUE,FALSE,FALSE,FALSE
"any","A_substantive","DQ03_1__6","w5問3(1)_現職・働き方: 自営業主、自由業者","ec",-0.00763,0.01351,0.01374,-0.0322,0.5786,0.9966,0.1839,0.2805,"undetermined",2059,476,997,0.858,0.858,0,0,2,FALSE,FALSE,"C",TRUE,FALSE,FALSE,FALSE
"any","A_substantive","DQ03_1__6","w5問3(1)_現職・働き方: 自営業主、自由業者","ec_adj",-0.00752,NA,0.01384,-0.0317,0.587,0.9945,0.1834,0.2788,"undetermined",2059,476,997,0.858,0.858,0,0,2,FALSE,FALSE,"C",TRUE,FALSE,FALSE,FALSE
"any","A_substantive","DQ03_1__7","w5問3(1)_現職・働き方: 家族従業者","naive",0.00601,0.00546,0.00565,0.052,0.2878,0.9357,0.006657,0.04104,"equivalent",2059,476,997,1.339,0.847,0,1,2,FALSE,FALSE,"C",TRUE,FALSE,FALSE,FALSE
"any","A_substantive","DQ03_1__7","w5問3(1)_現職・働き方: 家族従業者","sm",0.00556,0.0069,0.00768,0.0482,0.4687,0.6762,0.03006,0.3306,"undetermined",2059,274,997,1.339,0.847,0,1,2,FALSE,FALSE,"C",TRUE,FALSE,FALSE,FALSE
"any","A_substantive","DQ03_1__7","w5問3(1)_現職・働き方: 家族従業者","ssm",0.00263,0.00809,0.00915,0.0228,0.7738,0.8843,0.02881,0.3416,"undetermined",1780,229,997,1.339,0.847,0,1,2,FALSE,FALSE,"C",TRUE,FALSE,FALSE,FALSE
"any","A_substantive","DQ03_1__7","w5問3(1)_現職・働き方: 家族従業者","ec",0.01102,0.00633,0.00662,0.0955,0.09569,0.6452,0.08737,0.162,"undetermined",2059,476,997,1.339,0.847,0,1,2,FALSE,FALSE,"C",TRUE,FALSE,FALSE,FALSE
"any","A_substantive","DQ03_1__7","w5問3(1)_現職・働き方: 家族従業者","ec_adj",0.01096,NA,0.0067,0.0949,0.1016,0.6204,0.08852,0.1641,"undetermined",2059,476,997,1.339,0.847,0,1,2,FALSE,FALSE,"C",TRUE,FALSE,FALSE,FALSE
"any","A_substantive","DQ03_1__8","w5問3(1)_現職・働き方: 内職","naive",0.0039,0.00425,0.00408,0.0431,0.3401,0.9357,4.035e-05,0.001776,"equivalent",2059,476,997,1.378,0.848,0,1,2,FALSE,FALSE,"C",TRUE,FALSE,FALSE,FALSE
"any","A_substantive","DQ03_1__8","w5問3(1)_現職・働き方: 内職","sm",0.0029,0.00561,0.00592,0.032,0.6242,0.7706,0.001933,0.06288,"equivalent",2059,274,997,1.378,0.848,0,1,2,FALSE,FALSE,"C",TRUE,FALSE,FALSE,FALSE
"any","A_substantive","DQ03_1__8","w5問3(1)_現職・働き方: 内職","ssm",0.0025,0.00665,0.00697,0.0277,0.7195,0.8645,0.006011,0.2645,"undetermined",1780,229,997,1.378,0.848,0,1,2,FALSE,FALSE,"C",TRUE,FALSE,FALSE,FALSE
"any","A_substantive","DQ03_1__8","w5問3(1)_現職・働き方: 内職","ec",0.00758,0.00475,0.00494,0.0838,0.1247,0.6565,0.005949,0.03014,"equivalent",2059,476,997,1.378,0.848,0,1,2,FALSE,FALSE,"C",TRUE,FALSE,FALSE,FALSE
"any","A_substantive","DQ03_1__8","w5問3(1)_現職・働き方: 内職","ec_adj",0.00753,NA,0.00478,0.0832,0.1156,0.6275,0.004567,0.02892,"equivalent",2059,476,997,1.378,0.848,0,1,2,FALSE,FALSE,"C",TRUE,FALSE,FALSE,FALSE
"any","A_substantive","DQ03_1__9","w5問3(1)_現職・働き方: その他","naive",0.00424,0.00629,0.00585,0.0329,0.4689,0.9357,0.003509,0.04104,"equivalent",2059,476,997,1.097,0.848,0,1,2,FALSE,FALSE,"C",TRUE,FALSE,FALSE,FALSE
"any","A_substantive","DQ03_1__9","w5問3(1)_現職・働き方: その他","sm",0.00069,0.00864,0.00796,0.0054,0.9306,0.9634,0.007617,0.1163,"undetermined",2059,274,997,1.097,0.848,0,1,2,FALSE,FALSE,"C",TRUE,FALSE,FALSE,FALSE
"any","A_substantive","DQ03_1__9","w5問3(1)_現職・働き方: その他","ssm",0.00163,0.00926,0.00855,0.0127,0.8484,0.9203,0.01584,0.3416,"undetermined",1780,229,997,1.097,0.848,0,1,2,FALSE,FALSE,"C",TRUE,FALSE,FALSE,FALSE
"any","A_substantive","DQ03_1__9","w5問3(1)_現職・働き方: その他","ec",-0.00115,0.00697,0.00634,-0.0089,0.8558,0.9966,0.001465,0.02231,"equivalent",2059,476,997,1.097,0.848,0,1,2,FALSE,FALSE,"C",TRUE,FALSE,FALSE,FALSE
"any","A_substantive","DQ03_1__9","w5問3(1)_現職・働き方: その他","ec_adj",-0.00087,NA,0.00613,-0.0068,0.887,0.9945,0.0008977,0.01708,"equivalent",2059,476,997,1.097,0.848,0,1,2,FALSE,FALSE,"C",TRUE,FALSE,FALSE,FALSE
"any","A_substantive","DQ03_2__1","w5問3(2)_現職・職業―大分類(プリコード): 専門職・技術職","naive",0.00678,0.01987,0.02113,0.0173,0.7481,0.9357,0.2658,0.3599,"undetermined",2063,474,976,0.881,0.881,0,0,2,FALSE,FALSE,"C",TRUE,FALSE,FALSE,FALSE
"any","A_substantive","DQ03_2__1","w5問3(2)_現職・職業―大分類(プリコード): 専門職・技術職","sm",-0.01344,0.02605,0.02418,-0.0343,0.5782,0.7374,0.3931,0.679,"undetermined",2063,272,976,0.881,0.881,0,0,2,FALSE,FALSE,"C",TRUE,FALSE,FALSE,FALSE
"any","A_substantive","DQ03_2__1","w5問3(2)_現職・職業―大分類(プリコード): 専門職・技術職","ssm",-0.01703,0.02841,0.02712,-0.0435,0.5302,0.7178,0.4564,0.6648,"undetermined",1782,228,976,0.881,0.881,0,0,2,FALSE,FALSE,"C",TRUE,FALSE,FALSE,FALSE
"any","A_substantive","DQ03_2__1","w5問3(2)_現職・職業―大分類(プリコード): 専門職・技術職","ec",0.00513,0.02215,0.02209,0.0131,0.8164,0.9966,0.2504,0.3461,"undetermined",2063,474,976,0.881,0.881,0,0,2,FALSE,FALSE,"C",TRUE,FALSE,FALSE,FALSE
"any","A_substantive","DQ03_2__1","w5問3(2)_現職・職業―大分類(プリコード): 専門職・技術職","ec_adj",0.00453,NA,0.02229,0.0116,0.839,0.9945,0.2439,0.337,"undetermined",2063,474,976,0.881,0.881,0,0,2,FALSE,FALSE,"C",TRUE,FALSE,FALSE,FALSE
"any","A_substantive","DQ03_2__2","w5問3(2)_現職・職業―大分類(プリコード): 管理職","naive",0.01811,0.00963,0.01008,0.0895,0.07235,0.6367,0.4257,0.4929,"undetermined",2063,474,976,1.306,1.306,0,0,2,FALSE,FALSE,"C",TRUE,FALSE,FALSE,FALSE
"any","A_substantive","DQ03_2__2","w5問3(2)_現職・職業―大分類(プリコード): 管理職","sm",0.01878,0.01191,0.01257,0.0928,0.1352,0.3165,0.4613,0.7337,"undetermined",2063,272,976,1.306,1.306,0,0,2,FALSE,FALSE,"C",TRUE,FALSE,FALSE,FALSE
"any","A_substantive","DQ03_2__2","w5問3(2)_現職・職業―大分類(プリコード): 管理職","ssm",0.01935,0.01334,0.01414,0.0956,0.1713,0.4761,0.4815,0.6835,"undetermined",1782,228,976,1.306,1.306,0,0,2,FALSE,FALSE,"C",TRUE,FALSE,FALSE,FALSE
"any","A_substantive","DQ03_2__2","w5問3(2)_現職・職業―大分類(プリコード): 管理職","ec",0.00924,0.01104,0.01006,0.0457,0.3579,0.9966,0.1424,0.2405,"undetermined",2063,474,976,1.306,1.306,0,0,2,FALSE,FALSE,"C",TRUE,FALSE,FALSE,FALSE
"any","A_substantive","DQ03_2__2","w5問3(2)_現職・職業―大分類(プリコード): 管理職","ec_adj",0.00938,NA,0.01021,0.0464,0.3579,0.9945,0.1491,0.2464,"undetermined",2063,474,976,1.306,1.306,0,0,2,FALSE,FALSE,"C",TRUE,FALSE,FALSE,FALSE
"any","A_substantive","DQ03_2__3","w5問3(2)_現職・職業―大分類(プリコード): 事務職","naive",-0.02271,0.02279,0.02282,-0.0512,0.3196,0.9357,0.5473,0.6175,"undetermined",2063,474,976,0.877,0.877,0,0,2,FALSE,FALSE,"C",TRUE,FALSE,FALSE,FALSE
"any","A_substantive","DQ03_2__3","w5問3(2)_現職・職業―大分類(プリコード): 事務職","sm",-0.01786,0.02881,0.02578,-0.0402,0.4884,0.6932,0.4669,0.7337,"undetermined",2063,272,976,0.877,0.877,0,0,2,FALSE,FALSE,"C",TRUE,FALSE,FALSE,FALSE
"any","A_substantive","DQ03_2__3","w5問3(2)_現職・職業―大分類(プリコード): 事務職","ssm",-0.02088,0.03158,0.02851,-0.0471,0.464,0.6694,0.5123,0.6966,"undetermined",1782,228,976,0.877,0.877,0,0,2,FALSE,FALSE,"C",TRUE,FALSE,FALSE,FALSE
"any","A_substantive","DQ03_2__3","w5問3(2)_現職・職業―大分類(プリコード): 事務職","ec",-0.02811,0.02502,0.0258,-0.0634,0.2759,0.9966,0.6234,0.6866,"undetermined",2063,474,976,0.877,0.877,0,0,2,FALSE,FALSE,"C",TRUE,FALSE,FALSE,FALSE
"any","A_substantive","DQ03_2__3","w5問3(2)_現職・職業―大分類(プリコード): 事務職","ec_adj",-0.02837,NA,0.02631,-0.0639,0.281,0.9945,0.6247,0.6979,"undetermined",2063,474,976,0.877,0.877,0,0,2,FALSE,FALSE,"C",TRUE,FALSE,FALSE,FALSE
"any","A_substantive","DQ03_2__4","w5問3(2)_現職・職業―大分類(プリコード): 販売職","naive",-0.02348,0.01644,0.01511,-0.0749,0.1203,0.7354,0.591,0.6501,"undetermined",2063,474,976,0.873,0.873,0,0,2,FALSE,FALSE,"C",TRUE,FALSE,FALSE,FALSE
"any","A_substantive","DQ03_2__4","w5問3(2)_現職・職業―大分類(プリコード): 販売職","sm",-0.01509,0.02039,0.01625,-0.0481,0.3534,0.5553,0.3812,0.679,"undetermined",2063,272,976,0.873,0.873,0,0,2,FALSE,FALSE,"C",TRUE,FALSE,FALSE,FALSE
"any","A_substantive","DQ03_2__4","w5問3(2)_現職・職業―大分類(プリコード): 販売職","ssm",-0.02348,0.02291,0.01975,-0.0749,0.2344,0.5117,0.57,0.7228,"undetermined",1782,228,976,0.873,0.873,0,0,2,FALSE,FALSE,"C",TRUE,FALSE,FALSE,FALSE
"any","A_substantive","DQ03_2__4","w5問3(2)_現職・職業―大分類(プリコード): 販売職","ec",-0.02514,0.01815,0.01658,-0.0801,0.1296,0.6565,0.6216,0.6866,"undetermined",2063,474,976,0.873,0.873,0,0,2,FALSE,FALSE,"C",TRUE,FALSE,FALSE,FALSE
"any","A_substantive","DQ03_2__4","w5問3(2)_現職・職業―大分類(プリコード): 販売職","ec_adj",-0.02575,NA,0.01683,-0.0821,0.126,0.6385,0.6336,0.6979,"undetermined",2063,474,976,0.873,0.873,0,0,2,FALSE,FALSE,"C",TRUE,FALSE,FALSE,FALSE
"any","A_substantive","DQ03_2__5","w5問3(2)_現職・職業―大分類(プリコード): サービス職","naive",-0.00252,0.01728,0.01711,-0.0074,0.883,0.9593,0.1534,0.2548,"undetermined",2063,474,976,0.852,0.852,0,0,2,FALSE,FALSE,"C",TRUE,FALSE,FALSE,FALSE
"any","A_substantive","DQ03_2__5","w5問3(2)_現職・職業―大分類(プリコード): サービス職","sm",0.0348,0.01934,0.02255,0.1029,0.1228,0.3087,0.7442,0.8873,"undetermined",2063,272,976,0.852,0.852,0,0,2,FALSE,FALSE,"C",TRUE,FALSE,FALSE,FALSE
"any","A_substantive","DQ03_2__5","w5問3(2)_現職・職業―大分類(プリコード): サービス職","ssm",0.03752,0.02078,0.0232,0.1109,0.1057,0.3791,0.775,0.842,"undetermined",1782,228,976,0.852,0.852,0,0,2,FALSE,FALSE,"C",TRUE,FALSE,FALSE,FALSE
"any","A_substantive","DQ03_2__5","w5問3(2)_現職・職業―大分類(プリコード): サービス職","ec",0.00311,0.01882,0.01932,0.0092,0.8722,0.9966,0.1909,0.2805,"undetermined",2063,474,976,0.852,0.852,0,0,2,FALSE,FALSE,"C",TRUE,FALSE,FALSE,FALSE
"any","A_substantive","DQ03_2__5","w5問3(2)_現職・職業―大分類(プリコード): サービス職","ec_adj",0.00247,NA,0.01941,0.0073,0.8987,0.9945,0.1832,0.2788,"undetermined",2063,474,976,0.852,0.852,0,0,2,FALSE,FALSE,"C",TRUE,FALSE,FALSE,FALSE
"any","A_substantive","DQ03_2__6","w5問3(2)_現職・職業―大分類(プリコード): 生産現場職・技能職","naive",0.02831,0.01803,0.01929,0.0781,0.1424,0.7354,0.6666,0.7242,"undetermined",2063,474,976,1.02,1.02,0,0,2,FALSE,FALSE,"C",TRUE,FALSE,FALSE,FALSE
"any","A_substantive","DQ03_2__6","w5問3(2)_現職・職業―大分類(プリコード): 生産現場職・技能職","sm",0.00054,0.02422,0.02788,0.0015,0.9846,0.9846,0.2426,0.679,"undetermined",2063,272,976,1.02,1.02,0,0,2,FALSE,FALSE,"C",TRUE,FALSE,FALSE,FALSE
"any","A_substantive","DQ03_2__6","w5問3(2)_現職・職業―大分類(プリコード): 生産現場職・技能職","ssm",-0.00102,0.02653,0.02953,-0.0028,0.9725,0.9725,0.2602,0.6185,"undetermined",1782,228,976,1.02,1.02,0,0,2,FALSE,FALSE,"C",TRUE,FALSE,FALSE,FALSE
"any","A_substantive","DQ03_2__6","w5問3(2)_現職・職業―大分類(プリコード): 生産現場職・技能職","ec",0.03157,0.02037,0.01978,0.0871,0.1104,0.6452,0.7208,0.7826,"undetermined",2063,474,976,1.02,1.02,0,0,2,FALSE,FALSE,"C",TRUE,FALSE,FALSE,FALSE
"any","A_substantive","DQ03_2__6","w5問3(2)_現職・職業―大分類(プリコード): 生産現場職・技能職","ec_adj",0.03251,NA,0.02012,0.0897,0.1061,0.6204,0.7329,0.7957,"undetermined",2063,474,976,1.02,1.02,0,0,2,FALSE,FALSE,"C",TRUE,FALSE,FALSE,FALSE
"any","A_substantive","DQ03_2__7","w5問3(2)_現職・職業―大分類(プリコード): 運輸・保安職","naive",-0.00461,0.01173,0.01179,-0.0203,0.6958,0.9357,0.09595,0.1876,"undetermined",2063,474,976,0.854,0.854,0,0,2,FALSE,FALSE,"C",TRUE,FALSE,FALSE,FALSE
"any","A_substantive","DQ03_2__7","w5問3(2)_現職・職業―大分類(プリコード): 運輸・保安職","sm",-0.01383,0.01588,0.01373,-0.0608,0.3139,0.5093,0.3264,0.679,"undetermined",2063,272,976,0.854,0.854,0,0,2,FALSE,FALSE,"C",TRUE,FALSE,FALSE,FALSE
"any","A_substantive","DQ03_2__7","w5問3(2)_現職・職業―大分類(プリコード): 運輸・保安職","ssm",-0.00809,0.0168,0.01498,-0.0356,0.5892,0.7738,0.2134,0.6185,"undetermined",1782,228,976,0.854,0.854,0,0,2,FALSE,FALSE,"C",TRUE,FALSE,FALSE,FALSE
"any","A_substantive","DQ03_2__7","w5問3(2)_現職・職業―大分類(プリコード): 運輸・保安職","ec",6e-04,0.01286,0.01299,0.0026,0.9633,0.9966,0.06764,0.1428,"undetermined",2063,474,976,0.854,0.854,0,0,2,FALSE,FALSE,"C",TRUE,FALSE,FALSE,FALSE
"any","A_substantive","DQ03_2__7","w5問3(2)_現職・職業―大分類(プリコード): 運輸・保安職","ec_adj",0.00131,NA,0.01302,0.0058,0.9199,0.9945,0.07552,0.1594,"undetermined",2063,474,976,0.854,0.854,0,0,2,FALSE,FALSE,"C",TRUE,FALSE,FALSE,FALSE
"any","A_substantive","DQ03_2__8","w5問3(2)_現職・職業―大分類(プリコード): その他","naive",0.00012,0.01073,0.01186,6e-04,0.9919,0.9958,0.04682,0.1239,"undetermined",2063,474,976,0.852,0.852,0,0,2,FALSE,FALSE,"C",TRUE,FALSE,FALSE,FALSE
"any","A_substantive","DQ03_2__8","w5問3(2)_現職・職業―大分類(プリコード): その他","sm",0.00609,0.01283,0.01215,0.0289,0.616,0.7706,0.1262,0.679,"undetermined",2063,272,976,0.852,0.852,0,0,2,FALSE,FALSE,"C",TRUE,FALSE,FALSE,FALSE
"any","A_substantive","DQ03_2__8","w5問3(2)_現職・職業―大分類(プリコード): その他","ssm",0.01363,0.01245,0.01322,0.0647,0.3027,0.5549,0.315,0.6185,"undetermined",1782,228,976,0.852,0.852,0,0,2,FALSE,FALSE,"C",TRUE,FALSE,FALSE,FALSE
"any","A_substantive","DQ03_2__8","w5問3(2)_現職・職業―大分類(プリコード): その他","ec",0.00359,0.0122,0.01185,0.0171,0.7617,0.9966,0.08314,0.162,"undetermined",2063,474,976,0.852,0.852,0,0,2,FALSE,FALSE,"C",TRUE,FALSE,FALSE,FALSE
"any","A_substantive","DQ03_2__8","w5問3(2)_現職・職業―大分類(プリコード): その他","ec_adj",0.00391,NA,0.01181,0.0186,0.7403,0.9945,0.08654,0.1641,"undetermined",2063,474,976,0.852,0.852,0,0,2,FALSE,FALSE,"C",TRUE,FALSE,FALSE,FALSE
"any","A_substantive","DQ42_A","w5問42_健康保険―A","naive",0.0062,0.01877,0.02008,0.0125,0.7577,0.9357,0.2459,0.3435,"undetermined",3738,862,0,0.882,0.882,0,0,2,FALSE,FALSE,"",FALSE,FALSE,FALSE,FALSE
"any","A_substantive","DQ42_A","w5問42_健康保険―A","sm",0.01014,0.02334,0.02497,0.0204,0.6847,0.7929,0.3464,0.679,"undetermined",3738,515,0,0.882,0.882,0,0,2,FALSE,FALSE,"",FALSE,FALSE,FALSE,FALSE
"any","A_substantive","DQ42_A","w5問42_健康保険―A","ssm",0.00929,0.0252,0.02661,0.0187,0.7269,0.8645,0.3437,0.6185,"undetermined",3260,441,0,0.882,0.882,0,0,2,FALSE,FALSE,"",FALSE,FALSE,FALSE,FALSE
"any","A_substantive","DQ42_B","w5問42_健康保険―B","naive",-0.0062,0.01877,0.02008,-0.0125,0.7577,0.9357,0.2459,0.3435,"undetermined",3738,862,0,0.882,0.882,0,0,2,FALSE,FALSE,"",FALSE,FALSE,FALSE,FALSE
"any","A_substantive","DQ42_B","w5問42_健康保険―B","sm",-0.01014,0.02334,0.02497,-0.0204,0.6847,0.7929,0.3464,0.679,"undetermined",3738,515,0,0.882,0.882,0,0,2,FALSE,FALSE,"",FALSE,FALSE,FALSE,FALSE
"any","A_substantive","DQ42_B","w5問42_健康保険―B","ssm",-0.00929,0.0252,0.02661,-0.0187,0.7269,0.8645,0.3437,0.6185,"undetermined",3260,441,0,0.882,0.882,0,0,2,FALSE,FALSE,"",FALSE,FALSE,FALSE,FALSE
"any","A_substantive","DQ57A","w5問57A_起床_時刻の回答形式","naive",-0.00163,0.01065,0.01103,-0.0055,0.8827,0.9593,0.04788,0.1239,"undetermined",4164,963,4116,0.869,0.869,0,0,2,FALSE,FALSE,"B",TRUE,FALSE,FALSE,FALSE
"any","A_substantive","DQ57A","w5問57A_起床_時刻の回答形式","sm",0.00706,0.01276,0.0149,0.0237,0.6358,0.7706,0.1925,0.679,"undetermined",4164,578,4116,0.869,0.869,0,0,2,FALSE,FALSE,"B",TRUE,FALSE,FALSE,FALSE
"any","A_substantive","DQ57A","w5問57A_起床_時刻の回答形式","ssm",0.00491,0.01388,0.01562,0.0165,0.7533,0.8839,0.1669,0.6037,"undetermined",3618,493,4116,0.869,0.869,0,0,2,FALSE,FALSE,"B",TRUE,FALSE,FALSE,FALSE
"any","A_substantive","DQ57A","w5問57A_起床_時刻の回答形式","ec",-0.00163,0.01079,0.01112,-0.0055,0.8834,0.9966,0.04932,0.1143,"undetermined",4164,963,4116,0.869,0.869,0,0,2,FALSE,FALSE,"B",TRUE,FALSE,FALSE,FALSE
"any","A_substantive","DQ57A","w5問57A_起床_時刻の回答形式","ec_adj",-0.0019,NA,0.01101,-0.0064,0.8628,0.9945,0.05018,0.1158,"undetermined",4164,963,4116,0.869,0.869,0,0,2,FALSE,FALSE,"B",TRUE,FALSE,FALSE,FALSE
"any","A_substantive","DQ57B__1","w5問57B_家を出る_時刻の回答形式: だいたい午前／午後×時○分ころ","naive",0.00646,0.01423,0.01206,0.0163,0.5925,0.9357,0.1308,0.2345,"undetermined",4164,963,4164,0.874,0.874,0,0,2,FALSE,FALSE,"B",TRUE,FALSE,FALSE,FALSE
"any","A_substantive","DQ57B__1","w5問57B_家を出る_時刻の回答形式: だいたい午前／午後×時○分ころ","sm",0.00189,0.01755,0.01906,0.0048,0.9211,0.9634,0.171,0.679,"undetermined",4164,578,4164,0.874,0.874,0,0,2,FALSE,FALSE,"B",TRUE,FALSE,FALSE,FALSE
"any","A_substantive","DQ57B__1","w5問57B_家を出る_時刻の回答形式: だいたい午前／午後×時○分ころ","ssm",0.00365,0.01916,0.01978,0.0092,0.8537,0.9203,0.2042,0.6185,"undetermined",3618,493,4164,0.874,0.874,0,0,2,FALSE,FALSE,"B",TRUE,FALSE,FALSE,FALSE
"any","A_substantive","DQ57B__1","w5問57B_家を出る_時刻の回答形式: だいたい午前／午後×時○分ころ","ec",0.00822,0.0144,0.01167,0.0207,0.4814,0.9966,0.1563,0.2533,"undetermined",4164,963,4164,0.874,0.874,0,0,2,FALSE,FALSE,"B",TRUE,FALSE,FALSE,FALSE
"any","A_substantive","DQ57B__1","w5問57B_家を出る_時刻の回答形式: だいたい午前／午後×時○分ころ","ec_adj",0.00755,NA,0.01169,0.019,0.5186,0.9945,0.1434,0.2422,"undetermined",4164,963,4164,0.874,0.874,0,0,2,FALSE,FALSE,"B",TRUE,FALSE,FALSE,FALSE
"any","A_substantive","DQ57B__2","w5問57B_家を出る_時刻の回答形式: 特に決まっていない","naive",1e-04,0.01164,0.01125,3e-04,0.9929,0.9958,0.03846,0.1058,"undetermined",4164,963,4164,0.868,0.868,0,0,2,FALSE,FALSE,"B",TRUE,FALSE,FALSE,FALSE
"any","A_substantive","DQ57B__2","w5問57B_家を出る_時刻の回答形式: 特に決まっていない","sm",0.00464,0.01425,0.01485,0.0142,0.7547,0.8514,0.1505,0.679,"undetermined",4164,578,4164,0.868,0.868,0,0,2,FALSE,FALSE,"B",TRUE,FALSE,FALSE,FALSE
"any","A_substantive","DQ57B__2","w5問57B_家を出る_時刻の回答形式: 特に決まっていない","ssm",0.00222,0.01561,0.01603,0.0068,0.8901,0.9437,0.1336,0.5675,"undetermined",3618,493,4164,0.868,0.868,0,0,2,FALSE,FALSE,"B",TRUE,FALSE,FALSE,FALSE
"any","A_substantive","DQ57B__2","w5問57B_家を出る_時刻の回答形式: 特に決まっていない","ec",-0.00159,0.01177,0.0112,-0.0049,0.8868,0.9966,0.05008,0.1143,"undetermined",4164,963,4164,0.868,0.868,0,0,2,FALSE,FALSE,"B",TRUE,FALSE,FALSE,FALSE
"any","A_substantive","DQ57B__2","w5問57B_家を出る_時刻の回答形式: 特に決まっていない","ec_adj",-0.00162,NA,0.01129,-0.005,0.8856,0.9945,0.0518,0.1158,"undetermined",4164,963,4164,0.868,0.868,0,0,2,FALSE,FALSE,"B",TRUE,FALSE,FALSE,FALSE
"any","A_substantive","DQ57B__3","w5問57B_家を出る_時刻の回答形式: 主に家にいる","naive",-0.00656,0.00952,0.0103,-0.0249,0.5243,0.9357,0.09581,0.1876,"undetermined",4164,963,4164,0.874,0.874,0,0,2,FALSE,FALSE,"B",TRUE,FALSE,FALSE,FALSE
"any","A_substantive","DQ57B__3","w5問57B_家を出る_時刻の回答形式: 主に家にいる","sm",-0.00653,0.01185,0.01393,-0.0248,0.6392,0.7706,0.1667,0.679,"undetermined",4164,578,4164,0.874,0.874,0,0,2,FALSE,FALSE,"B",TRUE,FALSE,FALSE,FALSE
"any","A_substantive","DQ57B__3","w5問57B_家を出る_時刻の回答形式: 主に家にいる","ssm",-0.00586,0.01292,0.01518,-0.0223,0.6993,0.8645,0.1758,0.6037,"undetermined",3618,493,4164,0.874,0.874,0,0,2,FALSE,FALSE,"B",TRUE,FALSE,FALSE,FALSE
"any","A_substantive","DQ57B__3","w5問57B_家を出る_時刻の回答形式: 主に家にいる","ec",-0.00662,0.00963,0.01049,-0.0252,0.5279,0.9966,0.1012,0.1788,"undetermined",4164,963,4164,0.874,0.874,0,0,2,FALSE,FALSE,"B",TRUE,FALSE,FALSE,FALSE
"any","A_substantive","DQ57B__3","w5問57B_家を出る_時刻の回答形式: 主に家にいる","ec_adj",-0.00592,NA,0.01042,-0.0225,0.5697,0.9945,0.08835,0.1641,"undetermined",4164,963,4164,0.874,0.874,0,0,2,FALSE,FALSE,"B",TRUE,FALSE,FALSE,FALSE
"any","A_substantive","DQ57C__1","w5問57C_帰宅_時刻の回答形式: だいたい午前／午後×時○分ころ","naive",-0.00315,0.01428,0.01516,-0.0079,0.8354,0.9593,0.1332,0.2345,"undetermined",4164,963,4164,0.881,0.881,0,0,2,FALSE,FALSE,"B",TRUE,FALSE,FALSE,FALSE
"any","A_substantive","DQ57C__1","w5問57C_帰宅_時刻の回答形式: だいたい午前／午後×時○分ころ","sm",-0.00945,0.01754,0.01664,-0.0236,0.5702,0.7374,0.263,0.679,"undetermined",4164,578,4164,0.881,0.881,0,0,2,FALSE,FALSE,"B",TRUE,FALSE,FALSE,FALSE
"any","A_substantive","DQ57C__1","w5問57C_帰宅_時刻の回答形式: だいたい午前／午後×時○分ころ","ssm",-0.0123,0.01885,0.01715,-0.0307,0.4734,0.6719,0.3267,0.6185,"undetermined",3618,493,4164,0.881,0.881,0,0,2,FALSE,FALSE,"B",TRUE,FALSE,FALSE,FALSE
"any","A_substantive","DQ57C__1","w5問57C_帰宅_時刻の回答形式: だいたい午前／午後×時○分ころ","ec",-0.00577,0.01446,0.0154,-0.0144,0.7081,0.9966,0.1777,0.2805,"undetermined",4164,963,4164,0.881,0.881,0,0,2,FALSE,FALSE,"B",TRUE,FALSE,FALSE,FALSE
"any","A_substantive","DQ57C__1","w5問57C_帰宅_時刻の回答形式: だいたい午前／午後×時○分ころ","ec_adj",-0.00599,NA,0.01531,-0.015,0.6957,0.9945,0.1801,0.2788,"undetermined",4164,963,4164,0.881,0.881,0,0,2,FALSE,FALSE,"B",TRUE,FALSE,FALSE,FALSE
"any","A_substantive","DQ57C__2","w5問57C_帰宅_時刻の回答形式: 特に決まっていない","naive",-0.01141,0.01181,0.01189,-0.035,0.3372,0.9357,0.2352,0.3435,"undetermined",4164,963,4164,0.879,0.879,0,0,2,FALSE,FALSE,"B",TRUE,FALSE,FALSE,FALSE
"any","A_substantive","DQ57C__2","w5問57C_帰宅_時刻の回答形式: 特に決まっていない","sm",-0.00064,0.01422,0.01475,-0.002,0.9652,0.9825,0.09475,0.6414,"undetermined",4164,578,4164,0.879,0.879,0,0,2,FALSE,FALSE,"B",TRUE,FALSE,FALSE,FALSE
"any","A_substantive","DQ57C__2","w5問57C_帰宅_時刻の回答形式: 特に決まっていない","ssm",0.00148,0.01514,0.01607,0.0045,0.9264,0.9634,0.1246,0.5675,"undetermined",3618,493,4164,0.879,0.879,0,0,2,FALSE,FALSE,"B",TRUE,FALSE,FALSE,FALSE
"any","A_substantive","DQ57C__2","w5問57C_帰宅_時刻の回答形式: 特に決まっていない","ec",-0.00932,0.01195,0.01222,-0.0286,0.4455,0.9966,0.191,0.2805,"undetermined",4164,963,4164,0.879,0.879,0,0,2,FALSE,FALSE,"B",TRUE,FALSE,FALSE,FALSE
"any","A_substantive","DQ57C__2","w5問57C_帰宅_時刻の回答形式: 特に決まっていない","ec_adj",-0.00933,NA,0.01233,-0.0286,0.4493,0.9945,0.1933,0.2826,"undetermined",4164,963,4164,0.879,0.879,0,0,2,FALSE,FALSE,"B",TRUE,FALSE,FALSE,FALSE
"any","A_substantive","DQ57C__3","w5問57C_帰宅_時刻の回答形式: 主に家にいる","naive",0.01456,0.00938,0.0081,0.054,0.07213,0.6367,0.251,0.3452,"undetermined",4164,963,4164,1.044,1.044,0,0,2,FALSE,FALSE,"B",TRUE,FALSE,FALSE,FALSE
"any","A_substantive","DQ57C__3","w5問57C_帰宅_時刻の回答形式: 主に家にいる","sm",0.01009,0.01187,0.00903,0.0374,0.264,0.473,0.1364,0.679,"undetermined",4164,578,4164,1.044,1.044,0,0,2,FALSE,FALSE,"B",TRUE,FALSE,FALSE,FALSE
"any","A_substantive","DQ57C__3","w5問57C_帰宅_時刻の回答形式: 主に家にいる","ssm",0.01081,0.01291,0.00898,0.0401,0.2285,0.5117,0.1532,0.6004,"undetermined",3618,493,4164,1.044,1.044,0,0,2,FALSE,FALSE,"B",TRUE,FALSE,FALSE,FALSE
"any","A_substantive","DQ57C__3","w5問57C_帰宅_時刻の回答形式: 主に家にいる","ec",0.01509,0.0095,0.00817,0.056,0.06489,0.5479,0.2739,0.3652,"undetermined",4164,963,4164,1.044,1.044,0,0,2,FALSE,FALSE,"B",TRUE,FALSE,FALSE,FALSE
"any","A_substantive","DQ57C__3","w5問57C_帰宅_時刻の回答形式: 主に家にいる","ec_adj",0.01532,NA,0.00799,0.0568,0.05538,0.504,0.279,0.372,"undetermined",4164,963,4164,1.044,1.044,0,0,2,FALSE,FALSE,"B",TRUE,FALSE,FALSE,FALSE
"any","A_substantive","DQ57D","w5問57D_就寝_時刻の回答形式","naive",-0.01184,0.01123,0.01175,-0.0383,0.3136,0.9357,0.2438,0.3435,"undetermined",4164,963,4117,0.879,0.879,0,0,2,FALSE,FALSE,"B",TRUE,FALSE,FALSE,FALSE
"any","A_substantive","DQ57D","w5問57D_就寝_時刻の回答形式","sm",-0.01457,0.01412,0.01725,-0.0471,0.3983,0.615,0.3765,0.679,"undetermined",4164,578,4117,0.879,0.879,0,0,2,FALSE,FALSE,"B",TRUE,FALSE,FALSE,FALSE
"any","A_substantive","DQ57D","w5問57D_就寝_時刻の回答形式","ssm",-0.01372,0.01539,0.01775,-0.0443,0.4394,0.6644,0.3618,0.6185,"undetermined",3618,493,4117,0.879,0.879,0,0,2,FALSE,FALSE,"B",TRUE,FALSE,FALSE,FALSE
"any","A_substantive","DQ57D","w5問57D_就寝_時刻の回答形式","ec",-0.01006,0.01137,0.01243,-0.0325,0.4183,0.9966,0.2121,0.2985,"undetermined",4164,963,4117,0.879,0.879,0,0,2,FALSE,FALSE,"B",TRUE,FALSE,FALSE,FALSE
"any","A_substantive","DQ57D","w5問57D_就寝_時刻の回答形式","ec_adj",-0.0097,NA,0.01252,-0.0313,0.4387,0.9945,0.2054,0.2946,"undetermined",4164,963,4117,0.879,0.879,0,0,2,FALSE,FALSE,"B",TRUE,FALSE,FALSE,FALSE
"any","A_substantive","DQ03_5E","w5問3(5)-5_収入の形態―年俸","naive",-7e-05,0.0156,0.01381,-2e-04,0.9958,0.9958,0.07445,0.1598,"undetermined",4164,963,0,0.868,0.868,0,0,2,FALSE,FALSE,"",FALSE,FALSE,FALSE,FALSE
"any","A_substantive","DQ03_5E","w5問3(5)-5_収入の形態―年俸","sm",-0.00985,0.01915,0.01692,-0.0226,0.5605,0.7374,0.2743,0.679,"undetermined",4164,578,0,0.868,0.868,0,0,2,FALSE,FALSE,"",FALSE,FALSE,FALSE,FALSE
"any","A_substantive","DQ03_5E","w5問3(5)-5_収入の形態―年俸","ssm",-0.00617,0.02081,0.02078,-0.0141,0.7664,0.8843,0.2529,0.6185,"undetermined",3618,493,0,0.868,0.868,0,0,2,FALSE,FALSE,"",FALSE,FALSE,FALSE,FALSE
"any","A_substantive","DQ03_5ES","w5問3(5)-5_収入の金額―年俸","naive",2.67205,6.84188,8.45603,0.0273,0.752,0.9357,0.2003,0.3039,"undetermined",1064,246,0,NA,NA,NA,NA,NA,FALSE,FALSE,"",FALSE,FALSE,FALSE,FALSE
"any","A_substantive","DQ03_5ES","w5問3(5)-5_収入の金額―年俸","sm",-12.47892,8.71015,9.02876,-0.1276,0.1669,0.3498,0.6175,0.8048,"undetermined",1064,142,0,NA,NA,NA,NA,NA,FALSE,FALSE,"",FALSE,FALSE,FALSE,FALSE
"any","A_substantive","DQ03_5ES","w5問3(5)-5_収入の金額―年俸","ssm",-7.40214,9.32945,9.33018,-0.0757,0.4276,0.6601,0.3994,0.6185,"undetermined",925,123,0,NA,NA,NA,NA,NA,FALSE,FALSE,"",FALSE,FALSE,FALSE,FALSE
"any","A_substantive","DQ03_13","w5問3(13)_現在の会社で当面仕事を続けるか","naive",0.08678,0.0327,0.03581,0.1356,0.01538,0.1934,0.7377,0.7917,"undetermined",1956,440,889,1.136,1.136,0,0,3,FALSE,FALSE,"C",TRUE,FALSE,FALSE,FALSE
"any","A_substantive","DQ03_13","w5問3(13)_現在の会社で当面仕事を続けるか","sm",0.12716,0.0394,0.04499,0.1987,0.004713,0.0319,0.9198,0.9425,"affected",1956,255,889,1.136,1.136,0,0,3,FALSE,FALSE,"C",TRUE,FALSE,FALSE,FALSE
"any","A_substantive","DQ03_13","w5問3(13)_現在の会社で当面仕事を続けるか","ssm",0.11578,0.04281,0.05123,0.1809,0.02382,0.1531,0.844,0.8738,"undetermined",1689,214,889,1.136,1.136,0,0,3,FALSE,FALSE,"C",TRUE,FALSE,FALSE,FALSE
"any","A_substantive","DQ03_13","w5問3(13)_現在の会社で当面仕事を続けるか","ec",0.09202,0.03677,0.04539,0.1438,0.04262,0.4627,0.7315,0.783,"undetermined",1956,440,889,1.136,1.136,0,0,3,FALSE,FALSE,"C",TRUE,FALSE,FALSE,FALSE
"any","A_substantive","DQ03_13","w5問3(13)_現在の会社で当面仕事を続けるか","ec_adj",0.09641,NA,0.04472,0.1507,0.03108,0.4658,0.7658,0.8197,"undetermined",1956,440,889,1.136,1.136,0,0,3,FALSE,FALSE,"C",TRUE,FALSE,FALSE,FALSE
"any","A_substantive","DQ17A","w5問17A_中3時の父親の喫煙","naive",-0.04926,0.03229,0.03065,-0.0566,0.108,0.7354,0.1091,0.2043,"undetermined",3905,890,0,0.913,0.913,0,0,3,FALSE,FALSE,"",FALSE,FALSE,FALSE,FALSE
"any","A_substantive","DQ17A","w5問17A_中3時の父親の喫煙","sm",-0.06087,0.04006,0.03718,-0.07,0.1016,0.2709,0.2411,0.679,"undetermined",3905,535,0,0.913,0.913,0,0,3,FALSE,FALSE,"",FALSE,FALSE,FALSE,FALSE
"any","A_substantive","DQ17A","w5問17A_中3時の父親の喫煙","ssm",-0.07399,0.04354,0.03814,-0.0851,0.05238,0.2561,0.3666,0.6185,"undetermined",3393,455,0,0.913,0.913,0,0,3,FALSE,FALSE,"",FALSE,FALSE,FALSE,FALSE
"any","A_substantive","dq57a_hr","起床時刻(時; 分を含む)","naive",-0.01992,0.03878,0.0411,-0.0192,0.6278,0.9357,0.02057,0.06963,"equivalent",3715,862,3244,NA,NA,NA,NA,NA,FALSE,FALSE,"B",TRUE,FALSE,FALSE,FALSE
"any","A_substantive","dq57a_hr","起床時刻(時; 分を含む)","sm",0.00514,0.04859,0.05021,0.0049,0.9185,0.9634,0.02466,0.31,"undetermined",3715,522,3244,NA,NA,NA,NA,NA,FALSE,FALSE,"B",TRUE,FALSE,FALSE,FALSE
"any","A_substantive","dq57a_hr","起床時刻(時; 分を含む)","ssm",0.00464,0.05289,0.05318,0.0045,0.9305,0.9634,0.03106,0.3416,"undetermined",3228,444,3244,NA,NA,NA,NA,NA,FALSE,FALSE,"B",TRUE,FALSE,FALSE,FALSE
"any","A_substantive","dq57a_hr","起床時刻(時; 分を含む)","ec",-0.02554,0.03972,0.04216,-0.0246,0.5447,0.9966,0.03163,0.08904,"equivalent",3715,862,3244,NA,NA,NA,NA,NA,FALSE,FALSE,"B",TRUE,FALSE,FALSE,FALSE
"any","A_substantive","dq57a_hr","起床時刻(時; 分を含む)","ec_adj",-0.02494,NA,0.04297,-0.024,0.5616,0.9945,0.03317,0.09261,"equivalent",3715,862,3244,NA,NA,NA,NA,NA,FALSE,FALSE,"B",TRUE,FALSE,FALSE,FALSE
"any","A_substantive","dq57b_hr","家を出る時刻(時)","naive",-0.01352,0.04234,0.03905,-0.0128,0.7291,0.9357,0.009328,0.04104,"equivalent",3320,761,2618,NA,NA,NA,NA,NA,FALSE,FALSE,"B",TRUE,FALSE,FALSE,FALSE
"any","A_substantive","dq57b_hr","家を出る時刻(時)","sm",-0.08248,0.05296,0.05542,-0.0783,0.1367,0.3165,0.3398,0.679,"undetermined",3320,459,2618,NA,NA,NA,NA,NA,FALSE,FALSE,"B",TRUE,FALSE,FALSE,FALSE
"any","A_substantive","dq57b_hr","家を出る時刻(時)","ssm",-0.08395,0.05794,0.06162,-0.0797,0.1731,0.4761,0.364,0.6185,"undetermined",2871,388,2618,NA,NA,NA,NA,NA,FALSE,FALSE,"B",TRUE,FALSE,FALSE,FALSE
"any","A_substantive","dq57b_hr","家を出る時刻(時)","ec",-0.0342,0.04384,0.04071,-0.0325,0.4008,0.9966,0.04018,0.1053,"undetermined",3320,761,2618,NA,NA,NA,NA,NA,FALSE,FALSE,"B",TRUE,FALSE,FALSE,FALSE
"any","A_substantive","dq57b_hr","家を出る時刻(時)","ec_adj",-0.03541,NA,0.04025,-0.0336,0.379,0.9945,0.04106,0.1076,"undetermined",3320,761,2618,NA,NA,NA,NA,NA,FALSE,FALSE,"B",TRUE,FALSE,FALSE,FALSE
"any","A_substantive","dq57c_hr","帰宅時刻(時; 家を出る時刻より前なら +24)","naive",-0.01424,0.09997,0.0958,-0.0058,0.8818,0.9593,0.007566,0.04104,"equivalent",3288,765,2640,NA,NA,NA,NA,NA,FALSE,FALSE,"B",TRUE,FALSE,FALSE,FALSE
"any","A_substantive","dq57c_hr","帰宅時刻(時; 家を出る時刻より前なら +24)","sm",-0.02778,0.12381,0.12749,-0.0112,0.8275,0.9088,0.04278,0.3765,"undetermined",3288,462,2640,NA,NA,NA,NA,NA,FALSE,FALSE,"B",TRUE,FALSE,FALSE,FALSE
"any","A_substantive","dq57c_hr","帰宅時刻(時; 家を出る時刻より前なら +24)","ssm",0.00808,0.1344,0.14064,0.0033,0.9542,0.9725,0.0447,0.4094,"undetermined",2859,396,2640,NA,NA,NA,NA,NA,FALSE,FALSE,"B",TRUE,FALSE,FALSE,FALSE
"any","A_substantive","dq57c_hr","帰宅時刻(時; 家を出る時刻より前なら +24)","ec",-0.04011,0.10338,0.09641,-0.0162,0.6774,0.9966,0.01595,0.05881,"equivalent",3288,765,2640,NA,NA,NA,NA,NA,FALSE,FALSE,"B",TRUE,FALSE,FALSE,FALSE
"any","A_substantive","dq57c_hr","帰宅時刻(時; 家を出る時刻より前なら +24)","ec_adj",-0.04304,NA,0.09824,-0.0174,0.6613,0.9945,0.01895,0.06548,"equivalent",3288,765,2640,NA,NA,NA,NA,NA,FALSE,FALSE,"B",TRUE,FALSE,FALSE,FALSE
"any","A_substantive","dq57d_hr","就寝時刻(時; 0-11 時は +24, 午後12時は 24)","naive",-0.01365,0.04724,0.04578,-0.011,0.7656,0.9357,0.007718,0.04104,"equivalent",3714,848,3267,NA,NA,NA,NA,NA,FALSE,FALSE,"B",TRUE,FALSE,FALSE,FALSE
"any","A_substantive","dq57d_hr","就寝時刻(時; 0-11 時は +24, 午後12時は 24)","sm",0.03726,0.05695,0.05543,0.0299,0.5014,0.6971,0.05767,0.4613,"undetermined",3714,507,3267,NA,NA,NA,NA,NA,FALSE,FALSE,"B",TRUE,FALSE,FALSE,FALSE
"any","A_substantive","dq57d_hr","就寝時刻(時; 0-11 時は +24, 午後12時は 24)","ssm",0.04808,0.06108,0.05513,0.0386,0.3831,0.6185,0.08274,0.5201,"undetermined",3215,431,3267,NA,NA,NA,NA,NA,FALSE,FALSE,"B",TRUE,FALSE,FALSE,FALSE
"any","A_substantive","dq57d_hr","就寝時刻(時; 0-11 時は +24, 午後12時は 24)","ec",-0.01826,0.04832,0.047,-0.0147,0.6977,0.9966,0.01187,0.05279,"equivalent",3714,848,3267,NA,NA,NA,NA,NA,FALSE,FALSE,"B",TRUE,FALSE,FALSE,FALSE
"any","A_substantive","dq57d_hr","就寝時刻(時; 0-11 時は +24, 午後12時は 24)","ec_adj",-0.01746,NA,0.04606,-0.014,0.7047,0.9945,0.01004,0.0449,"equivalent",3714,848,3267,NA,NA,NA,NA,NA,FALSE,FALSE,"B",TRUE,FALSE,FALSE,FALSE
"any","A_substantive","dq57d_hr_s12","就寝時刻(感度: 午後12時を欠損に)","naive",-0.01365,0.04724,0.04578,-0.011,0.7656,NA,0.007718,NA,"excluded (outside the counts)",3714,848,3267,NA,NA,NA,NA,NA,TRUE,TRUE,"B",TRUE,FALSE,FALSE,FALSE
"any","A_substantive","dq57d_hr_s12","就寝時刻(感度: 午後12時を欠損に)","sm",0.03726,0.05695,0.05543,0.0299,0.5014,NA,0.05767,NA,"excluded (outside the counts)",3714,507,3267,NA,NA,NA,NA,NA,TRUE,TRUE,"B",TRUE,FALSE,FALSE,FALSE
"any","A_substantive","dq57d_hr_s12","就寝時刻(感度: 午後12時を欠損に)","ssm",0.04808,0.06108,0.05513,0.0386,0.3831,NA,0.08274,NA,"excluded (outside the counts)",3215,431,3267,NA,NA,NA,NA,NA,TRUE,TRUE,"B",TRUE,FALSE,FALSE,FALSE
"any","A_substantive","dq57d_hr_s12","就寝時刻(感度: 午後12時を欠損に)","ec",-0.01826,0.04832,0.047,-0.0147,0.6977,NA,0.01187,NA,"excluded (outside the counts)",3714,848,3267,NA,NA,NA,NA,NA,TRUE,TRUE,"B",TRUE,FALSE,FALSE,FALSE
"any","A_substantive","dq57d_hr_s12","就寝時刻(感度: 午後12時を欠損に)","ec_adj",-0.01746,NA,0.04606,-0.014,0.7047,NA,0.01004,NA,"excluded (outside the counts)",3714,848,3267,NA,NA,NA,NA,NA,TRUE,TRUE,"B",TRUE,FALSE,FALSE,FALSE
"any","A_substantive","dq54_1_months","交際期間(月数 = 年×12 + 月)","naive",0.45282,0.92273,0.86494,0.0268,0.6006,0.9357,0.07649,0.1603,"undetermined",1662,404,259,NA,NA,NA,NA,NA,FALSE,FALSE,"C",TRUE,FALSE,FALSE,FALSE
"any","A_substantive","dq54_1_months","交際期間(月数 = 年×12 + 月)","sm",1.26285,1.12381,1.20367,0.0748,0.2941,0.4883,0.3617,0.679,"undetermined",1662,235,259,NA,NA,NA,NA,NA,FALSE,FALSE,"C",TRUE,FALSE,FALSE,FALSE
"any","A_substantive","dq54_1_months","交際期間(月数 = 年×12 + 月)","ssm",1.25833,1.18002,1.2942,0.0745,0.3309,0.5943,0.3697,0.6185,"undetermined",1445,195,259,NA,NA,NA,NA,NA,FALSE,FALSE,"C",TRUE,FALSE,FALSE,FALSE
"any","A_substantive","dq54_1_months","交際期間(月数 = 年×12 + 月)","ec",-0.02594,1.25132,1.19561,-0.0015,0.9827,0.9966,0.08213,0.162,"undetermined",1662,404,259,NA,NA,NA,NA,NA,FALSE,FALSE,"C",TRUE,FALSE,FALSE,FALSE
"any","A_substantive","dq54_1_months","交際期間(月数 = 年×12 + 月)","ec_adj",-0.05092,NA,1.17042,-0.003,0.9653,0.9945,0.08084,0.1625,"undetermined",1662,404,259,NA,NA,NA,NA,NA,FALSE,FALSE,"C",TRUE,FALSE,FALSE,FALSE
"any","B_itemnonresp","DQ101","w5問1_意識項目1","naive",-0.00883,0.00573,0.00645,-0.0581,0.1714,0.8905,0.04164,0.04318,"equivalent",4164,963,4164,NA,NA,NA,NA,NA,FALSE,FALSE,"A",TRUE,FALSE,FALSE,FALSE
"any","B_itemnonresp","DQ101","w5問1_意識項目1","sm",-0.00501,0.00674,0.00688,-0.033,0.4666,0.9136,0.01468,0.01868,"equivalent",4164,578,4164,NA,NA,NA,NA,NA,FALSE,FALSE,"A",TRUE,FALSE,FALSE,FALSE
"any","B_itemnonresp","DQ101","w5問1_意識項目1","ssm",-0.00619,0.00759,0.008,-0.0408,0.4388,0.8742,0.04215,0.05131,"equivalent",3618,493,4164,NA,NA,NA,NA,NA,FALSE,FALSE,"A",TRUE,FALSE,FALSE,FALSE
"any","B_itemnonresp","DQ101","w5問1_意識項目1","ec",-0.00992,0.00577,0.00648,-0.0653,0.1254,0.7645,0.05987,0.06425,"equivalent",4164,963,4164,NA,NA,NA,NA,NA,FALSE,FALSE,"A",TRUE,FALSE,FALSE,FALSE
"any","B_itemnonresp","DQ101","w5問1_意識項目1","ec_adj",-0.01019,NA,0.0066,-0.0671,0.1225,0.75,0.06846,0.07347,"equivalent",4164,963,4164,NA,NA,NA,NA,NA,FALSE,FALSE,"A",TRUE,FALSE,FALSE,FALSE
"any","B_itemnonresp","DQ102","w5問2_意識項目2","naive",-0.00779,0.0053,0.00605,-0.0557,0.1973,0.8905,0.02173,0.0234,"equivalent",4164,963,4164,NA,NA,NA,NA,NA,FALSE,FALSE,"A",TRUE,FALSE,FALSE,FALSE
"any","B_itemnonresp","DQ102","w5問2_意識項目2","sm",-0.00813,0.00669,0.00672,-0.0581,0.2266,0.9136,0.03879,0.04621,"equivalent",4164,578,4164,NA,NA,NA,NA,NA,FALSE,FALSE,"A",TRUE,FALSE,FALSE,FALSE
"any","B_itemnonresp","DQ102","w5問2_意識項目2","ssm",-0.01006,0.00752,0.00754,-0.0719,0.182,0.7567,0.09374,0.105,"undetermined",3618,493,4164,NA,NA,NA,NA,NA,FALSE,FALSE,"A",TRUE,FALSE,FALSE,FALSE
"any","B_itemnonresp","DQ102","w5問2_意識項目2","ec",-0.00883,0.00533,0.00597,-0.0631,0.139,0.7645,0.03067,0.03374,"equivalent",4164,963,4164,NA,NA,NA,NA,NA,FALSE,FALSE,"A",TRUE,FALSE,FALSE,FALSE
"any","B_itemnonresp","DQ102","w5問2_意識項目2","ec_adj",-0.00868,NA,0.00593,-0.062,0.1433,0.75,0.02803,0.03162,"equivalent",4164,963,4164,NA,NA,NA,NA,NA,FALSE,FALSE,"A",TRUE,FALSE,FALSE,FALSE
"any","B_itemnonresp","DQ103","w5問3_意識項目3","naive",0.00388,0.00494,0.00556,0.0273,0.485,0.8905,0.001873,0.002622,"equivalent",4164,963,4164,NA,NA,NA,NA,NA,FALSE,FALSE,"D",FALSE,FALSE,FALSE,FALSE
"any","B_itemnonresp","DQ103","w5問3_意識項目3","sm",8e-05,0.00659,0.00688,6e-04,0.9904,0.9987,0.001885,0.003887,"equivalent",4164,578,4164,NA,NA,NA,NA,NA,FALSE,FALSE,"D",FALSE,FALSE,FALSE,FALSE
"any","B_itemnonresp","DQ103","w5問3_意識項目3","ssm",-0.0014,0.00738,0.00751,-0.0098,0.8521,0.9194,0.006631,0.01238,"equivalent",3618,493,4164,NA,NA,NA,NA,NA,FALSE,FALSE,"D",FALSE,FALSE,FALSE,FALSE
"any","B_itemnonresp","DQ103","w5問3_意識項目3","ec",0.00344,0.00499,0.00572,0.0242,0.5476,NA,0.001885,NA,"excluded (entry-wave class D)",4164,963,4164,NA,NA,NA,NA,NA,FALSE,TRUE,"D",FALSE,FALSE,FALSE,FALSE
"any","B_itemnonresp","DQ103","w5問3_意識項目3","ec_adj",0.0034,NA,0.00573,0.0239,0.553,NA,0.001873,NA,"excluded (entry-wave class D)",4164,963,4164,NA,NA,NA,NA,NA,FALSE,TRUE,"D",FALSE,FALSE,FALSE,FALSE
"any","B_itemnonresp","DQ104","w5問4_意識項目4","naive",-0.00387,0.00561,0.00624,-0.0252,0.5356,0.8905,0.004873,0.006065,"equivalent",4164,963,4164,NA,NA,NA,NA,NA,FALSE,FALSE,"A",TRUE,FALSE,FALSE,FALSE
"any","B_itemnonresp","DQ104","w5問4_意識項目4","sm",0.00306,0.00613,0.00577,0.02,0.5957,0.9136,0.001674,0.00375,"equivalent",4164,578,4164,NA,NA,NA,NA,NA,FALSE,FALSE,"A",TRUE,FALSE,FALSE,FALSE
"any","B_itemnonresp","DQ104","w5問4_意識項目4","ssm",0.00616,0.0062,0.00637,0.0402,0.3331,0.8742,0.01485,0.02188,"equivalent",3618,493,4164,NA,NA,NA,NA,NA,FALSE,FALSE,"A",TRUE,FALSE,FALSE,FALSE
"any","B_itemnonresp","DQ104","w5問4_意識項目4","ec",-0.00381,0.00567,0.00629,-0.0249,0.5441,0.9722,0.005015,0.006686,"equivalent",4164,963,4164,NA,NA,NA,NA,NA,FALSE,FALSE,"A",TRUE,FALSE,FALSE,FALSE
"any","B_itemnonresp","DQ104","w5問4_意識項目4","ec_adj",-0.00366,NA,0.00625,-0.0239,0.5575,0.9974,0.004468,0.005782,"equivalent",4164,963,4164,NA,NA,NA,NA,NA,FALSE,FALSE,"A",TRUE,FALSE,FALSE,FALSE
"any","B_itemnonresp","DQ105","w5問5_意識項目5","naive",0.00085,0.00512,0.00558,0.0059,0.8797,0.9707,0.0003018,0.0005451,"equivalent",4164,963,4164,NA,NA,NA,NA,NA,FALSE,FALSE,"A",TRUE,FALSE,FALSE,FALSE
"any","B_itemnonresp","DQ105","w5問5_意識項目5","sm",0.00085,0.00635,0.0066,0.0059,0.8971,0.9987,0.001846,0.003887,"equivalent",4164,578,4164,NA,NA,NA,NA,NA,FALSE,FALSE,"A",TRUE,FALSE,FALSE,FALSE
"any","B_itemnonresp","DQ105","w5問5_意識項目5","ssm",0.00911,0.00549,0.00582,0.0632,0.1173,0.7258,0.03066,0.03992,"equivalent",3618,493,4164,NA,NA,NA,NA,NA,FALSE,FALSE,"A",TRUE,FALSE,FALSE,FALSE
"any","B_itemnonresp","DQ105","w5問5_意識項目5","ec",4e-04,0.00517,0.00552,0.0028,0.9421,0.9722,0.0001904,0.0003491,"equivalent",4164,963,4164,NA,NA,NA,NA,NA,FALSE,FALSE,"A",TRUE,FALSE,FALSE,FALSE
"any","B_itemnonresp","DQ105","w5問5_意識項目5","ec_adj",0.00035,NA,0.00548,0.0024,0.9488,0.9974,0.0001698,0.0003113,"equivalent",4164,963,4164,NA,NA,NA,NA,NA,FALSE,FALSE,"A",TRUE,FALSE,FALSE,FALSE
"any","B_itemnonresp","DQ106","w5問6_意識項目6","naive",-0.01522,0.00614,0.00556,-0.0964,0.00616,0.2526,0.1947,0.1947,"undetermined",4164,963,4164,NA,NA,NA,NA,NA,FALSE,FALSE,"A",TRUE,FALSE,FALSE,FALSE
"any","B_itemnonresp","DQ106","w5問6_意識項目6","sm",-0.01659,0.00788,0.00741,-0.1051,0.0251,0.9136,0.3227,0.3227,"undetermined",4164,578,4164,NA,NA,NA,NA,NA,FALSE,FALSE,"A",TRUE,FALSE,FALSE,FALSE
"any","B_itemnonresp","DQ106","w5問6_意識項目6","ssm",-0.01559,0.00827,0.00816,-0.0988,0.05585,0.6973,0.2945,0.2999,"undetermined",3618,493,4164,NA,NA,NA,NA,NA,FALSE,FALSE,"A",TRUE,FALSE,FALSE,FALSE
"any","B_itemnonresp","DQ106","w5問6_意識項目6","ec",-0.01525,0.00618,0.00576,-0.0966,0.008066,0.2743,0.2046,0.2046,"undetermined",4164,963,4164,NA,NA,NA,NA,NA,FALSE,FALSE,"A",TRUE,FALSE,FALSE,FALSE
"any","B_itemnonresp","DQ106","w5問6_意識項目6","ec_adj",-0.01555,NA,0.00577,-0.0985,0.007021,0.2387,0.2199,0.2199,"undetermined",4164,963,4164,NA,NA,NA,NA,NA,FALSE,FALSE,"A",TRUE,FALSE,FALSE,FALSE
"any","B_itemnonresp","DQ107","w5問7_意識項目7","naive",-0.00763,0.00542,0.00528,-0.0531,0.1481,0.8905,0.00954,0.01137,"equivalent",4164,963,4164,NA,NA,NA,NA,NA,FALSE,FALSE,"A",TRUE,FALSE,FALSE,FALSE
"any","B_itemnonresp","DQ107","w5問7_意識項目7","sm",-0.0052,0.00649,0.0071,-0.0362,0.4638,0.9136,0.01853,0.02306,"equivalent",4164,578,4164,NA,NA,NA,NA,NA,FALSE,FALSE,"A",TRUE,FALSE,FALSE,FALSE
"any","B_itemnonresp","DQ107","w5問7_意識項目7","ssm",-0.00315,0.00671,0.00741,-0.0219,0.6708,0.9168,0.01143,0.01809,"equivalent",3618,493,4164,NA,NA,NA,NA,NA,FALSE,FALSE,"A",TRUE,FALSE,FALSE,FALSE
"any","B_itemnonresp","DQ107","w5問7_意識項目7","ec",-0.00742,0.00548,0.00527,-0.0516,0.1596,0.7645,0.008539,0.01073,"equivalent",4164,963,4164,NA,NA,NA,NA,NA,FALSE,FALSE,"A",TRUE,FALSE,FALSE,FALSE
"any","B_itemnonresp","DQ107","w5問7_意識項目7","ec_adj",-0.0071,NA,0.00514,-0.0494,0.1673,0.75,0.006041,0.007595,"equivalent",4164,963,4164,NA,NA,NA,NA,NA,FALSE,FALSE,"A",TRUE,FALSE,FALSE,FALSE
"any","B_itemnonresp","DQ108","w5問8_意識項目8","naive",-0.00548,0.0051,0.00519,-0.04,0.2909,0.8905,0.002549,0.003399,"equivalent",4164,963,4164,NA,NA,NA,NA,NA,FALSE,FALSE,"A",TRUE,FALSE,FALSE,FALSE
"any","B_itemnonresp","DQ108","w5問8_意識項目8","sm",-0.00443,0.00625,0.00697,-0.0324,0.525,0.9136,0.01275,0.01661,"equivalent",4164,578,4164,NA,NA,NA,NA,NA,FALSE,FALSE,"A",TRUE,FALSE,FALSE,FALSE
"any","B_itemnonresp","DQ108","w5問8_意識項目8","ssm",-0.00315,0.00671,0.00708,-0.023,0.6567,0.9168,0.008662,0.01536,"equivalent",3618,493,4164,NA,NA,NA,NA,NA,FALSE,FALSE,"A",TRUE,FALSE,FALSE,FALSE
"any","B_itemnonresp","DQ108","w5問8_意識項目8","ec",-0.00602,0.00515,0.00545,-0.044,0.2698,0.7645,0.005166,0.006686,"equivalent",4164,963,4164,NA,NA,NA,NA,NA,FALSE,FALSE,"A",TRUE,FALSE,FALSE,FALSE
"any","B_itemnonresp","DQ108","w5問8_意識項目8","ec_adj",-0.0059,NA,0.00529,-0.0431,0.2647,0.75,0.003847,0.005129,"equivalent",4164,963,4164,NA,NA,NA,NA,NA,FALSE,FALSE,"A",TRUE,FALSE,FALSE,FALSE
"any","B_itemnonresp","DQ109","w5問9_意識項目9","naive",-0.00404,0.00513,0.00532,-0.029,0.4479,0.8905,0.001341,0.001976,"equivalent",4164,963,4164,NA,NA,NA,NA,NA,FALSE,FALSE,"A",TRUE,FALSE,FALSE,FALSE
"any","B_itemnonresp","DQ109","w5問9_意識項目9","sm",-0.00299,0.00628,0.00715,-0.0215,0.6757,0.9136,0.008657,0.01154,"equivalent",4164,578,4164,NA,NA,NA,NA,NA,FALSE,FALSE,"A",TRUE,FALSE,FALSE,FALSE
"any","B_itemnonresp","DQ109","w5問9_意識項目9","ssm",-1e-05,0.00643,0.00705,-1e-04,0.9985,0.9985,0.002304,0.00679,"equivalent",3618,493,4164,NA,NA,NA,NA,NA,FALSE,FALSE,"A",TRUE,FALSE,FALSE,FALSE
"any","B_itemnonresp","DQ109","w5問9_意識項目9","ec",-0.00403,0.00519,0.00532,-0.0289,0.4487,0.9535,0.001348,0.002046,"equivalent",4164,963,4164,NA,NA,NA,NA,NA,FALSE,FALSE,"A",TRUE,FALSE,FALSE,FALSE
"any","B_itemnonresp","DQ109","w5問9_意識項目9","ec_adj",-0.00372,NA,0.00523,-0.0267,0.4765,0.9727,0.0009213,0.001448,"equivalent",4164,963,4164,NA,NA,NA,NA,NA,FALSE,FALSE,"A",TRUE,FALSE,FALSE,FALSE
"any","B_itemnonresp","DQ110","w5問10_意識項目10","naive",-0.00028,0.00497,0.0045,-0.002,0.9509,0.9707,5.984e-06,1.862e-05,"equivalent",4164,963,4164,NA,NA,NA,NA,NA,FALSE,FALSE,"A",TRUE,FALSE,FALSE,FALSE
"any","B_itemnonresp","DQ110","w5問10_意識項目10","sm",0.00215,0.00584,0.00558,0.0155,0.6997,0.9136,0.0006877,0.002027,"equivalent",4164,578,4164,NA,NA,NA,NA,NA,FALSE,FALSE,"A",TRUE,FALSE,FALSE,FALSE
"any","B_itemnonresp","DQ110","w5問10_意識項目10","ssm",0.00515,0.0058,0.00598,0.0371,0.3896,0.8742,0.006537,0.01238,"equivalent",3618,493,4164,NA,NA,NA,NA,NA,FALSE,FALSE,"A",TRUE,FALSE,FALSE,FALSE
"any","B_itemnonresp","DQ110","w5問10_意識項目10","ec",-0.00016,0.00502,0.00471,-0.0012,0.9722,0.9722,1.293e-05,4.377e-05,"equivalent",4164,963,4164,NA,NA,NA,NA,NA,FALSE,FALSE,"A",TRUE,FALSE,FALSE,FALSE
"any","B_itemnonresp","DQ110","w5問10_意識項目10","ec_adj",-8e-05,NA,0.00482,-5e-04,0.9876,0.9974,1.756e-05,5.518e-05,"equivalent",4164,963,4164,NA,NA,NA,NA,NA,FALSE,FALSE,"A",TRUE,FALSE,FALSE,FALSE
"any","B_itemnonresp","DQ111","w5問11_意識項目11","naive",-0.00738,0.00576,0.00652,-0.0479,0.2573,0.8905,0.02647,0.02797,"equivalent",4164,963,4164,NA,NA,NA,NA,NA,FALSE,FALSE,"A",TRUE,FALSE,FALSE,FALSE
"any","B_itemnonresp","DQ111","w5問11_意識項目11","sm",-0.01395,0.00792,0.00908,-0.0905,0.1246,0.9136,0.2526,0.2572,"undetermined",4164,578,4164,NA,NA,NA,NA,NA,FALSE,FALSE,"A",TRUE,FALSE,FALSE,FALSE
"any","B_itemnonresp","DQ111","w5問11_意識項目11","ssm",-0.01744,0.00876,0.01013,-0.1132,0.08504,0.6973,0.4002,0.4002,"undetermined",3618,493,4164,NA,NA,NA,NA,NA,FALSE,FALSE,"A",TRUE,FALSE,FALSE,FALSE
"any","B_itemnonresp","DQ111","w5問11_意識項目11","ec",-0.00765,0.00581,0.00653,-0.0497,0.2414,0.7645,0.02937,0.03314,"equivalent",4164,963,4164,NA,NA,NA,NA,NA,FALSE,FALSE,"A",TRUE,FALSE,FALSE,FALSE
"any","B_itemnonresp","DQ111","w5問11_意識項目11","ec_adj",-0.00786,NA,0.00654,-0.051,0.2293,0.75,0.03164,0.0348,"equivalent",4164,963,4164,NA,NA,NA,NA,NA,FALSE,FALSE,"A",TRUE,FALSE,FALSE,FALSE
"any","B_itemnonresp","DQ112","w5問12_意識項目12","naive",-0.00188,0.0048,0.00487,-0.0142,0.6992,0.9248,9.877e-05,0.0002049,"equivalent",4164,963,4164,NA,NA,NA,NA,NA,FALSE,FALSE,"A",TRUE,FALSE,FALSE,FALSE
"any","B_itemnonresp","DQ112","w5問12_意識項目12","sm",0.00643,0.00467,0.00548,0.0487,0.2403,0.9136,0.006602,0.00948,"equivalent",4164,578,4164,NA,NA,NA,NA,NA,FALSE,FALSE,"A",TRUE,FALSE,FALSE,FALSE
"any","B_itemnonresp","DQ112","w5問12_意識項目12","ssm",0.00985,0.00461,0.00547,0.0746,0.07155,0.6973,0.03172,0.04037,"equivalent",3618,493,4164,NA,NA,NA,NA,NA,FALSE,FALSE,"A",TRUE,FALSE,FALSE,FALSE
"any","B_itemnonresp","DQ112","w5問12_意識項目12","ec",-0.00188,0.00486,0.00493,-0.0142,0.7033,0.9722,0.0001178,0.0002357,"equivalent",4164,963,4164,NA,NA,NA,NA,NA,FALSE,FALSE,"A",TRUE,FALSE,FALSE,FALSE
"any","B_itemnonresp","DQ112","w5問12_意識項目12","ec_adj",-0.00172,NA,0.00489,-0.013,0.7252,0.9974,9.397e-05,0.0001879,"equivalent",4164,963,4164,NA,NA,NA,NA,NA,FALSE,FALSE,"A",TRUE,FALSE,FALSE,FALSE
"any","B_itemnonresp","DQ113","w5問13_意識項目13","naive",-0.00651,0.00556,0.00506,-0.0437,0.1986,0.8905,0.003846,0.004894,"equivalent",4164,963,4164,NA,NA,NA,NA,NA,FALSE,FALSE,"A",TRUE,FALSE,FALSE,FALSE
"any","B_itemnonresp","DQ113","w5問13_意識項目13","sm",0.00215,0.00584,0.00618,0.0144,0.7278,0.9136,0.001943,0.003887,"equivalent",4164,578,4164,NA,NA,NA,NA,NA,FALSE,FALSE,"A",TRUE,FALSE,FALSE,FALSE
"any","B_itemnonresp","DQ113","w5問13_意識項目13","ssm",0.00164,0.00647,0.00735,0.011,0.8229,0.9194,0.006242,0.01238,"equivalent",3618,493,4164,NA,NA,NA,NA,NA,FALSE,FALSE,"A",TRUE,FALSE,FALSE,FALSE
"any","B_itemnonresp","DQ113","w5問13_意識項目13","ec",-0.0061,0.00562,0.00519,-0.041,0.2394,0.7645,0.003686,0.005068,"equivalent",4164,963,4164,NA,NA,NA,NA,NA,FALSE,FALSE,"A",TRUE,FALSE,FALSE,FALSE
"any","B_itemnonresp","DQ113","w5問13_意識項目13","ec_adj",-0.00592,NA,0.0051,-0.0397,0.2454,0.75,0.002874,0.004079,"equivalent",4164,963,4164,NA,NA,NA,NA,NA,FALSE,FALSE,"A",TRUE,FALSE,FALSE,FALSE
"any","B_itemnonresp","DQ114","w5問14_意識項目14","naive",-0.00067,0.00521,0.00519,-0.0046,0.8967,0.9707,9.773e-05,0.0002049,"equivalent",4164,963,4164,NA,NA,NA,NA,NA,FALSE,FALSE,"A",TRUE,FALSE,FALSE,FALSE
"any","B_itemnonresp","DQ114","w5問14_意識項目14","sm",0.00037,0.00634,0.00647,0.0026,0.9541,0.9987,0.001203,0.003062,"equivalent",4164,578,4164,NA,NA,NA,NA,NA,FALSE,FALSE,"A",TRUE,FALSE,FALSE,FALSE
"any","B_itemnonresp","DQ114","w5問14_意識項目14","ssm",0.0033,0.0065,0.00618,0.0228,0.5932,0.8742,0.003465,0.008437,"equivalent",3618,493,4164,NA,NA,NA,NA,NA,FALSE,FALSE,"A",TRUE,FALSE,FALSE,FALSE
"any","B_itemnonresp","DQ114","w5問14_意識項目14","ec",-0.00131,0.00526,0.00511,-0.009,0.798,0.9722,0.000129,0.0002468,"equivalent",4164,963,4164,NA,NA,NA,NA,NA,FALSE,FALSE,"A",TRUE,FALSE,FALSE,FALSE
"any","B_itemnonresp","DQ114","w5問14_意識項目14","ec_adj",-0.00092,NA,0.0051,-0.0063,0.8571,0.9974,9.06e-05,0.0001879,"equivalent",4164,963,4164,NA,NA,NA,NA,NA,FALSE,FALSE,"A",TRUE,FALSE,FALSE,FALSE
"any","B_itemnonresp","DQ115","w5問15_意識項目15","naive",0.00076,0.00486,0.00438,0.0056,0.8621,0.9707,5.578e-06,1.837e-05,"equivalent",4164,963,4164,NA,NA,NA,NA,NA,FALSE,FALSE,"A",TRUE,FALSE,FALSE,FALSE
"any","B_itemnonresp","DQ115","w5問15_意識項目15","sm",0.00042,0.00608,0.005,0.0031,0.9329,0.9987,4.571e-05,0.00016,"equivalent",4164,578,4164,NA,NA,NA,NA,NA,FALSE,FALSE,"A",TRUE,FALSE,FALSE,FALSE
"any","B_itemnonresp","DQ115","w5問15_意識項目15","ssm",-0.00066,0.00676,0.00597,-0.0048,0.912,0.9577,0.0006003,0.001978,"equivalent",3618,493,4164,NA,NA,NA,NA,NA,FALSE,FALSE,"A",TRUE,FALSE,FALSE,FALSE
"any","B_itemnonresp","DQ115","w5問15_意識項目15","ec",0.00062,0.00492,0.00435,0.0045,0.8867,0.9722,4.161e-06,1.559e-05,"equivalent",4164,963,4164,NA,NA,NA,NA,NA,FALSE,FALSE,"A",TRUE,FALSE,FALSE,FALSE
"any","B_itemnonresp","DQ115","w5問15_意識項目15","ec_adj",0.00082,NA,0.00427,0.006,0.8477,0.9974,3.56e-06,1.306e-05,"equivalent",4164,963,4164,NA,NA,NA,NA,NA,FALSE,FALSE,"A",TRUE,FALSE,FALSE,FALSE
"any","B_itemnonresp","DQ116","w5問16_意識項目16","naive",0.00028,0.00485,0.00482,0.0021,0.9536,0.9707,2.147e-05,6.327e-05,"equivalent",4164,963,4164,NA,NA,NA,NA,NA,FALSE,FALSE,"A",TRUE,FALSE,FALSE,FALSE
"any","B_itemnonresp","DQ116","w5問16_意識項目16","sm",0.00167,0.00583,0.0065,0.0123,0.797,0.9337,0.002387,0.004609,"equivalent",4164,578,4164,NA,NA,NA,NA,NA,FALSE,FALSE,"A",TRUE,FALSE,FALSE,FALSE
"any","B_itemnonresp","DQ116","w5問16_意識項目16","ssm",0.00137,0.00646,0.00683,0.0101,0.8411,0.9194,0.003171,0.008073,"equivalent",3618,493,4164,NA,NA,NA,NA,NA,FALSE,FALSE,"A",TRUE,FALSE,FALSE,FALSE
"any","B_itemnonresp","DQ116","w5問16_意識項目16","ec",0.00091,0.00493,0.00497,0.0067,0.855,0.9722,6.198e-05,0.0001585,"equivalent",4164,963,4164,NA,NA,NA,NA,NA,FALSE,FALSE,"A",TRUE,FALSE,FALSE,FALSE
"any","B_itemnonresp","DQ116","w5問16_意識項目16","ec_adj",0.00073,NA,0.00501,0.0054,0.8835,0.9974,5.972e-05,0.000146,"equivalent",4164,963,4164,NA,NA,NA,NA,NA,FALSE,FALSE,"A",TRUE,FALSE,FALSE,FALSE
"any","B_itemnonresp","DQ117","w5問17_意識項目17","naive",0.00164,0.00461,0.00485,0.0125,0.736,0.943,7.763e-05,0.0001811,"equivalent",4164,963,4164,NA,NA,NA,NA,NA,FALSE,FALSE,"A",TRUE,FALSE,FALSE,FALSE
"any","B_itemnonresp","DQ117","w5問17_意識項目17","sm",0.00441,0.00529,0.00531,0.0337,0.4062,0.9136,0.001666,0.00375,"equivalent",4164,578,4164,NA,NA,NA,NA,NA,FALSE,FALSE,"A",TRUE,FALSE,FALSE,FALSE
"any","B_itemnonresp","DQ117","w5問17_意識項目17","ssm",0.00865,0.00505,0.00573,0.0661,0.1309,0.7258,0.02379,0.03249,"equivalent",3618,493,4164,NA,NA,NA,NA,NA,FALSE,FALSE,"A",TRUE,FALSE,FALSE,FALSE
"any","B_itemnonresp","DQ117","w5問17_意識項目17","ec",0.00198,0.00469,0.00487,0.0151,0.6848,0.9722,0.0001069,0.0002351,"equivalent",4164,963,4164,NA,NA,NA,NA,NA,FALSE,FALSE,"A",TRUE,FALSE,FALSE,FALSE
"any","B_itemnonresp","DQ117","w5問17_意識項目17","ec_adj",0.00175,NA,0.00494,0.0134,0.723,0.9974,0.0001092,0.0002088,"equivalent",4164,963,4164,NA,NA,NA,NA,NA,FALSE,FALSE,"A",TRUE,FALSE,FALSE,FALSE
"any","B_itemnonresp","DQ118","w5問18_意識項目18","naive",0.00036,0.00472,0.00488,0.0027,0.9414,0.9707,2.838e-05,7.948e-05,"equivalent",4164,963,4164,NA,NA,NA,NA,NA,FALSE,FALSE,"A",TRUE,FALSE,FALSE,FALSE
"any","B_itemnonresp","DQ118","w5問18_意識項目18","sm",0.00071,0.00581,0.00576,0.0054,0.9018,0.9987,0.0004055,0.001336,"equivalent",4164,578,4164,NA,NA,NA,NA,NA,FALSE,FALSE,"A",TRUE,FALSE,FALSE,FALSE
"any","B_itemnonresp","DQ118","w5問18_意識項目18","ssm",0.00119,0.0061,0.00575,0.009,0.8366,0.9194,0.0005316,0.001861,"equivalent",3618,493,4164,NA,NA,NA,NA,NA,FALSE,FALSE,"A",TRUE,FALSE,FALSE,FALSE
"any","B_itemnonresp","DQ118","w5問18_意識項目18","ec",-0.00025,0.00478,0.00484,-0.0019,0.9595,0.9722,2.26e-05,7.102e-05,"equivalent",4164,963,4164,NA,NA,NA,NA,NA,FALSE,FALSE,"A",TRUE,FALSE,FALSE,FALSE
"any","B_itemnonresp","DQ118","w5問18_意識項目18","ec_adj",-8e-05,NA,0.00495,-6e-04,0.9873,0.9974,2.872e-05,8.425e-05,"equivalent",4164,963,4164,NA,NA,NA,NA,NA,FALSE,FALSE,"A",TRUE,FALSE,FALSE,FALSE
"any","B_itemnonresp","DQ119","w5問19_意識項目19","naive",0.00723,0.00417,0.0042,0.0575,0.08509,0.8905,0.001182,0.001789,"equivalent",4164,963,4164,NA,NA,NA,NA,NA,FALSE,FALSE,"A",TRUE,FALSE,FALSE,FALSE
"any","B_itemnonresp","DQ119","w5問19_意識項目19","sm",0.00412,0.00559,0.00577,0.0328,0.4753,0.9136,0.002976,0.005376,"equivalent",4164,578,4164,NA,NA,NA,NA,NA,FALSE,FALSE,"A",TRUE,FALSE,FALSE,FALSE
"any","B_itemnonresp","DQ119","w5問19_意識項目19","ssm",0.00801,0.00547,0.00615,0.0637,0.1926,0.7567,0.02549,0.03399,"equivalent",3618,493,4164,NA,NA,NA,NA,NA,FALSE,FALSE,"A",TRUE,FALSE,FALSE,FALSE
"any","B_itemnonresp","DQ119","w5問19_意識項目19","ec",0.00834,0.00428,0.00427,0.0663,0.05056,0.573,0.003152,0.004473,"equivalent",4164,963,4164,NA,NA,NA,NA,NA,FALSE,FALSE,"A",TRUE,FALSE,FALSE,FALSE
"any","B_itemnonresp","DQ119","w5問19_意識項目19","ec_adj",0.00856,NA,0.00423,0.0681,0.0431,0.5386,0.003449,0.004742,"equivalent",4164,963,4164,NA,NA,NA,NA,NA,FALSE,FALSE,"A",TRUE,FALSE,FALSE,FALSE
"any","B_itemnonresp","DQ120","w5問20_意識項目20","naive",-0.01193,0.0063,0.00635,-0.072,0.06039,0.8905,0.1022,0.104,"undetermined",4164,963,4164,NA,NA,NA,NA,NA,FALSE,FALSE,"A",TRUE,FALSE,FALSE,FALSE
"any","B_itemnonresp","DQ120","w5問20_意識項目20","sm",-0.01227,0.00795,0.00888,-0.074,0.1671,0.9136,0.1919,0.2028,"undetermined",4164,578,4164,NA,NA,NA,NA,NA,FALSE,FALSE,"A",TRUE,FALSE,FALSE,FALSE
"any","B_itemnonresp","DQ120","w5問20_意識項目20","ssm",-0.01357,0.00881,0.00923,-0.0819,0.1416,0.7258,0.2431,0.2521,"undetermined",3618,493,4164,NA,NA,NA,NA,NA,FALSE,FALSE,"A",TRUE,FALSE,FALSE,FALSE
"any","B_itemnonresp","DQ120","w5問20_意識項目20","ec",-0.01297,0.00633,0.00629,-0.0782,0.03904,0.573,0.1317,0.1348,"undetermined",4164,963,4164,NA,NA,NA,NA,NA,FALSE,FALSE,"A",TRUE,FALSE,FALSE,FALSE
"any","B_itemnonresp","DQ120","w5問20_意識項目20","ec_adj",-0.01217,NA,0.00614,-0.0734,0.04753,0.5386,0.1014,0.1038,"undetermined",4164,963,4164,NA,NA,NA,NA,NA,FALSE,FALSE,"A",TRUE,FALSE,FALSE,FALSE
"any","B_itemnonresp","DQ121","w5問21_意識項目21","naive",-0.00067,0.00521,0.00509,-0.0046,0.8948,0.9707,7.36e-05,0.0001792,"equivalent",4164,963,4164,NA,NA,NA,NA,NA,FALSE,FALSE,"A",TRUE,FALSE,FALSE,FALSE
"any","B_itemnonresp","DQ121","w5問21_意識項目21","sm",0.00383,0.00587,0.00527,0.0264,0.4672,0.9136,0.00108,0.00288,"equivalent",4164,578,4164,NA,NA,NA,NA,NA,FALSE,FALSE,"A",TRUE,FALSE,FALSE,FALSE
"any","B_itemnonresp","DQ121","w5問21_意識項目21","ssm",0.00598,0.00582,0.00509,0.0412,0.2399,0.7567,0.002922,0.007792,"equivalent",3618,493,4164,NA,NA,NA,NA,NA,FALSE,FALSE,"A",TRUE,FALSE,FALSE,FALSE
"any","B_itemnonresp","DQ121","w5問21_意識項目21","ec",-0.00075,0.00527,0.00522,-0.0052,0.8857,0.9722,0.0001147,0.0002357,"equivalent",4164,963,4164,NA,NA,NA,NA,NA,FALSE,FALSE,"A",TRUE,FALSE,FALSE,FALSE
"any","B_itemnonresp","DQ121","w5問21_意識項目21","ec_adj",-0.00029,NA,0.005,-0.002,0.9544,0.9974,4.023e-05,0.0001106,"equivalent",4164,963,4164,NA,NA,NA,NA,NA,FALSE,FALSE,"A",TRUE,FALSE,FALSE,FALSE
"any","B_itemnonresp","DQ122","w5問22_意識項目22","naive",-0.00714,0.00577,0.00585,-0.0462,0.2223,0.8905,0.01403,0.01572,"equivalent",4164,963,4164,NA,NA,NA,NA,NA,FALSE,FALSE,"A",TRUE,FALSE,FALSE,FALSE
"any","B_itemnonresp","DQ122","w5問22_意識項目22","sm",-0.00333,0.00677,0.0064,-0.0215,0.6028,0.9136,0.004568,0.007524,"equivalent",4164,578,4164,NA,NA,NA,NA,NA,FALSE,FALSE,"A",TRUE,FALSE,FALSE,FALSE
"any","B_itemnonresp","DQ122","w5問22_意識項目22","ssm",-0.00416,0.00733,0.00632,-0.027,0.5101,0.8742,0.006118,0.01238,"equivalent",3618,493,4164,NA,NA,NA,NA,NA,FALSE,FALSE,"A",TRUE,FALSE,FALSE,FALSE
"any","B_itemnonresp","DQ122","w5問22_意識項目22","ec",-0.00679,0.00583,0.00594,-0.0439,0.2531,0.7645,0.01305,0.01552,"equivalent",4164,963,4164,NA,NA,NA,NA,NA,FALSE,FALSE,"A",TRUE,FALSE,FALSE,FALSE
"any","B_itemnonresp","DQ122","w5問22_意識項目22","ec_adj",-0.00676,NA,0.00594,-0.0438,0.2546,0.75,0.01288,0.01532,"equivalent",4164,963,4164,NA,NA,NA,NA,NA,FALSE,FALSE,"A",TRUE,FALSE,FALSE,FALSE
"any","B_itemnonresp","DQ123","w5問23_意識項目23","naive",-0.00396,0.00501,0.00447,-0.0291,0.3763,0.8905,0.0001676,0.0003236,"equivalent",4164,963,4164,NA,NA,NA,NA,NA,FALSE,FALSE,"A",TRUE,FALSE,FALSE,FALSE
"any","B_itemnonresp","DQ123","w5問23_意識項目23","sm",-0.00395,0.00626,0.00544,-0.0291,0.4675,0.9136,0.001581,0.00375,"equivalent",4164,578,4164,NA,NA,NA,NA,NA,FALSE,FALSE,"A",TRUE,FALSE,FALSE,FALSE
"any","B_itemnonresp","DQ123","w5問23_意識項目23","ssm",-0.0049,0.007,0.00584,-0.0361,0.4013,0.8742,0.004844,0.0113,"equivalent",3618,493,4164,NA,NA,NA,NA,NA,FALSE,FALSE,"A",TRUE,FALSE,FALSE,FALSE
"any","B_itemnonresp","DQ123","w5問23_意識項目23","ec",-0.00269,0.00509,0.00442,-0.0198,0.543,0.9722,4.521e-05,0.0001243,"equivalent",4164,963,4164,NA,NA,NA,NA,NA,FALSE,FALSE,"A",TRUE,FALSE,FALSE,FALSE
"any","B_itemnonresp","DQ123","w5問23_意識項目23","ec_adj",-0.00293,NA,0.00447,-0.0216,0.5124,0.9727,6.658e-05,0.0001542,"equivalent",4164,963,4164,NA,NA,NA,NA,NA,FALSE,FALSE,"A",TRUE,FALSE,FALSE,FALSE
"any","B_itemnonresp","DQ124","w5問24_意識項目24","naive",-0.00259,0.00517,0.00457,-0.0183,0.57,0.8905,6.936e-05,0.0001792,"equivalent",4164,963,4164,NA,NA,NA,NA,NA,FALSE,FALSE,"A",TRUE,FALSE,FALSE,FALSE
"any","B_itemnonresp","DQ124","w5問24_意識項目24","sm",-0.00328,0.00653,0.00684,-0.0231,0.6318,0.9136,0.00727,0.00993,"equivalent",4164,578,4164,NA,NA,NA,NA,NA,FALSE,FALSE,"A",TRUE,FALSE,FALSE,FALSE
"any","B_itemnonresp","DQ124","w5問24_意識項目24","ssm",-0.00296,0.00704,0.00758,-0.0209,0.6958,0.9183,0.01234,0.01867,"equivalent",3618,493,4164,NA,NA,NA,NA,NA,FALSE,FALSE,"A",TRUE,FALSE,FALSE,FALSE
"any","B_itemnonresp","DQ124","w5問24_意識項目24","ec",-0.00163,0.00524,0.00462,-0.0115,0.7242,0.9722,3.504e-05,0.0001028,"equivalent",4164,963,4164,NA,NA,NA,NA,NA,FALSE,FALSE,"A",TRUE,FALSE,FALSE,FALSE
"any","B_itemnonresp","DQ124","w5問24_意識項目24","ec_adj",-0.0014,NA,0.00446,-0.0099,0.7538,0.9974,1.509e-05,5.109e-05,"equivalent",4164,963,4164,NA,NA,NA,NA,NA,FALSE,FALSE,"A",TRUE,FALSE,FALSE,FALSE
"any","B_itemnonresp","DQ125","w5問25_意識項目25","naive",0.00132,0.00474,0.00496,0.0098,0.7902,0.9707,8.209e-05,0.0001839,"equivalent",4164,963,4164,NA,NA,NA,NA,NA,FALSE,FALSE,"A",TRUE,FALSE,FALSE,FALSE
"any","B_itemnonresp","DQ125","w5問25_意識項目25","sm",0.00686,0.00502,0.00525,0.0512,0.1914,0.9136,0.006182,0.00911,"equivalent",4164,578,4164,NA,NA,NA,NA,NA,FALSE,FALSE,"A",TRUE,FALSE,FALSE,FALSE
"any","B_itemnonresp","DQ125","w5問25_意識項目25","ssm",0.00948,0.00507,0.00496,0.0707,0.05571,0.6973,0.01691,0.02428,"equivalent",3618,493,4164,NA,NA,NA,NA,NA,FALSE,FALSE,"A",TRUE,FALSE,FALSE,FALSE
"any","B_itemnonresp","DQ125","w5問25_意識項目25","ec",0.00113,0.00481,0.00493,0.0084,0.8185,0.9722,6.484e-05,0.0001585,"equivalent",4164,963,4164,NA,NA,NA,NA,NA,FALSE,FALSE,"A",TRUE,FALSE,FALSE,FALSE
"any","B_itemnonresp","DQ125","w5問25_意識項目25","ec_adj",0.00135,NA,0.00483,0.0101,0.7793,0.9974,5.658e-05,0.000146,"equivalent",4164,963,4164,NA,NA,NA,NA,NA,FALSE,FALSE,"A",TRUE,FALSE,FALSE,FALSE
"any","B_itemnonresp","DQ126","w5問26_意識項目26","naive",-0.00787,0.00541,0.00508,-0.0549,0.1216,0.8905,0.008531,0.01039,"equivalent",4164,963,0,NA,NA,NA,NA,NA,FALSE,FALSE,"A",TRUE,FALSE,FALSE,FALSE
"any","B_itemnonresp","DQ126","w5問26_意識項目26","sm",-0.01063,0.00712,0.00685,-0.0742,0.1205,0.9136,0.0856,0.09587,"equivalent",4164,578,0,NA,NA,NA,NA,NA,FALSE,FALSE,"A",TRUE,FALSE,FALSE,FALSE
"any","B_itemnonresp","DQ126","w5問26_意識項目26","ssm",-0.01357,0.00803,0.00758,-0.0946,0.07355,0.6973,0.198,0.2092,"undetermined",3618,493,0,NA,NA,NA,NA,NA,FALSE,FALSE,"A",TRUE,FALSE,FALSE,FALSE
"any","B_itemnonresp","DQ127","w5問27_意識項目27","naive",-0.00427,0.00549,0.00531,-0.0286,0.4215,0.8905,0.001529,0.002195,"equivalent",4164,963,0,NA,NA,NA,NA,NA,FALSE,FALSE,"",TRUE,FALSE,FALSE,FALSE
"any","B_itemnonresp","DQ127","w5問27_意識項目27","sm",-0.00357,0.00677,0.00666,-0.0239,0.592,0.9136,0.006789,0.009504,"equivalent",4164,578,0,NA,NA,NA,NA,NA,FALSE,FALSE,"",TRUE,FALSE,FALSE,FALSE
"any","B_itemnonresp","DQ127","w5問27_意識項目27","ssm",-0.00933,0.00783,0.0078,-0.0625,0.2316,0.7567,0.08547,0.09768,"equivalent",3618,493,0,NA,NA,NA,NA,NA,FALSE,FALSE,"",TRUE,FALSE,FALSE,FALSE
"any","B_itemnonresp","DQ128","w5問28_意識項目28","naive",-0.00363,0.00527,0.00451,-0.0253,0.4209,0.8905,0.0001439,0.0002878,"equivalent",4164,963,0,NA,NA,NA,NA,NA,FALSE,FALSE,"",TRUE,FALSE,FALSE,FALSE
"any","B_itemnonresp","DQ128","w5問28_意識項目28","sm",-0.00847,0.00715,0.00713,-0.059,0.2352,0.9136,0.05302,0.06059,"equivalent",4164,578,0,NA,NA,NA,NA,NA,FALSE,FALSE,"",TRUE,FALSE,FALSE,FALSE
"any","B_itemnonresp","DQ128","w5問28_意識項目28","ssm",-0.00933,0.00783,0.00772,-0.065,0.2268,0.7567,0.0833,0.09719,"equivalent",3618,493,0,NA,NA,NA,NA,NA,FALSE,FALSE,"",TRUE,FALSE,FALSE,FALSE
"any","B_itemnonresp","DQ129","w5問29_意識項目29","naive",-0.00235,0.00553,0.00548,-0.0154,0.6684,0.9134,0.0006384,0.001052,"equivalent",4164,963,0,NA,NA,NA,NA,NA,FALSE,FALSE,"",TRUE,FALSE,FALSE,FALSE
"any","B_itemnonresp","DQ129","w5問29_意識項目29","sm",0.00181,0.00637,0.00705,0.0119,0.797,0.9337,0.004945,0.007691,"equivalent",4164,578,0,NA,NA,NA,NA,NA,FALSE,FALSE,"",TRUE,FALSE,FALSE,FALSE
"any","B_itemnonresp","DQ129","w5問29_意識項目29","ssm",0.00063,0.00711,0.00763,0.0041,0.9343,0.9577,0.005543,0.01238,"equivalent",3618,493,0,NA,NA,NA,NA,NA,FALSE,FALSE,"",TRUE,FALSE,FALSE,FALSE
"any","B_itemnonresp","DQ130","w5問30_意識項目30","naive",-0.00244,0.00492,0.00539,-0.0181,0.651,0.9134,0.0005628,0.0009551,"equivalent",4164,963,0,NA,NA,NA,NA,NA,FALSE,FALSE,"",TRUE,FALSE,FALSE,FALSE
"any","B_itemnonresp","DQ130","w5問30_意識項目30","sm",-1e-05,0.00579,0.00608,-1e-04,0.9987,0.9987,0.0005059,0.001574,"equivalent",4164,578,0,NA,NA,NA,NA,NA,FALSE,FALSE,"",TRUE,FALSE,FALSE,FALSE
"any","B_itemnonresp","DQ130","w5問30_意識項目30","ssm",0.00201,0.00612,0.00605,0.0149,0.7392,0.9183,0.001479,0.004602,"equivalent",3618,493,0,NA,NA,NA,NA,NA,FALSE,FALSE,"",TRUE,FALSE,FALSE,FALSE
"any","B_itemnonresp","DQ131","w5問31_事実項目31","naive",0.00195,0.00448,0.00408,0.0153,0.6315,0.9134,4.759e-06,1.666e-05,"equivalent",4164,963,4164,NA,NA,NA,NA,NA,FALSE,FALSE,"A",TRUE,FALSE,FALSE,FALSE
"any","B_itemnonresp","DQ131","w5問31_事実項目31","sm",0.00196,0.00554,0.0058,0.0154,0.7353,0.9136,0.0009314,0.002608,"equivalent",4164,578,4164,NA,NA,NA,NA,NA,FALSE,FALSE,"A",TRUE,FALSE,FALSE,FALSE
"any","B_itemnonresp","DQ131","w5問31_事実項目31","ssm",0.00432,0.00579,0.00633,0.0338,0.4949,0.8742,0.006617,0.01238,"equivalent",3618,493,4164,NA,NA,NA,NA,NA,FALSE,FALSE,"A",TRUE,FALSE,FALSE,FALSE
"any","B_itemnonresp","DQ131","w5問31_事実項目31","ec",0.00093,0.00453,0.00428,0.0073,0.8273,0.9722,4.252e-06,1.559e-05,"equivalent",4164,963,4164,NA,NA,NA,NA,NA,FALSE,FALSE,"A",TRUE,FALSE,FALSE,FALSE
"any","B_itemnonresp","DQ131","w5問31_事実項目31","ec_adj",0.00092,NA,0.00417,0.0072,0.8251,0.9974,2.384e-06,9.536e-06,"equivalent",4164,963,4164,NA,NA,NA,NA,NA,FALSE,FALSE,"A",TRUE,FALSE,FALSE,FALSE
"any","B_itemnonresp","DQ132","w5問32_事実項目32","naive",0.0038,0.00467,0.00505,0.0282,0.4519,0.8905,0.0006665,0.001066,"equivalent",4164,963,4164,NA,NA,NA,NA,NA,FALSE,FALSE,"A",TRUE,FALSE,FALSE,FALSE
"any","B_itemnonresp","DQ132","w5問32_事実項目32","sm",0.00311,0.00585,0.00652,0.0231,0.6332,0.9136,0.004806,0.00769,"equivalent",4164,578,4164,NA,NA,NA,NA,NA,FALSE,FALSE,"A",TRUE,FALSE,FALSE,FALSE
"any","B_itemnonresp","DQ132","w5問32_事実項目32","ssm",0.00367,0.00615,0.00691,0.0272,0.5949,0.8742,0.009049,0.01536,"equivalent",3618,493,4164,NA,NA,NA,NA,NA,FALSE,FALSE,"A",TRUE,FALSE,FALSE,FALSE
"any","B_itemnonresp","DQ132","w5問32_事実項目32","ec",0.00437,0.00473,0.005,0.0324,0.3816,0.9239,0.0008891,0.001449,"equivalent",4164,963,4164,NA,NA,NA,NA,NA,FALSE,FALSE,"A",TRUE,FALSE,FALSE,FALSE
"any","B_itemnonresp","DQ132","w5問32_事実項目32","ec_adj",0.00434,NA,0.00502,0.0322,0.3867,0.9155,0.0008974,0.001448,"equivalent",4164,963,4164,NA,NA,NA,NA,NA,FALSE,FALSE,"A",TRUE,FALSE,FALSE,FALSE
"any","B_itemnonresp","DQ133","w5問33_事実項目33","naive",-0.00395,0.00538,0.00562,-0.027,0.4823,0.8905,0.002157,0.002946,"equivalent",4164,963,4164,NA,NA,NA,NA,NA,FALSE,FALSE,"A",TRUE,FALSE,FALSE,FALSE
"any","B_itemnonresp","DQ133","w5問33_事実項目33","sm",-0.00948,0.00736,0.00781,-0.0647,0.225,0.9136,0.08902,0.09775,"equivalent",4164,578,4164,NA,NA,NA,NA,NA,FALSE,FALSE,"A",TRUE,FALSE,FALSE,FALSE
"any","B_itemnonresp","DQ133","w5問33_事実項目33","ssm",-0.00416,0.00733,0.00788,-0.0284,0.597,0.8742,0.02217,0.03103,"equivalent",3618,493,4164,NA,NA,NA,NA,NA,FALSE,FALSE,"A",TRUE,FALSE,FALSE,FALSE
"any","B_itemnonresp","DQ133","w5問33_事実項目33","ec",-0.00389,0.00543,0.00564,-0.0265,0.4906,0.9722,0.00213,0.003125,"equivalent",4164,963,4164,NA,NA,NA,NA,NA,FALSE,FALSE,"A",TRUE,FALSE,FALSE,FALSE
"any","B_itemnonresp","DQ133","w5問33_事実項目33","ec_adj",-0.00366,NA,0.00563,-0.025,0.515,0.9727,0.001849,0.002712,"equivalent",4164,963,4164,NA,NA,NA,NA,NA,FALSE,FALSE,"A",TRUE,FALSE,FALSE,FALSE
"any","B_itemnonresp","DQ134","w5問34_事実項目34","naive",0.00381,0.00543,0.00529,0.0245,0.4709,0.8905,0.001099,0.00171,"equivalent",4164,963,4164,NA,NA,NA,NA,NA,FALSE,FALSE,"A",TRUE,FALSE,FALSE,FALSE
"any","B_itemnonresp","DQ134","w5問34_事実項目34","sm",0.00417,0.00666,0.00607,0.0268,0.4923,0.9136,0.004529,0.007524,"equivalent",4164,578,4164,NA,NA,NA,NA,NA,FALSE,FALSE,"A",TRUE,FALSE,FALSE,FALSE
"any","B_itemnonresp","DQ134","w5問34_事実項目34","ssm",0.00247,0.00745,0.00739,0.0159,0.7381,0.9183,0.008815,0.01536,"equivalent",3618,493,4164,NA,NA,NA,NA,NA,FALSE,FALSE,"A",TRUE,FALSE,FALSE,FALSE
"any","B_itemnonresp","DQ134","w5問34_事実項目34","ec",0.00434,0.0055,0.00505,0.028,0.3899,0.9239,0.0009746,0.001532,"equivalent",4164,963,4164,NA,NA,NA,NA,NA,FALSE,FALSE,"A",TRUE,FALSE,FALSE,FALSE
"any","B_itemnonresp","DQ134","w5問34_事実項目34","ec_adj",0.00459,NA,0.00504,0.0295,0.3627,0.9155,0.001111,0.001686,"equivalent",4164,963,4164,NA,NA,NA,NA,NA,FALSE,FALSE,"A",TRUE,FALSE,FALSE,FALSE
"any","B_itemnonresp","DQ135","w5問35_事実項目35","naive",0.00021,0.00535,0.0057,0.0014,0.9707,0.9707,0.0002573,0.0004803,"equivalent",4164,963,4164,NA,NA,NA,NA,NA,FALSE,FALSE,"A",TRUE,FALSE,FALSE,FALSE
"any","B_itemnonresp","DQ135","w5問35_事実項目35","sm",0.00229,0.00638,0.00634,0.0153,0.7177,0.9136,0.002627,0.004903,"equivalent",4164,578,4164,NA,NA,NA,NA,NA,FALSE,FALSE,"A",TRUE,FALSE,FALSE,FALSE
"any","B_itemnonresp","DQ135","w5問35_事実項目35","ssm",0.00413,0.00652,0.00693,0.0276,0.5508,0.8742,0.01099,0.01809,"equivalent",3618,493,4164,NA,NA,NA,NA,NA,FALSE,FALSE,"A",TRUE,FALSE,FALSE,FALSE
"any","B_itemnonresp","DQ135","w5問35_事実項目35","ec",0.00021,0.00541,0.00603,0.0014,0.9718,0.9722,0.0005186,0.0008777,"equivalent",4164,963,4164,NA,NA,NA,NA,NA,FALSE,FALSE,"A",TRUE,FALSE,FALSE,FALSE
"any","B_itemnonresp","DQ135","w5問35_事実項目35","ec_adj",2e-05,NA,0.00603,1e-04,0.9974,0.9974,0.0004615,0.0008122,"equivalent",4164,963,4164,NA,NA,NA,NA,NA,FALSE,FALSE,"A",TRUE,FALSE,FALSE,FALSE
"any","B_itemnonresp","DQ136","w5問36_労働時間36","naive",0,0,0,NA,NA,NA,0,0,"n/a (no variation)",4030,930,3907,NA,NA,NA,NA,NA,FALSE,FALSE,"A",TRUE,FALSE,FALSE,FALSE
"any","B_itemnonresp","DQ136","w5問36_労働時間36","sm",0,0,0,NA,NA,NA,0,0,"n/a (no variation)",4030,554,3907,NA,NA,NA,NA,NA,FALSE,FALSE,"A",TRUE,FALSE,FALSE,FALSE
"any","B_itemnonresp","DQ136","w5問36_労働時間36","ssm",0,0,0,NA,NA,NA,0,0,"n/a (no variation)",3505,471,3907,NA,NA,NA,NA,NA,FALSE,FALSE,"A",TRUE,FALSE,FALSE,FALSE
"any","B_itemnonresp","DQ136","w5問36_労働時間36","ec",0,0,0,NA,NA,NA,0,0,"n/a (no variation)",4030,930,3907,NA,NA,NA,NA,NA,FALSE,FALSE,"A",TRUE,FALSE,FALSE,FALSE
"any","B_itemnonresp","DQ136","w5問36_労働時間36","ec_adj",0,NA,0,NA,NA,NA,0,0,"n/a (no variation)",4030,930,3907,NA,NA,NA,NA,NA,FALSE,FALSE,"A",TRUE,FALSE,FALSE,FALSE
"any","B_itemnonresp","DQ137","w5問37_労働時間37","naive",0,0,0,NA,NA,NA,0,0,"n/a (no variation)",4033,936,3921,NA,NA,NA,NA,NA,FALSE,FALSE,"A",TRUE,FALSE,FALSE,FALSE
"any","B_itemnonresp","DQ137","w5問37_労働時間37","sm",0,0,0,NA,NA,NA,0,0,"n/a (no variation)",4033,563,3921,NA,NA,NA,NA,NA,FALSE,FALSE,"A",TRUE,FALSE,FALSE,FALSE
"any","B_itemnonresp","DQ137","w5問37_労働時間37","ssm",0,0,0,NA,NA,NA,0,0,"n/a (no variation)",3500,479,3921,NA,NA,NA,NA,NA,FALSE,FALSE,"A",TRUE,FALSE,FALSE,FALSE
"any","B_itemnonresp","DQ137","w5問37_労働時間37","ec",0,0,0,NA,NA,NA,0,0,"n/a (no variation)",4033,936,3921,NA,NA,NA,NA,NA,FALSE,FALSE,"A",TRUE,FALSE,FALSE,FALSE
"any","B_itemnonresp","DQ137","w5問37_労働時間37","ec_adj",0,NA,0,NA,NA,NA,0,0,"n/a (no variation)",4033,936,3921,NA,NA,NA,NA,NA,FALSE,FALSE,"A",TRUE,FALSE,FALSE,FALSE
"any","B_itemnonresp","DQ138","w5問38_労働時間38","naive",0,0,0,NA,NA,NA,0,0,"n/a (no variation)",4037,926,3916,NA,NA,NA,NA,NA,FALSE,FALSE,"A",TRUE,FALSE,FALSE,FALSE
"any","B_itemnonresp","DQ138","w5問38_労働時間38","sm",0,0,0,NA,NA,NA,0,0,"n/a (no variation)",4037,556,3916,NA,NA,NA,NA,NA,FALSE,FALSE,"A",TRUE,FALSE,FALSE,FALSE
"any","B_itemnonresp","DQ138","w5問38_労働時間38","ssm",0,0,0,NA,NA,NA,0,0,"n/a (no variation)",3506,472,3916,NA,NA,NA,NA,NA,FALSE,FALSE,"A",TRUE,FALSE,FALSE,FALSE
"any","B_itemnonresp","DQ138","w5問38_労働時間38","ec",0,0,0,NA,NA,NA,0,0,"n/a (no variation)",4037,926,3916,NA,NA,NA,NA,NA,FALSE,FALSE,"A",TRUE,FALSE,FALSE,FALSE
"any","B_itemnonresp","DQ138","w5問38_労働時間38","ec_adj",0,NA,0,NA,NA,NA,0,0,"n/a (no variation)",4037,926,3916,NA,NA,NA,NA,NA,FALSE,FALSE,"A",TRUE,FALSE,FALSE,FALSE
"any","B_itemnonresp","DQ139","w5問39_労働時間39","naive",0,0,0,NA,NA,NA,0,0,"n/a (no variation)",4046,921,3912,NA,NA,NA,NA,NA,FALSE,FALSE,"A",TRUE,FALSE,FALSE,FALSE
"any","B_itemnonresp","DQ139","w5問39_労働時間39","sm",0,0,0,NA,NA,NA,0,0,"n/a (no variation)",4046,556,3912,NA,NA,NA,NA,NA,FALSE,FALSE,"A",TRUE,FALSE,FALSE,FALSE
"any","B_itemnonresp","DQ139","w5問39_労働時間39","ssm",0,0,0,NA,NA,NA,0,0,"n/a (no variation)",3509,475,3912,NA,NA,NA,NA,NA,FALSE,FALSE,"A",TRUE,FALSE,FALSE,FALSE
"any","B_itemnonresp","DQ139","w5問39_労働時間39","ec",0,0,0,NA,NA,NA,0,0,"n/a (no variation)",4046,921,3912,NA,NA,NA,NA,NA,FALSE,FALSE,"A",TRUE,FALSE,FALSE,FALSE
"any","B_itemnonresp","DQ139","w5問39_労働時間39","ec_adj",0,NA,0,NA,NA,NA,0,0,"n/a (no variation)",4046,921,3912,NA,NA,NA,NA,NA,FALSE,FALSE,"A",TRUE,FALSE,FALSE,FALSE
"any","B_itemnonresp","DQ140","w5問40_労働時間40","naive",0,0,0,NA,NA,NA,0,0,"n/a (no variation)",4041,941,3926,NA,NA,NA,NA,NA,FALSE,FALSE,"A",TRUE,FALSE,FALSE,FALSE
"any","B_itemnonresp","DQ140","w5問40_労働時間40","sm",0,0,0,NA,NA,NA,0,0,"n/a (no variation)",4041,569,3926,NA,NA,NA,NA,NA,FALSE,FALSE,"A",TRUE,FALSE,FALSE,FALSE
"any","B_itemnonresp","DQ140","w5問40_労働時間40","ssm",0,0,0,NA,NA,NA,0,0,"n/a (no variation)",3509,486,3926,NA,NA,NA,NA,NA,FALSE,FALSE,"A",TRUE,FALSE,FALSE,FALSE
"any","B_itemnonresp","DQ140","w5問40_労働時間40","ec",0,0,0,NA,NA,NA,0,0,"n/a (no variation)",4041,941,3926,NA,NA,NA,NA,NA,FALSE,FALSE,"A",TRUE,FALSE,FALSE,FALSE
"any","B_itemnonresp","DQ140","w5問40_労働時間40","ec_adj",0,NA,0,NA,NA,NA,0,0,"n/a (no variation)",4041,941,3926,NA,NA,NA,NA,NA,FALSE,FALSE,"A",TRUE,FALSE,FALSE,FALSE
"any","B_itemnonresp","DQ02","w5_就業","naive",0,0,0,NA,NA,NA,0,0,"n/a (no variation)",4164,963,0,NA,NA,NA,NA,NA,FALSE,FALSE,"A",TRUE,FALSE,FALSE,FALSE
"any","B_itemnonresp","DQ02","w5_就業","sm",0,0,0,NA,NA,NA,0,0,"n/a (no variation)",4164,578,0,NA,NA,NA,NA,NA,FALSE,FALSE,"A",TRUE,FALSE,FALSE,FALSE
"any","B_itemnonresp","DQ02","w5_就業","ssm",0,0,0,NA,NA,NA,0,0,"n/a (no variation)",3618,493,0,NA,NA,NA,NA,NA,FALSE,FALSE,"A",TRUE,FALSE,FALSE,FALSE
"any","B_itemnonresp","DQ43__1","w5問43_婚姻: 既婚","naive",0,0,0,NA,NA,NA,0,0,"n/a (no variation)",4164,963,4164,NA,NA,NA,NA,NA,FALSE,FALSE,"A",TRUE,FALSE,FALSE,FALSE
"any","B_itemnonresp","DQ43__1","w5問43_婚姻: 既婚","sm",0,0,0,NA,NA,NA,0,0,"n/a (no variation)",4164,578,4164,NA,NA,NA,NA,NA,FALSE,FALSE,"A",TRUE,FALSE,FALSE,FALSE
"any","B_itemnonresp","DQ43__1","w5問43_婚姻: 既婚","ssm",0,0,0,NA,NA,NA,0,0,"n/a (no variation)",3618,493,4164,NA,NA,NA,NA,NA,FALSE,FALSE,"A",TRUE,FALSE,FALSE,FALSE
"any","B_itemnonresp","DQ43__1","w5問43_婚姻: 既婚","ec",0,0,0,NA,NA,NA,0,0,"n/a (no variation)",4164,963,4164,NA,NA,NA,NA,NA,FALSE,FALSE,"A",TRUE,FALSE,FALSE,FALSE
"any","B_itemnonresp","DQ43__1","w5問43_婚姻: 既婚","ec_adj",0,NA,0,NA,NA,NA,0,0,"n/a (no variation)",4164,963,4164,NA,NA,NA,NA,NA,FALSE,FALSE,"A",TRUE,FALSE,FALSE,FALSE
"any","B_itemnonresp","DQ15","w5問15_喫煙","naive",0.0046,0.00455,0.0047,0.0347,0.3282,0.8905,0.0005252,0.0009191,"equivalent",4164,963,4164,NA,NA,NA,NA,NA,FALSE,FALSE,"A",TRUE,FALSE,FALSE,FALSE
"any","B_itemnonresp","DQ15","w5問15_喫煙","sm",0.00633,0.00533,0.00505,0.0478,0.2103,0.9136,0.003427,0.005997,"equivalent",4164,578,4164,NA,NA,NA,NA,NA,FALSE,FALSE,"A",TRUE,FALSE,FALSE,FALSE
"any","B_itemnonresp","DQ15","w5問15_喫煙","ssm",0.00395,0.00616,0.00572,0.0298,0.49,0.8742,0.002514,0.007039,"equivalent",3618,493,4164,NA,NA,NA,NA,NA,FALSE,FALSE,"A",TRUE,FALSE,FALSE,FALSE
"any","B_itemnonresp","DQ15","w5問15_喫煙","ec",0.00398,0.0046,0.0048,0.03,0.4076,0.9239,0.0004216,0.000742,"equivalent",4164,963,4164,NA,NA,NA,NA,NA,FALSE,FALSE,"A",TRUE,FALSE,FALSE,FALSE
"any","B_itemnonresp","DQ15","w5問15_喫煙","ec_adj",0.00405,NA,0.00485,0.0305,0.4039,0.9155,0.0004973,0.0008417,"equivalent",4164,963,4164,NA,NA,NA,NA,NA,FALSE,FALSE,"A",TRUE,FALSE,FALSE,FALSE
"any","B_itemnonresp","DQ30__1","w5問30_支持政党: 自民党","naive",-0.0026,0.00478,0.00458,-0.0199,0.5697,0.8905,7.169e-05,0.0001792,"equivalent",4164,963,4164,NA,NA,NA,NA,NA,FALSE,FALSE,"A",TRUE,FALSE,FALSE,FALSE
"any","B_itemnonresp","DQ30__1","w5問30_支持政党: 自民党","sm",-0.00294,0.00601,0.00675,-0.0225,0.663,0.9136,0.005732,0.008676,"equivalent",4164,578,4164,NA,NA,NA,NA,NA,FALSE,FALSE,"A",TRUE,FALSE,FALSE,FALSE
"any","B_itemnonresp","DQ30__1","w5問30_支持政党: 自民党","ssm",-0.00444,0.00634,0.00686,-0.0339,0.5178,0.8742,0.01163,0.01809,"equivalent",3618,493,4164,NA,NA,NA,NA,NA,FALSE,FALSE,"A",TRUE,FALSE,FALSE,FALSE
"any","B_itemnonresp","DQ30__1","w5問30_支持政党: 自民党","ec",-0.00251,0.00484,0.00467,-0.0192,0.5915,0.9722,8.942e-05,0.0002071,"equivalent",4164,963,4164,NA,NA,NA,NA,NA,FALSE,FALSE,"A",TRUE,FALSE,FALSE,FALSE
"any","B_itemnonresp","DQ30__1","w5問30_支持政党: 自民党","ec_adj",-0.0025,NA,0.00462,-0.0191,0.589,0.9974,7.533e-05,0.0001657,"equivalent",4164,963,4164,NA,NA,NA,NA,NA,FALSE,FALSE,"A",TRUE,FALSE,FALSE,FALSE
"any","B_itemnonresp","DQ03_1__1","w5問3(1)_現職・働き方: 経営者、役員","naive",0.00608,0.007,0.006,0.0418,0.3111,0.8905,0.01014,0.01183,"equivalent",2111,485,1030,NA,NA,NA,NA,NA,FALSE,FALSE,"C",TRUE,FALSE,FALSE,FALSE
"any","B_itemnonresp","DQ03_1__1","w5問3(1)_現職・働き方: 経営者、役員","sm",0.00671,0.00864,0.00785,0.0462,0.3928,0.9136,0.04534,0.0529,"equivalent",2111,279,1030,NA,NA,NA,NA,NA,FALSE,FALSE,"C",TRUE,FALSE,FALSE,FALSE
"any","B_itemnonresp","DQ03_1__1","w5問3(1)_現職・働き方: 経営者、役員","ssm",0.00276,0.01013,0.00965,0.0189,0.7752,0.9194,0.03694,0.04597,"equivalent",1824,234,1030,NA,NA,NA,NA,NA,FALSE,FALSE,"C",TRUE,FALSE,FALSE,FALSE
"any","B_itemnonresp","DQ03_1__1","w5問3(1)_現職・働き方: 経営者、役員","ec",0.00806,0.00725,0.00621,0.0554,0.1941,0.7645,0.0272,0.03149,"equivalent",2111,485,1030,NA,NA,NA,NA,NA,FALSE,FALSE,"C",TRUE,FALSE,FALSE,FALSE
"any","B_itemnonresp","DQ03_1__1","w5問3(1)_現職・働き方: 経営者、役員","ec_adj",0.0078,NA,0.0062,0.0536,0.2084,0.75,0.02456,0.02844,"equivalent",2111,485,1030,NA,NA,NA,NA,NA,FALSE,FALSE,"C",TRUE,FALSE,FALSE,FALSE
"any","B_itemnonresp","DQ03_2__1","w5問3(2)_現職・職業―大分類(プリコード): 専門職・技術職","naive",-0.00396,0.008,0.00727,-0.0255,0.5864,0.8905,0.01368,0.01563,"equivalent",2111,487,1030,NA,NA,NA,NA,NA,FALSE,FALSE,"C",TRUE,FALSE,FALSE,FALSE
"any","B_itemnonresp","DQ03_2__1","w5問3(2)_現職・職業―大分類(プリコード): 専門職・技術職","sm",-0.00929,0.01101,0.00981,-0.0598,0.3434,0.9136,0.1374,0.1479,"undetermined",2111,281,1030,NA,NA,NA,NA,NA,FALSE,FALSE,"C",TRUE,FALSE,FALSE,FALSE
"any","B_itemnonresp","DQ03_2__1","w5問3(2)_現職・職業―大分類(プリコード): 専門職・技術職","ssm",-0.0073,0.01164,0.01131,-0.047,0.5188,0.8742,0.1307,0.1435,"undetermined",1823,235,1030,NA,NA,NA,NA,NA,FALSE,FALSE,"C",TRUE,FALSE,FALSE,FALSE
"any","B_itemnonresp","DQ03_2__1","w5問3(2)_現職・職業―大分類(プリコード): 専門職・技術職","ec",-0.00301,0.00845,0.00743,-0.0194,0.6849,0.9722,0.01109,0.01355,"equivalent",2111,487,1030,NA,NA,NA,NA,NA,FALSE,FALSE,"C",TRUE,FALSE,FALSE,FALSE
"any","B_itemnonresp","DQ03_2__1","w5問3(2)_現職・職業―大分類(プリコード): 専門職・技術職","ec_adj",-0.00276,NA,0.00756,-0.0177,0.7154,0.9974,0.01124,0.01374,"equivalent",2111,487,1030,NA,NA,NA,NA,NA,FALSE,FALSE,"C",TRUE,FALSE,FALSE,FALSE
"any","B_itemnonresp","DQ42_A","w5問42_健康保険―A","naive",0,0,0,NA,NA,NA,0,0,"n/a (no variation)",3738,862,0,NA,NA,NA,NA,NA,FALSE,FALSE,"",FALSE,FALSE,FALSE,FALSE
"any","B_itemnonresp","DQ42_A","w5問42_健康保険―A","sm",0,0,0,NA,NA,NA,0,0,"n/a (no variation)",3738,515,0,NA,NA,NA,NA,NA,FALSE,FALSE,"",FALSE,FALSE,FALSE,FALSE
"any","B_itemnonresp","DQ42_A","w5問42_健康保険―A","ssm",0,0,0,NA,NA,NA,0,0,"n/a (no variation)",3260,441,0,NA,NA,NA,NA,NA,FALSE,FALSE,"",FALSE,FALSE,FALSE,FALSE
"any","B_itemnonresp","DQ42_B","w5問42_健康保険―B","naive",0,0,0,NA,NA,NA,0,0,"n/a (no variation)",3738,862,0,NA,NA,NA,NA,NA,FALSE,FALSE,"",FALSE,FALSE,FALSE,FALSE
"any","B_itemnonresp","DQ42_B","w5問42_健康保険―B","sm",0,0,0,NA,NA,NA,0,0,"n/a (no variation)",3738,515,0,NA,NA,NA,NA,NA,FALSE,FALSE,"",FALSE,FALSE,FALSE,FALSE
"any","B_itemnonresp","DQ42_B","w5問42_健康保険―B","ssm",0,0,0,NA,NA,NA,0,0,"n/a (no variation)",3260,441,0,NA,NA,NA,NA,NA,FALSE,FALSE,"",FALSE,FALSE,FALSE,FALSE
"any","B_itemnonresp","DQ57A","w5問57A_起床_時刻の回答形式","naive",0,0,0,NA,NA,NA,0,0,"n/a (no variation)",4164,963,4116,NA,NA,NA,NA,NA,FALSE,FALSE,"B",TRUE,FALSE,FALSE,FALSE
"any","B_itemnonresp","DQ57A","w5問57A_起床_時刻の回答形式","sm",0,0,0,NA,NA,NA,0,0,"n/a (no variation)",4164,578,4116,NA,NA,NA,NA,NA,FALSE,FALSE,"B",TRUE,FALSE,FALSE,FALSE
"any","B_itemnonresp","DQ57A","w5問57A_起床_時刻の回答形式","ssm",0,0,0,NA,NA,NA,0,0,"n/a (no variation)",3618,493,4116,NA,NA,NA,NA,NA,FALSE,FALSE,"B",TRUE,FALSE,FALSE,FALSE
"any","B_itemnonresp","DQ57A","w5問57A_起床_時刻の回答形式","ec",0,0,0,NA,NA,NA,0,0,"n/a (no variation)",4164,963,4116,NA,NA,NA,NA,NA,FALSE,FALSE,"B",TRUE,FALSE,FALSE,FALSE
"any","B_itemnonresp","DQ57A","w5問57A_起床_時刻の回答形式","ec_adj",0,NA,0,NA,NA,NA,0,0,"n/a (no variation)",4164,963,4116,NA,NA,NA,NA,NA,FALSE,FALSE,"B",TRUE,FALSE,FALSE,FALSE
"any","B_itemnonresp","DQ57B__1","w5問57B_家を出る_時刻の回答形式: だいたい午前／午後×時○分ころ","naive",0,0,0,NA,NA,NA,0,0,"n/a (no variation)",4164,963,4164,NA,NA,NA,NA,NA,FALSE,FALSE,"B",TRUE,FALSE,FALSE,FALSE
"any","B_itemnonresp","DQ57B__1","w5問57B_家を出る_時刻の回答形式: だいたい午前／午後×時○分ころ","sm",0,0,0,NA,NA,NA,0,0,"n/a (no variation)",4164,578,4164,NA,NA,NA,NA,NA,FALSE,FALSE,"B",TRUE,FALSE,FALSE,FALSE
"any","B_itemnonresp","DQ57B__1","w5問57B_家を出る_時刻の回答形式: だいたい午前／午後×時○分ころ","ssm",0,0,0,NA,NA,NA,0,0,"n/a (no variation)",3618,493,4164,NA,NA,NA,NA,NA,FALSE,FALSE,"B",TRUE,FALSE,FALSE,FALSE
"any","B_itemnonresp","DQ57B__1","w5問57B_家を出る_時刻の回答形式: だいたい午前／午後×時○分ころ","ec",0,0,0,NA,NA,NA,0,0,"n/a (no variation)",4164,963,4164,NA,NA,NA,NA,NA,FALSE,FALSE,"B",TRUE,FALSE,FALSE,FALSE
"any","B_itemnonresp","DQ57B__1","w5問57B_家を出る_時刻の回答形式: だいたい午前／午後×時○分ころ","ec_adj",0,NA,0,NA,NA,NA,0,0,"n/a (no variation)",4164,963,4164,NA,NA,NA,NA,NA,FALSE,FALSE,"B",TRUE,FALSE,FALSE,FALSE
"any","B_itemnonresp","DQ57C__1","w5問57C_帰宅_時刻の回答形式: だいたい午前／午後×時○分ころ","naive",0,0,0,NA,NA,NA,0,0,"n/a (no variation)",4164,963,4164,NA,NA,NA,NA,NA,FALSE,FALSE,"B",TRUE,FALSE,FALSE,FALSE
"any","B_itemnonresp","DQ57C__1","w5問57C_帰宅_時刻の回答形式: だいたい午前／午後×時○分ころ","sm",0,0,0,NA,NA,NA,0,0,"n/a (no variation)",4164,578,4164,NA,NA,NA,NA,NA,FALSE,FALSE,"B",TRUE,FALSE,FALSE,FALSE
"any","B_itemnonresp","DQ57C__1","w5問57C_帰宅_時刻の回答形式: だいたい午前／午後×時○分ころ","ssm",0,0,0,NA,NA,NA,0,0,"n/a (no variation)",3618,493,4164,NA,NA,NA,NA,NA,FALSE,FALSE,"B",TRUE,FALSE,FALSE,FALSE
"any","B_itemnonresp","DQ57C__1","w5問57C_帰宅_時刻の回答形式: だいたい午前／午後×時○分ころ","ec",0,0,0,NA,NA,NA,0,0,"n/a (no variation)",4164,963,4164,NA,NA,NA,NA,NA,FALSE,FALSE,"B",TRUE,FALSE,FALSE,FALSE
"any","B_itemnonresp","DQ57C__1","w5問57C_帰宅_時刻の回答形式: だいたい午前／午後×時○分ころ","ec_adj",0,NA,0,NA,NA,NA,0,0,"n/a (no variation)",4164,963,4164,NA,NA,NA,NA,NA,FALSE,FALSE,"B",TRUE,FALSE,FALSE,FALSE
"any","B_itemnonresp","DQ57D","w5問57D_就寝_時刻の回答形式","naive",0,0,0,NA,NA,NA,0,0,"n/a (no variation)",4164,963,4117,NA,NA,NA,NA,NA,FALSE,FALSE,"B",TRUE,FALSE,FALSE,FALSE
"any","B_itemnonresp","DQ57D","w5問57D_就寝_時刻の回答形式","sm",0,0,0,NA,NA,NA,0,0,"n/a (no variation)",4164,578,4117,NA,NA,NA,NA,NA,FALSE,FALSE,"B",TRUE,FALSE,FALSE,FALSE
"any","B_itemnonresp","DQ57D","w5問57D_就寝_時刻の回答形式","ssm",0,0,0,NA,NA,NA,0,0,"n/a (no variation)",3618,493,4117,NA,NA,NA,NA,NA,FALSE,FALSE,"B",TRUE,FALSE,FALSE,FALSE
"any","B_itemnonresp","DQ57D","w5問57D_就寝_時刻の回答形式","ec",0,0,0,NA,NA,NA,0,0,"n/a (no variation)",4164,963,4117,NA,NA,NA,NA,NA,FALSE,FALSE,"B",TRUE,FALSE,FALSE,FALSE
"any","B_itemnonresp","DQ57D","w5問57D_就寝_時刻の回答形式","ec_adj",0,NA,0,NA,NA,NA,0,0,"n/a (no variation)",4164,963,4117,NA,NA,NA,NA,NA,FALSE,FALSE,"B",TRUE,FALSE,FALSE,FALSE
"any","B_itemnonresp","DQ03_5E","w5問3(5)-5_収入の形態―年俸","naive",0,0,0,NA,NA,NA,0,0,"n/a (no variation)",4164,963,0,NA,NA,NA,NA,NA,FALSE,FALSE,"",FALSE,FALSE,FALSE,FALSE
"any","B_itemnonresp","DQ03_5E","w5問3(5)-5_収入の形態―年俸","sm",0,0,0,NA,NA,NA,0,0,"n/a (no variation)",4164,578,0,NA,NA,NA,NA,NA,FALSE,FALSE,"",FALSE,FALSE,FALSE,FALSE
"any","B_itemnonresp","DQ03_5E","w5問3(5)-5_収入の形態―年俸","ssm",0,0,0,NA,NA,NA,0,0,"n/a (no variation)",3618,493,0,NA,NA,NA,NA,NA,FALSE,FALSE,"",FALSE,FALSE,FALSE,FALSE
"any","B_itemnonresp","DQ03_5ES","w5問3(5)-5_収入の金額―年俸","naive",0,0,0,NA,NA,NA,0,0,"n/a (no variation)",1064,246,0,NA,NA,NA,NA,NA,FALSE,FALSE,"",FALSE,FALSE,FALSE,FALSE
"any","B_itemnonresp","DQ03_5ES","w5問3(5)-5_収入の金額―年俸","sm",0,0,0,NA,NA,NA,0,0,"n/a (no variation)",1064,142,0,NA,NA,NA,NA,NA,FALSE,FALSE,"",FALSE,FALSE,FALSE,FALSE
"any","B_itemnonresp","DQ03_5ES","w5問3(5)-5_収入の金額―年俸","ssm",0,0,0,NA,NA,NA,0,0,"n/a (no variation)",925,123,0,NA,NA,NA,NA,NA,FALSE,FALSE,"",FALSE,FALSE,FALSE,FALSE
"any","B_itemnonresp","DQ03_13","w5問3(13)_現在の会社で当面仕事を続けるか","naive",-0.00481,0.00746,0.00743,-0.0339,0.5168,0.8905,0.02042,0.02242,"equivalent",2088,478,1017,NA,NA,NA,NA,NA,FALSE,FALSE,"C",TRUE,FALSE,FALSE,FALSE
"any","B_itemnonresp","DQ03_13","w5問3(13)_現在の会社で当面仕事を続けるか","sm",-0.01089,0.01057,0.01107,-0.0766,0.325,0.9136,0.2052,0.2128,"undetermined",2088,275,1017,NA,NA,NA,NA,NA,FALSE,FALSE,"C",TRUE,FALSE,FALSE,FALSE
"any","B_itemnonresp","DQ03_13","w5問3(13)_現在の会社で当面仕事を続けるか","ssm",-0.00891,0.01097,0.01053,-0.0627,0.3973,0.8742,0.1462,0.1574,"undetermined",1805,230,1017,NA,NA,NA,NA,NA,FALSE,FALSE,"C",TRUE,FALSE,FALSE,FALSE
"any","B_itemnonresp","DQ03_13","w5問3(13)_現在の会社で当面仕事を続けるか","ec",-0.00911,0.008,0.00756,-0.0641,0.2283,0.7645,0.07492,0.07849,"equivalent",2088,478,1017,NA,NA,NA,NA,NA,FALSE,FALSE,"C",TRUE,FALSE,FALSE,FALSE
"any","B_itemnonresp","DQ03_13","w5問3(13)_現在の会社で当面仕事を続けるか","ec_adj",-0.00917,NA,0.00757,-0.0645,0.2258,0.75,0.07618,0.07981,"equivalent",2088,478,1017,NA,NA,NA,NA,NA,FALSE,FALSE,"C",TRUE,FALSE,FALSE,FALSE
"any","B_itemnonresp","DQ17A","w5問17A_中3時の父親の喫煙","naive",-0.00602,0.00551,0.0052,-0.0419,0.2473,0.8905,0.003596,0.004684,"equivalent",3977,912,0,NA,NA,NA,NA,NA,FALSE,FALSE,"",FALSE,FALSE,FALSE,FALSE
"any","B_itemnonresp","DQ17A","w5問17A_中3時の父親の喫煙","sm",-0.00562,0.00684,0.00744,-0.0391,0.4503,0.9136,0.02667,0.03246,"equivalent",3977,548,0,NA,NA,NA,NA,NA,FALSE,FALSE,"",FALSE,FALSE,FALSE,FALSE
"any","B_itemnonresp","DQ17A","w5問17A_中3時の父親の喫煙","ssm",-0.00775,0.00767,0.00827,-0.0539,0.3485,0.8742,0.06921,0.08247,"equivalent",3455,467,0,NA,NA,NA,NA,NA,FALSE,FALSE,"",FALSE,FALSE,FALSE,FALSE
"any","B_dk","DQ101","w5問1_意識項目1","naive",-0.02134,0.00756,0.00923,-0.1088,0.02076,0.02214,0.5579,0.9763,"affected",4164,963,4164,NA,NA,NA,NA,NA,FALSE,FALSE,"A",TRUE,FALSE,FALSE,FALSE
"any","B_dk","DQ101","w5問1_意識項目1","sm",-0.01371,0.00887,0.00991,-0.0699,0.1666,0.1777,0.263,0.5455,"undetermined",4164,578,4164,NA,NA,NA,NA,NA,FALSE,FALSE,"A",TRUE,FALSE,FALSE,FALSE
"any","B_dk","DQ101","w5問1_意識項目1","ssm",-0.01312,0.00975,0.01031,-0.0668,0.2031,0.2167,0.2521,0.5228,"undetermined",3618,493,4164,NA,NA,NA,NA,NA,FALSE,FALSE,"A",TRUE,FALSE,FALSE,FALSE
"any","B_dk","DQ101","w5問1_意識項目1","ec",-0.02235,0.00764,0.00929,-0.1139,0.01614,0.01981,0.6,0.9967,"affected",4164,963,4164,NA,NA,NA,NA,NA,FALSE,FALSE,"A",TRUE,FALSE,FALSE,FALSE
"any","B_dk","DQ101","w5問1_意識項目1","ec_adj",-0.0224,NA,0.00923,-0.1142,0.01523,0.01869,0.6027,0.9961,"affected",4164,963,4164,NA,NA,NA,NA,NA,FALSE,FALSE,"A",TRUE,FALSE,FALSE,FALSE
"any","B_dk","DQ102","w5問2_意識項目2","naive",-0.03164,0.00831,0.00831,-0.1491,0.0001408,0.0002651,0.9193,0.9977,"affected",4164,963,4164,NA,NA,NA,NA,NA,FALSE,FALSE,"A",TRUE,FALSE,FALSE,FALSE
"any","B_dk","DQ102","w5問2_意識項目2","sm",-0.02539,0.01003,0.01006,-0.1196,0.01159,0.01484,0.7041,0.99,"affected",4164,578,4164,NA,NA,NA,NA,NA,FALSE,FALSE,"A",TRUE,FALSE,FALSE,FALSE
"any","B_dk","DQ102","w5問2_意識項目2","ssm",-0.03137,0.01132,0.0118,-0.1478,0.007864,0.01441,0.8323,0.9888,"affected",3618,493,4164,NA,NA,NA,NA,NA,FALSE,FALSE,"A",TRUE,FALSE,FALSE,FALSE
"any","B_dk","DQ102","w5問2_意識項目2","ec",-0.03478,0.00836,0.00844,-0.1639,3.752e-05,0.0001094,0.9601,0.9967,"affected",4164,963,4164,NA,NA,NA,NA,NA,FALSE,FALSE,"A",TRUE,FALSE,FALSE,FALSE
"any","B_dk","DQ102","w5問2_意識項目2","ec_adj",-0.03422,NA,0.00844,-0.1612,4.976e-05,0.000119,0.9541,0.9961,"affected",4164,963,4164,NA,NA,NA,NA,NA,FALSE,FALSE,"A",TRUE,FALSE,FALSE,FALSE
"any","B_dk","DQ103","w5問3_意識項目3","naive",-0.03061,0.00803,0.00684,-0.1498,7.558e-06,3.158e-05,0.9397,0.9977,"affected",4164,963,4164,NA,NA,NA,NA,NA,FALSE,FALSE,"D",FALSE,FALSE,FALSE,FALSE
"any","B_dk","DQ103","w5問3_意識項目3","sm",-0.04063,0.01088,0.00887,-0.1988,4.624e-06,0.000148,0.99,0.99,"affected",4164,578,4164,NA,NA,NA,NA,NA,FALSE,FALSE,"D",FALSE,FALSE,FALSE,FALSE
"any","B_dk","DQ103","w5問3_意識項目3","ssm",-0.04077,0.01175,0.01086,-0.1995,0.0001739,0.001391,0.9721,0.9888,"affected",3618,493,4164,NA,NA,NA,NA,NA,FALSE,FALSE,"D",FALSE,FALSE,FALSE,FALSE
"any","B_dk","DQ103","w5問3_意識項目3","ec",-0.02958,0.00814,0.00685,-0.1448,1.585e-05,NA,0.919,NA,"excluded (entry-wave class D)",4164,963,4164,NA,NA,NA,NA,NA,FALSE,TRUE,"D",FALSE,FALSE,FALSE,FALSE
"any","B_dk","DQ103","w5問3_意識項目3","ec_adj",-0.02949,NA,0.00688,-0.1443,1.812e-05,NA,0.9161,NA,"excluded (entry-wave class D)",4164,963,4164,NA,NA,NA,NA,NA,FALSE,TRUE,"D",FALSE,FALSE,FALSE,FALSE
"any","B_dk","DQ104","w5問4_意識項目4","naive",-0.01927,0.00743,0.00807,-0.0994,0.01702,0.01945,0.4638,0.9277,"affected",4164,963,4164,NA,NA,NA,NA,NA,FALSE,FALSE,"A",TRUE,FALSE,FALSE,FALSE
"any","B_dk","DQ104","w5問4_意識項目4","sm",-0.02409,0.00974,0.01007,-0.1243,0.01673,0.02059,0.6578,0.99,"affected",4164,578,4164,NA,NA,NA,NA,NA,FALSE,FALSE,"A",TRUE,FALSE,FALSE,FALSE
"any","B_dk","DQ104","w5問4_意識項目4","ssm",-0.0298,0.01097,0.0118,-0.1537,0.01158,0.01684,0.7969,0.9888,"affected",3618,493,4164,NA,NA,NA,NA,NA,FALSE,FALSE,"A",TRUE,FALSE,FALSE,FALSE
"any","B_dk","DQ104","w5問4_意識項目4","ec",-0.0175,0.00755,0.00827,-0.0903,0.0343,0.03859,0.3813,0.799,"affected",4164,963,4164,NA,NA,NA,NA,NA,FALSE,FALSE,"A",TRUE,FALSE,FALSE,FALSE
"any","B_dk","DQ104","w5問4_意識項目4","ec_adj",-0.01741,NA,0.00839,-0.0898,0.03784,0.04257,0.3788,0.7937,"affected",4164,963,4164,NA,NA,NA,NA,NA,FALSE,FALSE,"A",TRUE,FALSE,FALSE,FALSE
"any","B_dk","DQ105","w5問5_意識項目5","naive",-0.03597,0.00825,0.00805,-0.1734,7.894e-06,3.158e-05,0.9763,0.9977,"affected",4164,963,4164,NA,NA,NA,NA,NA,FALSE,FALSE,"A",TRUE,FALSE,FALSE,FALSE
"any","B_dk","DQ105","w5問5_意識項目5","sm",-0.03318,0.01025,0.00946,-0.16,0.0004517,0.001807,0.9182,0.99,"affected",4164,578,4164,NA,NA,NA,NA,NA,FALSE,FALSE,"A",TRUE,FALSE,FALSE,FALSE
"any","B_dk","DQ105","w5問5_意識項目5","ssm",-0.03662,0.01126,0.01013,-0.1766,0.0002982,0.001909,0.9497,0.9888,"affected",3618,493,4164,NA,NA,NA,NA,NA,FALSE,FALSE,"A",TRUE,FALSE,FALSE,FALSE
"any","B_dk","DQ105","w5問5_意識項目5","ec",-0.03587,0.00834,0.00807,-0.173,8.743e-06,4.42e-05,0.9754,0.9967,"affected",4164,963,4164,NA,NA,NA,NA,NA,FALSE,FALSE,"A",TRUE,FALSE,FALSE,FALSE
"any","B_dk","DQ105","w5問5_意識項目5","ec_adj",-0.03505,NA,0.00808,-0.169,1.44e-05,5.554e-05,0.9687,0.9961,"affected",4164,963,4164,NA,NA,NA,NA,NA,FALSE,FALSE,"A",TRUE,FALSE,FALSE,FALSE
"any","B_dk","DQ106","w5問6_意識項目6","naive",-0.03253,0.00823,0.00846,-0.1556,0.0001215,0.0002431,0.9306,0.9977,"affected",4164,963,4164,NA,NA,NA,NA,NA,FALSE,FALSE,"A",TRUE,FALSE,FALSE,FALSE
"any","B_dk","DQ106","w5問6_意識項目6","sm",-0.02904,0.01014,0.00972,-0.139,0.002804,0.005521,0.824,0.99,"affected",4164,578,4164,NA,NA,NA,NA,NA,FALSE,FALSE,"A",TRUE,FALSE,FALSE,FALSE
"any","B_dk","DQ106","w5問6_意識項目6","ssm",-0.02519,0.01064,0.00939,-0.1205,0.007304,0.01441,0.7098,0.9888,"affected",3618,493,4164,NA,NA,NA,NA,NA,FALSE,FALSE,"A",TRUE,FALSE,FALSE,FALSE
"any","B_dk","DQ106","w5問6_意識項目6","ec",-0.03448,0.00829,0.00882,-0.165,9.215e-05,0.0001777,0.9497,0.9967,"affected",4164,963,4164,NA,NA,NA,NA,NA,FALSE,FALSE,"A",TRUE,FALSE,FALSE,FALSE
"any","B_dk","DQ106","w5問6_意識項目6","ec_adj",-0.03441,NA,0.00855,-0.1646,5.728e-05,0.000119,0.954,0.9961,"affected",4164,963,4164,NA,NA,NA,NA,NA,FALSE,FALSE,"A",TRUE,FALSE,FALSE,FALSE
"any","B_dk","DQ107","w5問7_意識項目7","naive",-0.02485,0.00789,0.00747,-0.1218,0.0008733,0.00127,0.7422,0.9977,"affected",4164,963,4164,NA,NA,NA,NA,NA,FALSE,FALSE,"A",TRUE,FALSE,FALSE,FALSE
"any","B_dk","DQ107","w5問7_意識項目7","sm",-0.03106,0.01042,0.00929,-0.1523,0.0008292,0.002653,0.8831,0.99,"affected",4164,578,4164,NA,NA,NA,NA,NA,FALSE,FALSE,"A",TRUE,FALSE,FALSE,FALSE
"any","B_dk","DQ107","w5問7_意識項目7","ssm",-0.03368,0.01148,0.01066,-0.1651,0.001585,0.005917,0.9002,0.9888,"affected",3618,493,4164,NA,NA,NA,NA,NA,FALSE,FALSE,"A",TRUE,FALSE,FALSE,FALSE
"any","B_dk","DQ107","w5問7_意識項目7","ec",-0.02262,0.00802,0.00792,-0.1109,0.0043,0.005805,0.6298,0.9967,"affected",4164,963,4164,NA,NA,NA,NA,NA,FALSE,FALSE,"A",TRUE,FALSE,FALSE,FALSE
"any","B_dk","DQ107","w5問7_意識項目7","ec_adj",-0.02302,NA,0.00806,-0.1128,0.004307,0.005815,0.646,0.9961,"affected",4164,963,4164,NA,NA,NA,NA,NA,FALSE,FALSE,"A",TRUE,FALSE,FALSE,FALSE
"any","B_dk","DQ108","w5問8_意識項目8","naive",-0.02702,0.00763,0.00758,-0.1391,0.0003617,0.0005787,0.823,0.9977,"affected",4164,963,4164,NA,NA,NA,NA,NA,FALSE,FALSE,"A",TRUE,FALSE,FALSE,FALSE
"any","B_dk","DQ108","w5問8_意識項目8","sm",-0.02943,0.00983,0.00957,-0.1515,0.002115,0.005206,0.8376,0.99,"affected",4164,578,4164,NA,NA,NA,NA,NA,FALSE,FALSE,"A",TRUE,FALSE,FALSE,FALSE
"any","B_dk","DQ108","w5問8_意識項目8","ssm",-0.02796,0.0106,0.00982,-0.1439,0.004398,0.01194,0.7912,0.9888,"affected",3618,493,4164,NA,NA,NA,NA,NA,FALSE,FALSE,"A",TRUE,FALSE,FALSE,FALSE
"any","B_dk","DQ108","w5問8_意識項目8","ec",-0.02666,0.00772,0.00772,-0.1372,0.0005553,0.0008819,0.8057,0.9967,"affected",4164,963,4164,NA,NA,NA,NA,NA,FALSE,FALSE,"A",TRUE,FALSE,FALSE,FALSE
"any","B_dk","DQ108","w5問8_意識項目8","ec_adj",-0.02657,NA,0.00759,-0.1368,0.0004626,0.0007807,0.8067,0.9961,"affected",4164,963,4164,NA,NA,NA,NA,NA,FALSE,FALSE,"A",TRUE,FALSE,FALSE,FALSE
"any","B_dk","DQ109","w5問9_意識項目9","naive",-0.0322,0.00837,0.00822,-0.1506,8.877e-05,0.0001894,0.9312,0.9977,"affected",4164,963,4164,NA,NA,NA,NA,NA,FALSE,FALSE,"A",TRUE,FALSE,FALSE,FALSE
"any","B_dk","DQ109","w5問9_意識項目9","sm",-0.02837,0.0103,0.01101,-0.1327,0.009967,0.01329,0.7765,0.99,"affected",4164,578,4164,NA,NA,NA,NA,NA,FALSE,FALSE,"A",TRUE,FALSE,FALSE,FALSE
"any","B_dk","DQ109","w5問9_意識項目9","ssm",-0.02381,0.01065,0.00995,-0.1113,0.01672,0.02268,0.6491,0.9888,"affected",3618,493,4164,NA,NA,NA,NA,NA,FALSE,FALSE,"A",TRUE,FALSE,FALSE,FALSE
"any","B_dk","DQ109","w5問9_意識項目9","ec",-0.03268,0.00845,0.00814,-0.1528,5.922e-05,0.0001332,0.9404,0.9967,"affected",4164,963,4164,NA,NA,NA,NA,NA,FALSE,FALSE,"A",TRUE,FALSE,FALSE,FALSE
"any","B_dk","DQ109","w5問9_意識項目9","ec_adj",-0.03366,NA,0.00829,-0.1574,4.859e-05,0.000119,0.9504,0.9961,"affected",4164,963,4164,NA,NA,NA,NA,NA,FALSE,FALSE,"A",TRUE,FALSE,FALSE,FALSE
"any","B_dk","DQ110","w5問10_意識項目10","naive",-0.0327,0.00793,0.00794,-0.1638,3.856e-05,0.0001122,0.945,0.9977,"affected",4164,963,4164,NA,NA,NA,NA,NA,FALSE,FALSE,"A",TRUE,FALSE,FALSE,FALSE
"any","B_dk","DQ110","w5問10_意識項目10","sm",-0.02645,0.00955,0.01003,-0.1325,0.008346,0.01161,0.7399,0.99,"affected",4164,578,4164,NA,NA,NA,NA,NA,FALSE,FALSE,"A",TRUE,FALSE,FALSE,FALSE
"any","B_dk","DQ110","w5問10_意識項目10","ssm",-0.02501,0.01024,0.01082,-0.1253,0.02088,0.02673,0.6781,0.9888,"affected",3618,493,4164,NA,NA,NA,NA,NA,FALSE,FALSE,"A",TRUE,FALSE,FALSE,FALSE
"any","B_dk","DQ110","w5問10_意識項目10","ec",-0.03297,0.00801,0.0082,-0.1652,5.801e-05,0.0001332,0.9431,0.9967,"affected",4164,963,4164,NA,NA,NA,NA,NA,FALSE,FALSE,"A",TRUE,FALSE,FALSE,FALSE
"any","B_dk","DQ110","w5問10_意識項目10","ec_adj",-0.03288,NA,0.00816,-0.1648,5.615e-05,0.000119,0.9427,0.9961,"affected",4164,963,4164,NA,NA,NA,NA,NA,FALSE,FALSE,"A",TRUE,FALSE,FALSE,FALSE
"any","B_dk","DQ111","w5問11_意識項目11","naive",-0.03781,0.00815,0.00779,-0.1863,1.216e-06,1.297e-05,0.9889,0.9977,"affected",4164,963,4164,NA,NA,NA,NA,NA,FALSE,FALSE,"A",TRUE,FALSE,FALSE,FALSE
"any","B_dk","DQ111","w5問11_意識項目11","sm",-0.02914,0.00968,0.00862,-0.1436,0.0007238,0.002573,0.8554,0.99,"affected",4164,578,4164,NA,NA,NA,NA,NA,FALSE,FALSE,"A",TRUE,FALSE,FALSE,FALSE
"any","B_dk","DQ111","w5問11_意識項目11","ssm",-0.02408,0.01004,0.01009,-0.1187,0.01701,0.02268,0.6571,0.9888,"affected",3618,493,4164,NA,NA,NA,NA,NA,FALSE,FALSE,"A",TRUE,FALSE,FALSE,FALSE
"any","B_dk","DQ111","w5問11_意識項目11","ec",-0.03831,0.00823,0.00773,-0.1887,7.202e-07,6.667e-06,0.9911,0.9967,"affected",4164,963,4164,NA,NA,NA,NA,NA,FALSE,FALSE,"A",TRUE,FALSE,FALSE,FALSE
"any","B_dk","DQ111","w5問11_意識項目11","ec_adj",-0.03825,NA,0.008,-0.1885,1.717e-06,1.545e-05,0.9888,0.9961,"affected",4164,963,4164,NA,NA,NA,NA,NA,FALSE,FALSE,"A",TRUE,FALSE,FALSE,FALSE
"any","B_dk","DQ112","w5問12_意識項目12","naive",-0.03636,0.00839,0.00893,-0.172,4.641e-05,0.0001216,0.9666,0.9977,"affected",4164,963,4164,NA,NA,NA,NA,NA,FALSE,FALSE,"A",TRUE,FALSE,FALSE,FALSE
"any","B_dk","DQ112","w5問12_意識項目12","sm",-0.0263,0.00987,0.00965,-0.1244,0.006428,0.009796,0.7432,0.99,"affected",4164,578,4164,NA,NA,NA,NA,NA,FALSE,FALSE,"A",TRUE,FALSE,FALSE,FALSE
"any","B_dk","DQ112","w5問12_意識項目12","ssm",-0.02464,0.01064,0.00964,-0.1165,0.01055,0.01608,0.6849,0.9888,"affected",3618,493,4164,NA,NA,NA,NA,NA,FALSE,FALSE,"A",TRUE,FALSE,FALSE,FALSE
"any","B_dk","DQ112","w5問12_意識項目12","ec",-0.03747,0.00845,0.00913,-0.1772,4.05e-05,0.0001094,0.9722,0.9967,"affected",4164,963,4164,NA,NA,NA,NA,NA,FALSE,FALSE,"A",TRUE,FALSE,FALSE,FALSE
"any","B_dk","DQ112","w5問12_意識項目12","ec_adj",-0.03825,NA,0.00934,-0.1809,4.259e-05,0.000119,0.9746,0.9961,"affected",4164,963,4164,NA,NA,NA,NA,NA,FALSE,FALSE,"A",TRUE,FALSE,FALSE,FALSE
"any","B_dk","DQ113","w5問13_意識項目13","naive",-0.04499,0.00888,0.0088,-0.2031,3.168e-07,1.014e-05,0.9977,0.9977,"affected",4164,963,4164,NA,NA,NA,NA,NA,FALSE,FALSE,"A",TRUE,FALSE,FALSE,FALSE
"any","B_dk","DQ113","w5問13_意識項目13","sm",-0.04289,0.01112,0.00983,-0.1936,1.285e-05,0.0002056,0.99,0.99,"affected",4164,578,4164,NA,NA,NA,NA,NA,FALSE,FALSE,"A",TRUE,FALSE,FALSE,FALSE
"any","B_dk","DQ113","w5問13_意識項目13","ssm",-0.04059,0.01192,0.01017,-0.1832,6.537e-05,0.001046,0.9786,0.9888,"affected",3618,493,4164,NA,NA,NA,NA,NA,FALSE,FALSE,"A",TRUE,FALSE,FALSE,FALSE
"any","B_dk","DQ113","w5問13_意識項目13","ec",-0.0444,0.00895,0.00897,-0.2004,7.407e-07,6.667e-06,0.9967,0.9967,"affected",4164,963,4164,NA,NA,NA,NA,NA,FALSE,FALSE,"A",TRUE,FALSE,FALSE,FALSE
"any","B_dk","DQ113","w5問13_意識項目13","ec_adj",-0.04446,NA,0.00921,-0.2007,1.364e-06,1.545e-05,0.9961,0.9961,"affected",4164,963,4164,NA,NA,NA,NA,NA,FALSE,FALSE,"A",TRUE,FALSE,FALSE,FALSE
"any","B_dk","DQ114","w5問14_意識項目14","naive",-0.04115,0.00873,0.00886,-0.1877,3.371e-06,2.617e-05,0.9915,0.9977,"affected",4164,963,4164,NA,NA,NA,NA,NA,FALSE,FALSE,"A",TRUE,FALSE,FALSE,FALSE
"any","B_dk","DQ114","w5問14_意識項目14","sm",-0.03697,0.01078,0.01129,-0.1686,0.001054,0.003067,0.9337,0.99,"affected",4164,578,4164,NA,NA,NA,NA,NA,FALSE,FALSE,"A",TRUE,FALSE,FALSE,FALSE
"any","B_dk","DQ114","w5問14_意識項目14","ssm",-0.03202,0.0115,0.01136,-0.146,0.004819,0.01194,0.855,0.9888,"affected",3618,493,4164,NA,NA,NA,NA,NA,FALSE,FALSE,"A",TRUE,FALSE,FALSE,FALSE
"any","B_dk","DQ114","w5問14_意識項目14","ec",-0.04136,0.00881,0.00907,-0.1886,5.086e-06,3.433e-05,0.9908,0.9967,"affected",4164,963,4164,NA,NA,NA,NA,NA,FALSE,FALSE,"A",TRUE,FALSE,FALSE,FALSE
"any","B_dk","DQ114","w5問14_意識項目14","ec_adj",-0.04176,NA,0.00922,-0.1905,5.857e-06,3.398e-05,0.9909,0.9961,"affected",4164,963,4164,NA,NA,NA,NA,NA,FALSE,FALSE,"A",TRUE,FALSE,FALSE,FALSE
"any","B_dk","DQ115","w5問15_意識項目15","naive",-0.03859,0.00863,0.0096,-0.1772,5.839e-05,0.0001335,0.9736,0.9977,"affected",4164,963,4164,NA,NA,NA,NA,NA,FALSE,FALSE,"A",TRUE,FALSE,FALSE,FALSE
"any","B_dk","DQ115","w5問15_意識項目15","sm",-0.0313,0.01041,0.01052,-0.1438,0.002933,0.005521,0.8586,0.99,"affected",4164,578,4164,NA,NA,NA,NA,NA,FALSE,FALSE,"A",TRUE,FALSE,FALSE,FALSE
"any","B_dk","DQ115","w5問15_意識項目15","ssm",-0.02704,0.011,0.012,-0.1242,0.02428,0.02988,0.7212,0.9888,"affected",3618,493,4164,NA,NA,NA,NA,NA,FALSE,FALSE,"A",TRUE,FALSE,FALSE,FALSE
"any","B_dk","DQ115","w5問15_意識項目15","ec",-0.03906,0.00871,0.00993,-0.1794,8.362e-05,0.0001737,0.9725,0.9967,"affected",4164,963,4164,NA,NA,NA,NA,NA,FALSE,FALSE,"A",TRUE,FALSE,FALSE,FALSE
"any","B_dk","DQ115","w5問15_意識項目15","ec_adj",-0.03932,NA,0.0101,-0.1806,9.916e-05,0.0001912,0.9721,0.9961,"affected",4164,963,4164,NA,NA,NA,NA,NA,FALSE,FALSE,"A",TRUE,FALSE,FALSE,FALSE
"any","B_dk","DQ116","w5問16_意識項目16","naive",-0.0326,0.00851,0.00891,-0.1497,0.000252,0.0004245,0.9214,0.9977,"affected",4164,963,4164,NA,NA,NA,NA,NA,FALSE,FALSE,"A",TRUE,FALSE,FALSE,FALSE
"any","B_dk","DQ116","w5問16_意識項目16","sm",-0.04399,0.0115,0.01251,-0.202,0.0004386,0.001807,0.9724,0.99,"affected",4164,578,4164,NA,NA,NA,NA,NA,FALSE,FALSE,"A",TRUE,FALSE,FALSE,FALSE
"any","B_dk","DQ116","w5問16_意識項目16","ssm",-0.04456,0.01254,0.01387,-0.2046,0.00132,0.005917,0.9616,0.9888,"affected",3618,493,4164,NA,NA,NA,NA,NA,FALSE,FALSE,"A",TRUE,FALSE,FALSE,FALSE
"any","B_dk","DQ116","w5問16_意識項目16","ec",-0.03297,0.00857,0.00907,-0.1514,0.0002767,0.000498,0.9237,0.9967,"affected",4164,963,4164,NA,NA,NA,NA,NA,FALSE,FALSE,"A",TRUE,FALSE,FALSE,FALSE
"any","B_dk","DQ116","w5問16_意識項目16","ec_adj",-0.03323,NA,0.00905,-0.1526,0.0002387,0.0004297,0.9283,0.9961,"affected",4164,963,4164,NA,NA,NA,NA,NA,FALSE,FALSE,"A",TRUE,FALSE,FALSE,FALSE
"any","B_dk","DQ117","w5問17_意識項目17","naive",-0.02053,0.00795,0.00877,-0.0983,0.01923,0.02122,0.5242,0.9763,"affected",4164,963,4164,NA,NA,NA,NA,NA,FALSE,FALSE,"A",TRUE,FALSE,FALSE,FALSE
"any","B_dk","DQ117","w5問17_意識項目17","sm",-0.02501,0.01034,0.0123,-0.1197,0.04204,0.04639,0.6581,0.99,"affected",4164,578,4164,NA,NA,NA,NA,NA,FALSE,FALSE,"A",TRUE,FALSE,FALSE,FALSE
"any","B_dk","DQ117","w5問17_意識項目17","ssm",-0.0276,0.01155,0.01297,-0.1321,0.03334,0.03952,0.721,0.9888,"affected",3618,493,4164,NA,NA,NA,NA,NA,FALSE,FALSE,"A",TRUE,FALSE,FALSE,FALSE
"any","B_dk","DQ117","w5問17_意識項目17","ec",-0.01866,0.00805,0.00899,-0.0893,0.03779,0.04081,0.4409,0.8818,"affected",4164,963,4164,NA,NA,NA,NA,NA,FALSE,FALSE,"A",TRUE,FALSE,FALSE,FALSE
"any","B_dk","DQ117","w5問17_意識項目17","ec_adj",-0.01856,NA,0.00914,-0.0888,0.0422,0.04558,0.4373,0.8747,"affected",4164,963,4164,NA,NA,NA,NA,NA,FALSE,FALSE,"A",TRUE,FALSE,FALSE,FALSE
"any","B_dk","DQ118","w5問18_意識項目18","naive",-0.02102,0.00772,0.00806,-0.1044,0.009133,0.01082,0.5503,0.9763,"affected",4164,963,4164,NA,NA,NA,NA,NA,FALSE,FALSE,"A",TRUE,FALSE,FALSE,FALSE
"any","B_dk","DQ118","w5問18_意識項目18","sm",-0.02861,0.0103,0.01077,-0.1421,0.007906,0.0115,0.788,0.99,"affected",4164,578,4164,NA,NA,NA,NA,NA,FALSE,FALSE,"A",TRUE,FALSE,FALSE,FALSE
"any","B_dk","DQ118","w5問18_意識項目18","ssm",-0.0346,0.01164,0.01307,-0.1718,0.008115,0.01441,0.868,0.9888,"affected",3618,493,4164,NA,NA,NA,NA,NA,FALSE,FALSE,"A",TRUE,FALSE,FALSE,FALSE
"any","B_dk","DQ118","w5問18_意識項目18","ec",-0.02139,0.00781,0.00818,-0.1062,0.008944,0.0115,0.5673,0.9967,"affected",4164,963,4164,NA,NA,NA,NA,NA,FALSE,FALSE,"A",TRUE,FALSE,FALSE,FALSE
"any","B_dk","DQ118","w5問18_意識項目18","ec_adj",-0.0216,NA,0.00819,-0.1072,0.008353,0.01074,0.5774,0.9961,"affected",4164,963,4164,NA,NA,NA,NA,NA,FALSE,FALSE,"A",TRUE,FALSE,FALSE,FALSE
"any","B_dk","DQ119","w5問19_意識項目19","naive",-0.02223,0.00746,0.00697,-0.1153,0.001424,0.001899,0.6253,0.9977,"affected",4164,963,4164,NA,NA,NA,NA,NA,FALSE,FALSE,"A",TRUE,FALSE,FALSE,FALSE
"any","B_dk","DQ119","w5問19_意識項目19","sm",-0.03294,0.01025,0.01095,-0.1709,0.002625,0.005521,0.8813,0.99,"affected",4164,578,4164,NA,NA,NA,NA,NA,FALSE,FALSE,"A",TRUE,FALSE,FALSE,FALSE
"any","B_dk","DQ119","w5問19_意識項目19","ssm",-0.03321,0.01112,0.01207,-0.1723,0.005935,0.01266,0.8631,0.9888,"affected",3618,493,4164,NA,NA,NA,NA,NA,FALSE,FALSE,"A",TRUE,FALSE,FALSE,FALSE
"any","B_dk","DQ119","w5問19_意識項目19","ec",-0.02204,0.00756,0.00726,-0.1144,0.00241,0.003424,0.6104,0.9967,"affected",4164,963,4164,NA,NA,NA,NA,NA,FALSE,FALSE,"A",TRUE,FALSE,FALSE,FALSE
"any","B_dk","DQ119","w5問19_意識項目19","ec_adj",-0.02176,NA,0.00734,-0.1129,0.003031,0.004308,0.5949,0.9961,"affected",4164,963,4164,NA,NA,NA,NA,NA,FALSE,FALSE,"A",TRUE,FALSE,FALSE,FALSE
"any","B_dk","DQ120","w5問20_意識項目20","naive",-0.04435,0.00876,0.00984,-0.2035,6.549e-06,3.158e-05,0.9933,0.9977,"affected",4164,963,4164,NA,NA,NA,NA,NA,FALSE,FALSE,"A",TRUE,FALSE,FALSE,FALSE
"any","B_dk","DQ120","w5問20_意識項目20","sm",-0.04433,0.01111,0.01183,-0.2034,0.0001789,0.0009543,0.9801,0.99,"affected",4164,578,4164,NA,NA,NA,NA,NA,FALSE,FALSE,"A",TRUE,FALSE,FALSE,FALSE
"any","B_dk","DQ120","w5問20_意識項目20","ssm",-0.0417,0.01191,0.01326,-0.1913,0.001664,0.005917,0.9491,0.9888,"affected",3618,493,4164,NA,NA,NA,NA,NA,FALSE,FALSE,"A",TRUE,FALSE,FALSE,FALSE
"any","B_dk","DQ120","w5問20_意識項目20","ec",-0.04259,0.00885,0.00971,-0.1954,1.146e-05,4.42e-05,0.99,0.9967,"affected",4164,963,4164,NA,NA,NA,NA,NA,FALSE,FALSE,"A",TRUE,FALSE,FALSE,FALSE
"any","B_dk","DQ120","w5問20_意識項目20","ec_adj",-0.04299,NA,0.00989,-0.1972,1.387e-05,5.554e-05,0.9899,0.9961,"affected",4164,963,4164,NA,NA,NA,NA,NA,FALSE,FALSE,"A",TRUE,FALSE,FALSE,FALSE
"any","B_dk","DQ121","w5問21_意識項目21","naive",-0.02853,0.00814,0.00684,-0.1365,3.021e-05,0.0001042,0.8938,0.9977,"affected",4164,963,4164,NA,NA,NA,NA,NA,FALSE,FALSE,"A",TRUE,FALSE,FALSE,FALSE
"any","B_dk","DQ121","w5問21_意識項目21","sm",-0.02712,0.01016,0.00899,-0.1298,0.002561,0.005521,0.7858,0.99,"affected",4164,578,4164,NA,NA,NA,NA,NA,FALSE,FALSE,"A",TRUE,FALSE,FALSE,FALSE
"any","B_dk","DQ121","w5問21_意識項目21","ssm",-0.02851,0.01117,0.01036,-0.1364,0.005927,0.01266,0.7944,0.9888,"affected",3618,493,4164,NA,NA,NA,NA,NA,FALSE,FALSE,"A",TRUE,FALSE,FALSE,FALSE
"any","B_dk","DQ121","w5問21_意識項目21","ec",-0.02989,0.00821,0.00678,-0.143,1.027e-05,4.42e-05,0.9278,0.9967,"affected",4164,963,4164,NA,NA,NA,NA,NA,FALSE,FALSE,"A",TRUE,FALSE,FALSE,FALSE
"any","B_dk","DQ121","w5問21_意識項目21","ec_adj",-0.03007,NA,0.00666,-0.1439,6.292e-06,3.398e-05,0.9348,0.9961,"affected",4164,963,4164,NA,NA,NA,NA,NA,FALSE,FALSE,"A",TRUE,FALSE,FALSE,FALSE
"any","B_dk","DQ122","w5問22_意識項目22","naive",-0.02598,0.0078,0.00811,-0.1297,0.001358,0.001889,0.7695,0.9977,"affected",4164,963,4164,NA,NA,NA,NA,NA,FALSE,FALSE,"A",TRUE,FALSE,FALSE,FALSE
"any","B_dk","DQ122","w5問22_意識項目22","sm",-0.02803,0.01,0.00983,-0.1399,0.004328,0.007694,0.7932,0.99,"affected",4164,578,4164,NA,NA,NA,NA,NA,FALSE,FALSE,"A",TRUE,FALSE,FALSE,FALSE
"any","B_dk","DQ122","w5問22_意識項目22","ssm",-0.031,0.01114,0.01089,-0.1547,0.004399,0.01194,0.8439,0.9888,"affected",3618,493,4164,NA,NA,NA,NA,NA,FALSE,FALSE,"A",TRUE,FALSE,FALSE,FALSE
"any","B_dk","DQ122","w5問22_意識項目22","ec",-0.02732,0.00787,0.00822,-0.1364,0.0008849,0.001327,0.8136,0.9967,"affected",4164,963,4164,NA,NA,NA,NA,NA,FALSE,FALSE,"A",TRUE,FALSE,FALSE,FALSE
"any","B_dk","DQ122","w5問22_意識項目22","ec_adj",-0.02727,NA,0.00811,-0.1361,0.0007719,0.001158,0.815,0.9961,"affected",4164,963,4164,NA,NA,NA,NA,NA,FALSE,FALSE,"A",TRUE,FALSE,FALSE,FALSE
"any","B_dk","DQ123","w5問23_意識項目23","naive",-0.02733,0.00793,0.008,-0.1343,0.0006377,0.0009717,0.8202,0.9977,"affected",4164,963,4164,NA,NA,NA,NA,NA,FALSE,FALSE,"A",TRUE,FALSE,FALSE,FALSE
"any","B_dk","DQ123","w5問23_意識項目23","sm",-0.02212,0.0096,0.00949,-0.1087,0.0197,0.02335,0.5886,0.99,"affected",4164,578,4164,NA,NA,NA,NA,NA,FALSE,FALSE,"A",TRUE,FALSE,FALSE,FALSE
"any","B_dk","DQ123","w5問23_意識項目23","ssm",-0.01828,0.01011,0.00891,-0.0898,0.0403,0.04606,0.4234,0.8176,"affected",3618,493,4164,NA,NA,NA,NA,NA,FALSE,FALSE,"A",TRUE,FALSE,FALSE,FALSE
"any","B_dk","DQ123","w5問23_意識項目23","ec",-0.02761,0.00802,0.00796,-0.1357,0.0005197,0.0008769,0.8305,0.9967,"affected",4164,963,4164,NA,NA,NA,NA,NA,FALSE,FALSE,"A",TRUE,FALSE,FALSE,FALSE
"any","B_dk","DQ123","w5問23_意識項目23","ec_adj",-0.02747,NA,0.00791,-0.135,0.0005141,0.0008165,0.8277,0.9961,"affected",4164,963,4164,NA,NA,NA,NA,NA,FALSE,FALSE,"A",TRUE,FALSE,FALSE,FALSE
"any","B_dk","DQ124","w5問24_意識項目24","naive",-0.03652,0.00831,0.00747,-0.1747,1.007e-06,1.297e-05,0.9865,0.9977,"affected",4164,963,4164,NA,NA,NA,NA,NA,FALSE,FALSE,"A",TRUE,FALSE,FALSE,FALSE
"any","B_dk","DQ124","w5問24_意識項目24","sm",-0.03616,0.0105,0.00906,-0.173,6.529e-05,0.0004774,0.9628,0.99,"affected",4164,578,4164,NA,NA,NA,NA,NA,FALSE,FALSE,"A",TRUE,FALSE,FALSE,FALSE
"any","B_dk","DQ124","w5問24_意識項目24","ssm",-0.03902,0.0116,0.01025,-0.1867,0.000141,0.001391,0.9682,0.9888,"affected",3618,493,4164,NA,NA,NA,NA,NA,FALSE,FALSE,"A",TRUE,FALSE,FALSE,FALSE
"any","B_dk","DQ124","w5問24_意識項目24","ec",-0.03627,0.0084,0.00728,-0.1735,6.344e-07,6.667e-06,0.9873,0.9967,"affected",4164,963,4164,NA,NA,NA,NA,NA,FALSE,FALSE,"A",TRUE,FALSE,FALSE,FALSE
"any","B_dk","DQ124","w5問24_意識項目24","ec_adj",-0.03626,NA,0.00742,-0.1735,1.021e-06,1.545e-05,0.9858,0.9961,"affected",4164,963,4164,NA,NA,NA,NA,NA,FALSE,FALSE,"A",TRUE,FALSE,FALSE,FALSE
"any","B_dk","DQ125","w5問25_意識項目25","naive",-0.0291,0.00775,0.007,-0.148,3.255e-05,0.0001042,0.9031,0.9977,"affected",4164,963,4164,NA,NA,NA,NA,NA,FALSE,FALSE,"A",TRUE,FALSE,FALSE,FALSE
"any","B_dk","DQ125","w5問25_意識項目25","sm",-0.02597,0.00956,0.00945,-0.1321,0.006002,0.009604,0.7361,0.99,"affected",4164,578,4164,NA,NA,NA,NA,NA,FALSE,FALSE,"A",TRUE,FALSE,FALSE,FALSE
"any","B_dk","DQ125","w5問25_意識項目25","ssm",-0.02823,0.0106,0.01082,-0.1436,0.009082,0.01453,0.7766,0.9888,"affected",3618,493,4164,NA,NA,NA,NA,NA,FALSE,FALSE,"A",TRUE,FALSE,FALSE,FALSE
"any","B_dk","DQ125","w5問25_意識項目25","ec",-0.02934,0.00784,0.007,-0.1492,2.803e-05,9.46e-05,0.9088,0.9967,"affected",4164,963,4164,NA,NA,NA,NA,NA,FALSE,FALSE,"A",TRUE,FALSE,FALSE,FALSE
"any","B_dk","DQ125","w5問25_意識項目25","ec_adj",-0.0296,NA,0.00717,-0.1505,3.628e-05,0.000119,0.9098,0.9961,"affected",4164,963,4164,NA,NA,NA,NA,NA,FALSE,FALSE,"A",TRUE,FALSE,FALSE,FALSE
"any","B_dk","DQ126","w5問26_意識項目26","naive",-0.01784,0.00694,0.00611,-0.099,0.003485,0.004289,0.3617,0.7503,"affected",4164,963,0,NA,NA,NA,NA,NA,FALSE,FALSE,"A",TRUE,FALSE,FALSE,FALSE
"any","B_dk","DQ126","w5問26_意識項目26","sm",-0.01679,0.00865,0.00792,-0.0932,0.03403,0.0389,0.3425,0.6849,"affected",4164,578,0,NA,NA,NA,NA,NA,FALSE,FALSE,"A",TRUE,FALSE,FALSE,FALSE
"any","B_dk","DQ126","w5問26_意識項目26","ssm",-0.0156,0.00903,0.00868,-0.0866,0.07241,0.0799,0.3061,0.6122,"affected",3618,493,0,NA,NA,NA,NA,NA,FALSE,FALSE,"A",TRUE,FALSE,FALSE,FALSE
"any","B_dk","DQ127","w5問27_意識項目27","naive",-0.0207,0.00764,0.00689,-0.1038,0.002676,0.003425,0.5405,0.9763,"affected",4164,963,0,NA,NA,NA,NA,NA,FALSE,FALSE,"",TRUE,FALSE,FALSE,FALSE
"any","B_dk","DQ127","w5問27_意識項目27","sm",-0.03279,0.01054,0.0101,-0.1645,0.001169,0.003116,0.8973,0.99,"affected",4164,578,0,NA,NA,NA,NA,NA,FALSE,FALSE,"",TRUE,FALSE,FALSE,FALSE
"any","B_dk","DQ127","w5問27_意識項目27","ssm",-0.03054,0.01133,0.01084,-0.1532,0.004853,0.01194,0.8345,0.9888,"affected",3618,493,0,NA,NA,NA,NA,NA,FALSE,FALSE,"",TRUE,FALSE,FALSE,FALSE
"any","B_dk","DQ128","w5問28_意識項目28","naive",-0.03764,0.00844,0.00927,-0.1773,4.939e-05,0.0001216,0.9714,0.9977,"affected",4164,963,0,NA,NA,NA,NA,NA,FALSE,FALSE,"",TRUE,FALSE,FALSE,FALSE
"any","B_dk","DQ128","w5問28_意識項目28","sm",-0.04039,0.01088,0.01426,-0.1903,0.00463,0.007798,0.9236,0.99,"affected",4164,578,0,NA,NA,NA,NA,NA,FALSE,FALSE,"",TRUE,FALSE,FALSE,FALSE
"any","B_dk","DQ128","w5問28_意識項目28","ssm",-0.03874,0.0116,0.01474,-0.1825,0.008553,0.01441,0.8983,0.9888,"affected",3618,493,0,NA,NA,NA,NA,NA,FALSE,FALSE,"",TRUE,FALSE,FALSE,FALSE
"any","B_dk","DQ129","w5問29_意識項目29","naive",-0.03581,0.00811,0.00951,-0.1764,0.000167,0.0002968,0.9517,0.9977,"affected",4164,963,0,NA,NA,NA,NA,NA,FALSE,FALSE,"",TRUE,FALSE,FALSE,FALSE
"any","B_dk","DQ129","w5問29_意識項目29","sm",-0.04548,0.01096,0.01148,-0.2241,7.46e-05,0.0004774,0.9868,0.99,"affected",4164,578,0,NA,NA,NA,NA,NA,FALSE,FALSE,"",TRUE,FALSE,FALSE,FALSE
"any","B_dk","DQ129","w5問29_意識項目29","ssm",-0.04354,0.01172,0.01331,-0.2145,0.00107,0.005707,0.9615,0.9888,"affected",3618,493,0,NA,NA,NA,NA,NA,FALSE,FALSE,"",TRUE,FALSE,FALSE,FALSE
"any","B_dk","DQ130","w5問30_意識項目30","naive",-0.03205,0.00801,0.00696,-0.1582,4.09e-06,2.617e-05,0.9584,0.9977,"affected",4164,963,0,NA,NA,NA,NA,NA,FALSE,FALSE,"",TRUE,FALSE,FALSE,FALSE
"any","B_dk","DQ130","w5問30_意識項目30","sm",-0.03688,0.0105,0.00874,-0.182,2.425e-05,0.0002587,0.9733,0.99,"affected",4164,578,0,NA,NA,NA,NA,NA,FALSE,FALSE,"",TRUE,FALSE,FALSE,FALSE
"any","B_dk","DQ130","w5問30_意識項目30","ssm",-0.04363,0.01189,0.01035,-0.2153,2.502e-05,0.0008008,0.9888,0.9888,"affected",3618,493,0,NA,NA,NA,NA,NA,FALSE,FALSE,"",TRUE,FALSE,FALSE,FALSE
"any","B_dk","DQ131","w5問31_事実項目31","naive",0,0,0,NA,NA,NA,0,0,"n/a (no variation)",4164,963,4164,NA,NA,NA,NA,NA,FALSE,FALSE,"A",TRUE,FALSE,FALSE,FALSE
"any","B_dk","DQ131","w5問31_事実項目31","sm",0,0,0,NA,NA,NA,0,0,"n/a (no variation)",4164,578,4164,NA,NA,NA,NA,NA,FALSE,FALSE,"A",TRUE,FALSE,FALSE,FALSE
"any","B_dk","DQ131","w5問31_事実項目31","ssm",0,0,0,NA,NA,NA,0,0,"n/a (no variation)",3618,493,4164,NA,NA,NA,NA,NA,FALSE,FALSE,"A",TRUE,FALSE,FALSE,FALSE
"any","B_dk","DQ131","w5問31_事実項目31","ec",0,0,0,NA,NA,NA,0,0,"n/a (no variation)",4164,963,4164,NA,NA,NA,NA,NA,FALSE,FALSE,"A",TRUE,FALSE,FALSE,FALSE
"any","B_dk","DQ131","w5問31_事実項目31","ec_adj",0,NA,0,NA,NA,NA,0,0,"n/a (no variation)",4164,963,4164,NA,NA,NA,NA,NA,FALSE,FALSE,"A",TRUE,FALSE,FALSE,FALSE
"any","B_dk","DQ132","w5問32_事実項目32","naive",0,0,0,NA,NA,NA,0,0,"n/a (no variation)",4164,963,4164,NA,NA,NA,NA,NA,FALSE,FALSE,"A",TRUE,FALSE,FALSE,FALSE
"any","B_dk","DQ132","w5問32_事実項目32","sm",0,0,0,NA,NA,NA,0,0,"n/a (no variation)",4164,578,4164,NA,NA,NA,NA,NA,FALSE,FALSE,"A",TRUE,FALSE,FALSE,FALSE
"any","B_dk","DQ132","w5問32_事実項目32","ssm",0,0,0,NA,NA,NA,0,0,"n/a (no variation)",3618,493,4164,NA,NA,NA,NA,NA,FALSE,FALSE,"A",TRUE,FALSE,FALSE,FALSE
"any","B_dk","DQ132","w5問32_事実項目32","ec",0,0,0,NA,NA,NA,0,0,"n/a (no variation)",4164,963,4164,NA,NA,NA,NA,NA,FALSE,FALSE,"A",TRUE,FALSE,FALSE,FALSE
"any","B_dk","DQ132","w5問32_事実項目32","ec_adj",0,NA,0,NA,NA,NA,0,0,"n/a (no variation)",4164,963,4164,NA,NA,NA,NA,NA,FALSE,FALSE,"A",TRUE,FALSE,FALSE,FALSE
"any","B_dk","DQ133","w5問33_事実項目33","naive",0,0,0,NA,NA,NA,0,0,"n/a (no variation)",4164,963,4164,NA,NA,NA,NA,NA,FALSE,FALSE,"A",TRUE,FALSE,FALSE,FALSE
"any","B_dk","DQ133","w5問33_事実項目33","sm",0,0,0,NA,NA,NA,0,0,"n/a (no variation)",4164,578,4164,NA,NA,NA,NA,NA,FALSE,FALSE,"A",TRUE,FALSE,FALSE,FALSE
"any","B_dk","DQ133","w5問33_事実項目33","ssm",0,0,0,NA,NA,NA,0,0,"n/a (no variation)",3618,493,4164,NA,NA,NA,NA,NA,FALSE,FALSE,"A",TRUE,FALSE,FALSE,FALSE
"any","B_dk","DQ133","w5問33_事実項目33","ec",0,0,0,NA,NA,NA,0,0,"n/a (no variation)",4164,963,4164,NA,NA,NA,NA,NA,FALSE,FALSE,"A",TRUE,FALSE,FALSE,FALSE
"any","B_dk","DQ133","w5問33_事実項目33","ec_adj",0,NA,0,NA,NA,NA,0,0,"n/a (no variation)",4164,963,4164,NA,NA,NA,NA,NA,FALSE,FALSE,"A",TRUE,FALSE,FALSE,FALSE
"any","B_dk","DQ134","w5問34_事実項目34","naive",0,0,0,NA,NA,NA,0,0,"n/a (no variation)",4164,963,4164,NA,NA,NA,NA,NA,FALSE,FALSE,"A",TRUE,FALSE,FALSE,FALSE
"any","B_dk","DQ134","w5問34_事実項目34","sm",0,0,0,NA,NA,NA,0,0,"n/a (no variation)",4164,578,4164,NA,NA,NA,NA,NA,FALSE,FALSE,"A",TRUE,FALSE,FALSE,FALSE
"any","B_dk","DQ134","w5問34_事実項目34","ssm",0,0,0,NA,NA,NA,0,0,"n/a (no variation)",3618,493,4164,NA,NA,NA,NA,NA,FALSE,FALSE,"A",TRUE,FALSE,FALSE,FALSE
"any","B_dk","DQ134","w5問34_事実項目34","ec",0,0,0,NA,NA,NA,0,0,"n/a (no variation)",4164,963,4164,NA,NA,NA,NA,NA,FALSE,FALSE,"A",TRUE,FALSE,FALSE,FALSE
"any","B_dk","DQ134","w5問34_事実項目34","ec_adj",0,NA,0,NA,NA,NA,0,0,"n/a (no variation)",4164,963,4164,NA,NA,NA,NA,NA,FALSE,FALSE,"A",TRUE,FALSE,FALSE,FALSE
"any","B_dk","DQ135","w5問35_事実項目35","naive",0,0,0,NA,NA,NA,0,0,"n/a (no variation)",4164,963,4164,NA,NA,NA,NA,NA,FALSE,FALSE,"A",TRUE,FALSE,FALSE,FALSE
"any","B_dk","DQ135","w5問35_事実項目35","sm",0,0,0,NA,NA,NA,0,0,"n/a (no variation)",4164,578,4164,NA,NA,NA,NA,NA,FALSE,FALSE,"A",TRUE,FALSE,FALSE,FALSE
"any","B_dk","DQ135","w5問35_事実項目35","ssm",0,0,0,NA,NA,NA,0,0,"n/a (no variation)",3618,493,4164,NA,NA,NA,NA,NA,FALSE,FALSE,"A",TRUE,FALSE,FALSE,FALSE
"any","B_dk","DQ135","w5問35_事実項目35","ec",0,0,0,NA,NA,NA,0,0,"n/a (no variation)",4164,963,4164,NA,NA,NA,NA,NA,FALSE,FALSE,"A",TRUE,FALSE,FALSE,FALSE
"any","B_dk","DQ135","w5問35_事実項目35","ec_adj",0,NA,0,NA,NA,NA,0,0,"n/a (no variation)",4164,963,4164,NA,NA,NA,NA,NA,FALSE,FALSE,"A",TRUE,FALSE,FALSE,FALSE
"any","B_dk","DQ136","w5問36_労働時間36","naive",0,0,0,NA,NA,NA,0,0,"n/a (no variation)",4030,930,3907,NA,NA,NA,NA,NA,FALSE,FALSE,"A",TRUE,FALSE,FALSE,FALSE
"any","B_dk","DQ136","w5問36_労働時間36","sm",0,0,0,NA,NA,NA,0,0,"n/a (no variation)",4030,554,3907,NA,NA,NA,NA,NA,FALSE,FALSE,"A",TRUE,FALSE,FALSE,FALSE
"any","B_dk","DQ136","w5問36_労働時間36","ssm",0,0,0,NA,NA,NA,0,0,"n/a (no variation)",3505,471,3907,NA,NA,NA,NA,NA,FALSE,FALSE,"A",TRUE,FALSE,FALSE,FALSE
"any","B_dk","DQ136","w5問36_労働時間36","ec",0,0,0,NA,NA,NA,0,0,"n/a (no variation)",4030,930,3907,NA,NA,NA,NA,NA,FALSE,FALSE,"A",TRUE,FALSE,FALSE,FALSE
"any","B_dk","DQ136","w5問36_労働時間36","ec_adj",0,NA,0,NA,NA,NA,0,0,"n/a (no variation)",4030,930,3907,NA,NA,NA,NA,NA,FALSE,FALSE,"A",TRUE,FALSE,FALSE,FALSE
"any","B_dk","DQ137","w5問37_労働時間37","naive",0,0,0,NA,NA,NA,0,0,"n/a (no variation)",4033,936,3921,NA,NA,NA,NA,NA,FALSE,FALSE,"A",TRUE,FALSE,FALSE,FALSE
"any","B_dk","DQ137","w5問37_労働時間37","sm",0,0,0,NA,NA,NA,0,0,"n/a (no variation)",4033,563,3921,NA,NA,NA,NA,NA,FALSE,FALSE,"A",TRUE,FALSE,FALSE,FALSE
"any","B_dk","DQ137","w5問37_労働時間37","ssm",0,0,0,NA,NA,NA,0,0,"n/a (no variation)",3500,479,3921,NA,NA,NA,NA,NA,FALSE,FALSE,"A",TRUE,FALSE,FALSE,FALSE
"any","B_dk","DQ137","w5問37_労働時間37","ec",0,0,0,NA,NA,NA,0,0,"n/a (no variation)",4033,936,3921,NA,NA,NA,NA,NA,FALSE,FALSE,"A",TRUE,FALSE,FALSE,FALSE
"any","B_dk","DQ137","w5問37_労働時間37","ec_adj",0,NA,0,NA,NA,NA,0,0,"n/a (no variation)",4033,936,3921,NA,NA,NA,NA,NA,FALSE,FALSE,"A",TRUE,FALSE,FALSE,FALSE
"any","B_dk","DQ138","w5問38_労働時間38","naive",0,0,0,NA,NA,NA,0,0,"n/a (no variation)",4037,926,3916,NA,NA,NA,NA,NA,FALSE,FALSE,"A",TRUE,FALSE,FALSE,FALSE
"any","B_dk","DQ138","w5問38_労働時間38","sm",0,0,0,NA,NA,NA,0,0,"n/a (no variation)",4037,556,3916,NA,NA,NA,NA,NA,FALSE,FALSE,"A",TRUE,FALSE,FALSE,FALSE
"any","B_dk","DQ138","w5問38_労働時間38","ssm",0,0,0,NA,NA,NA,0,0,"n/a (no variation)",3506,472,3916,NA,NA,NA,NA,NA,FALSE,FALSE,"A",TRUE,FALSE,FALSE,FALSE
"any","B_dk","DQ138","w5問38_労働時間38","ec",0,0,0,NA,NA,NA,0,0,"n/a (no variation)",4037,926,3916,NA,NA,NA,NA,NA,FALSE,FALSE,"A",TRUE,FALSE,FALSE,FALSE
"any","B_dk","DQ138","w5問38_労働時間38","ec_adj",0,NA,0,NA,NA,NA,0,0,"n/a (no variation)",4037,926,3916,NA,NA,NA,NA,NA,FALSE,FALSE,"A",TRUE,FALSE,FALSE,FALSE
"any","B_dk","DQ139","w5問39_労働時間39","naive",0,0,0,NA,NA,NA,0,0,"n/a (no variation)",4046,921,3912,NA,NA,NA,NA,NA,FALSE,FALSE,"A",TRUE,FALSE,FALSE,FALSE
"any","B_dk","DQ139","w5問39_労働時間39","sm",0,0,0,NA,NA,NA,0,0,"n/a (no variation)",4046,556,3912,NA,NA,NA,NA,NA,FALSE,FALSE,"A",TRUE,FALSE,FALSE,FALSE
"any","B_dk","DQ139","w5問39_労働時間39","ssm",0,0,0,NA,NA,NA,0,0,"n/a (no variation)",3509,475,3912,NA,NA,NA,NA,NA,FALSE,FALSE,"A",TRUE,FALSE,FALSE,FALSE
"any","B_dk","DQ139","w5問39_労働時間39","ec",0,0,0,NA,NA,NA,0,0,"n/a (no variation)",4046,921,3912,NA,NA,NA,NA,NA,FALSE,FALSE,"A",TRUE,FALSE,FALSE,FALSE
"any","B_dk","DQ139","w5問39_労働時間39","ec_adj",0,NA,0,NA,NA,NA,0,0,"n/a (no variation)",4046,921,3912,NA,NA,NA,NA,NA,FALSE,FALSE,"A",TRUE,FALSE,FALSE,FALSE
"any","B_dk","DQ140","w5問40_労働時間40","naive",0,0,0,NA,NA,NA,0,0,"n/a (no variation)",4041,941,3926,NA,NA,NA,NA,NA,FALSE,FALSE,"A",TRUE,FALSE,FALSE,FALSE
"any","B_dk","DQ140","w5問40_労働時間40","sm",0,0,0,NA,NA,NA,0,0,"n/a (no variation)",4041,569,3926,NA,NA,NA,NA,NA,FALSE,FALSE,"A",TRUE,FALSE,FALSE,FALSE
"any","B_dk","DQ140","w5問40_労働時間40","ssm",0,0,0,NA,NA,NA,0,0,"n/a (no variation)",3509,486,3926,NA,NA,NA,NA,NA,FALSE,FALSE,"A",TRUE,FALSE,FALSE,FALSE
"any","B_dk","DQ140","w5問40_労働時間40","ec",0,0,0,NA,NA,NA,0,0,"n/a (no variation)",4041,941,3926,NA,NA,NA,NA,NA,FALSE,FALSE,"A",TRUE,FALSE,FALSE,FALSE
"any","B_dk","DQ140","w5問40_労働時間40","ec_adj",0,NA,0,NA,NA,NA,0,0,"n/a (no variation)",4041,941,3926,NA,NA,NA,NA,NA,FALSE,FALSE,"A",TRUE,FALSE,FALSE,FALSE
"any","B_dk","DQ02","w5_就業","naive",0,0,0,NA,NA,NA,0,0,"n/a (no variation)",4164,963,0,NA,NA,NA,NA,NA,FALSE,FALSE,"A",TRUE,FALSE,FALSE,FALSE
"any","B_dk","DQ02","w5_就業","sm",0,0,0,NA,NA,NA,0,0,"n/a (no variation)",4164,578,0,NA,NA,NA,NA,NA,FALSE,FALSE,"A",TRUE,FALSE,FALSE,FALSE
"any","B_dk","DQ02","w5_就業","ssm",0,0,0,NA,NA,NA,0,0,"n/a (no variation)",3618,493,0,NA,NA,NA,NA,NA,FALSE,FALSE,"A",TRUE,FALSE,FALSE,FALSE
"any","B_dk","DQ43__1","w5問43_婚姻: 既婚","naive",0,0,0,NA,NA,NA,0,0,"n/a (no variation)",4164,963,4164,NA,NA,NA,NA,NA,FALSE,FALSE,"A",TRUE,FALSE,FALSE,FALSE
"any","B_dk","DQ43__1","w5問43_婚姻: 既婚","sm",0,0,0,NA,NA,NA,0,0,"n/a (no variation)",4164,578,4164,NA,NA,NA,NA,NA,FALSE,FALSE,"A",TRUE,FALSE,FALSE,FALSE
"any","B_dk","DQ43__1","w5問43_婚姻: 既婚","ssm",0,0,0,NA,NA,NA,0,0,"n/a (no variation)",3618,493,4164,NA,NA,NA,NA,NA,FALSE,FALSE,"A",TRUE,FALSE,FALSE,FALSE
"any","B_dk","DQ43__1","w5問43_婚姻: 既婚","ec",0,0,0,NA,NA,NA,0,0,"n/a (no variation)",4164,963,4164,NA,NA,NA,NA,NA,FALSE,FALSE,"A",TRUE,FALSE,FALSE,FALSE
"any","B_dk","DQ43__1","w5問43_婚姻: 既婚","ec_adj",0,NA,0,NA,NA,NA,0,0,"n/a (no variation)",4164,963,4164,NA,NA,NA,NA,NA,FALSE,FALSE,"A",TRUE,FALSE,FALSE,FALSE
"any","B_dk","DQ15","w5問15_喫煙","naive",0,0,0,NA,NA,NA,0,0,"n/a (no variation)",4164,963,4164,NA,NA,NA,NA,NA,FALSE,FALSE,"A",TRUE,FALSE,FALSE,FALSE
"any","B_dk","DQ15","w5問15_喫煙","sm",0,0,0,NA,NA,NA,0,0,"n/a (no variation)",4164,578,4164,NA,NA,NA,NA,NA,FALSE,FALSE,"A",TRUE,FALSE,FALSE,FALSE
"any","B_dk","DQ15","w5問15_喫煙","ssm",0,0,0,NA,NA,NA,0,0,"n/a (no variation)",3618,493,4164,NA,NA,NA,NA,NA,FALSE,FALSE,"A",TRUE,FALSE,FALSE,FALSE
"any","B_dk","DQ15","w5問15_喫煙","ec",0,0,0,NA,NA,NA,0,0,"n/a (no variation)",4164,963,4164,NA,NA,NA,NA,NA,FALSE,FALSE,"A",TRUE,FALSE,FALSE,FALSE
"any","B_dk","DQ15","w5問15_喫煙","ec_adj",0,NA,0,NA,NA,NA,0,0,"n/a (no variation)",4164,963,4164,NA,NA,NA,NA,NA,FALSE,FALSE,"A",TRUE,FALSE,FALSE,FALSE
"any","B_dk","DQ30__1","w5問30_支持政党: 自民党","naive",0.00681,0.00716,0.00556,0.0332,0.2202,0.2273,0.008812,0.01974,"equivalent",4164,963,4164,NA,NA,NA,NA,NA,FALSE,FALSE,"A",TRUE,FALSE,FALSE,FALSE
"any","B_dk","DQ30__1","w5問30_支持政党: 自民党","sm",-0.00286,0.00967,0.00824,-0.014,0.7282,0.7517,0.01875,0.04201,"equivalent",4164,578,4164,NA,NA,NA,NA,NA,FALSE,FALSE,"A",TRUE,FALSE,FALSE,FALSE
"any","B_dk","DQ30__1","w5問30_支持政党: 自民党","ssm",-0.01008,0.01101,0.00945,-0.0492,0.2859,0.2951,0.147,0.3293,"undetermined",3618,493,4164,NA,NA,NA,NA,NA,FALSE,FALSE,"A",TRUE,FALSE,FALSE,FALSE
"any","B_dk","DQ30__1","w5問30_支持政党: 自民党","ec",0.00773,0.00731,0.00567,0.0377,0.1727,0.1794,0.0153,0.03543,"equivalent",4164,963,4164,NA,NA,NA,NA,NA,FALSE,FALSE,"A",TRUE,FALSE,FALSE,FALSE
"any","B_dk","DQ30__1","w5問30_支持政党: 自民党","ec_adj",0.00747,NA,0.00565,0.0365,0.1863,0.1935,0.01333,0.03086,"equivalent",4164,963,4164,NA,NA,NA,NA,NA,FALSE,FALSE,"A",TRUE,FALSE,FALSE,FALSE
"any","B_dk","DQ03_1__1","w5問3(1)_現職・働き方: 経営者、役員","naive",0,0,0,NA,NA,NA,0,0,"n/a (no variation)",2111,485,1030,NA,NA,NA,NA,NA,FALSE,FALSE,"C",TRUE,FALSE,FALSE,FALSE
"any","B_dk","DQ03_1__1","w5問3(1)_現職・働き方: 経営者、役員","sm",0,0,0,NA,NA,NA,0,0,"n/a (no variation)",2111,279,1030,NA,NA,NA,NA,NA,FALSE,FALSE,"C",TRUE,FALSE,FALSE,FALSE
"any","B_dk","DQ03_1__1","w5問3(1)_現職・働き方: 経営者、役員","ssm",0,0,0,NA,NA,NA,0,0,"n/a (no variation)",1824,234,1030,NA,NA,NA,NA,NA,FALSE,FALSE,"C",TRUE,FALSE,FALSE,FALSE
"any","B_dk","DQ03_1__1","w5問3(1)_現職・働き方: 経営者、役員","ec",0,0,0,NA,NA,NA,0,0,"n/a (no variation)",2111,485,1030,NA,NA,NA,NA,NA,FALSE,FALSE,"C",TRUE,FALSE,FALSE,FALSE
"any","B_dk","DQ03_1__1","w5問3(1)_現職・働き方: 経営者、役員","ec_adj",0,NA,0,NA,NA,NA,0,0,"n/a (no variation)",2111,485,1030,NA,NA,NA,NA,NA,FALSE,FALSE,"C",TRUE,FALSE,FALSE,FALSE
"any","B_dk","DQ03_2__1","w5問3(2)_現職・職業―大分類(プリコード): 専門職・技術職","naive",0,0,0,NA,NA,NA,0,0,"n/a (no variation)",2111,487,1030,NA,NA,NA,NA,NA,FALSE,FALSE,"C",TRUE,FALSE,FALSE,FALSE
"any","B_dk","DQ03_2__1","w5問3(2)_現職・職業―大分類(プリコード): 専門職・技術職","sm",0,0,0,NA,NA,NA,0,0,"n/a (no variation)",2111,281,1030,NA,NA,NA,NA,NA,FALSE,FALSE,"C",TRUE,FALSE,FALSE,FALSE
"any","B_dk","DQ03_2__1","w5問3(2)_現職・職業―大分類(プリコード): 専門職・技術職","ssm",0,0,0,NA,NA,NA,0,0,"n/a (no variation)",1823,235,1030,NA,NA,NA,NA,NA,FALSE,FALSE,"C",TRUE,FALSE,FALSE,FALSE
"any","B_dk","DQ03_2__1","w5問3(2)_現職・職業―大分類(プリコード): 専門職・技術職","ec",0.00696,0.0032,0.00324,Inf,0.03178,0.03731,2.86e-05,6.991e-05,"affected",2111,487,1030,NA,NA,NA,NA,NA,FALSE,FALSE,"C",TRUE,FALSE,FALSE,FALSE
"any","B_dk","DQ03_2__1","w5問3(2)_現職・職業―大分類(プリコード): 専門職・技術職","ec_adj",0.00701,NA,0.00331,Inf,0.03396,0.03986,4.278e-05,0.0001046,"affected",2111,487,1030,NA,NA,NA,NA,NA,FALSE,FALSE,"C",TRUE,FALSE,FALSE,FALSE
"any","B_dk","DQ42_A","w5問42_健康保険―A","naive",0,0,0,NA,NA,NA,0,0,"n/a (no variation)",3738,862,0,NA,NA,NA,NA,NA,FALSE,FALSE,"",FALSE,FALSE,FALSE,FALSE
"any","B_dk","DQ42_A","w5問42_健康保険―A","sm",0,0,0,NA,NA,NA,0,0,"n/a (no variation)",3738,515,0,NA,NA,NA,NA,NA,FALSE,FALSE,"",FALSE,FALSE,FALSE,FALSE
"any","B_dk","DQ42_A","w5問42_健康保険―A","ssm",0,0,0,NA,NA,NA,0,0,"n/a (no variation)",3260,441,0,NA,NA,NA,NA,NA,FALSE,FALSE,"",FALSE,FALSE,FALSE,FALSE
"any","B_dk","DQ42_B","w5問42_健康保険―B","naive",0,0,0,NA,NA,NA,0,0,"n/a (no variation)",3738,862,0,NA,NA,NA,NA,NA,FALSE,FALSE,"",FALSE,FALSE,FALSE,FALSE
"any","B_dk","DQ42_B","w5問42_健康保険―B","sm",0,0,0,NA,NA,NA,0,0,"n/a (no variation)",3738,515,0,NA,NA,NA,NA,NA,FALSE,FALSE,"",FALSE,FALSE,FALSE,FALSE
"any","B_dk","DQ42_B","w5問42_健康保険―B","ssm",0,0,0,NA,NA,NA,0,0,"n/a (no variation)",3260,441,0,NA,NA,NA,NA,NA,FALSE,FALSE,"",FALSE,FALSE,FALSE,FALSE
"any","B_dk","DQ57A","w5問57A_起床_時刻の回答形式","naive",0,0,0,NA,NA,NA,0,0,"n/a (no variation)",4164,963,4116,NA,NA,NA,NA,NA,FALSE,FALSE,"B",TRUE,FALSE,FALSE,FALSE
"any","B_dk","DQ57A","w5問57A_起床_時刻の回答形式","sm",0,0,0,NA,NA,NA,0,0,"n/a (no variation)",4164,578,4116,NA,NA,NA,NA,NA,FALSE,FALSE,"B",TRUE,FALSE,FALSE,FALSE
"any","B_dk","DQ57A","w5問57A_起床_時刻の回答形式","ssm",0,0,0,NA,NA,NA,0,0,"n/a (no variation)",3618,493,4116,NA,NA,NA,NA,NA,FALSE,FALSE,"B",TRUE,FALSE,FALSE,FALSE
"any","B_dk","DQ57A","w5問57A_起床_時刻の回答形式","ec",0,0,0,NA,NA,NA,0,0,"n/a (no variation)",4164,963,4116,NA,NA,NA,NA,NA,FALSE,FALSE,"B",TRUE,FALSE,FALSE,FALSE
"any","B_dk","DQ57A","w5問57A_起床_時刻の回答形式","ec_adj",0,NA,0,NA,NA,NA,0,0,"n/a (no variation)",4164,963,4116,NA,NA,NA,NA,NA,FALSE,FALSE,"B",TRUE,FALSE,FALSE,FALSE
"any","B_dk","DQ57B__1","w5問57B_家を出る_時刻の回答形式: だいたい午前／午後×時○分ころ","naive",0,0,0,NA,NA,NA,0,0,"n/a (no variation)",4164,963,4164,NA,NA,NA,NA,NA,FALSE,FALSE,"B",TRUE,FALSE,FALSE,FALSE
"any","B_dk","DQ57B__1","w5問57B_家を出る_時刻の回答形式: だいたい午前／午後×時○分ころ","sm",0,0,0,NA,NA,NA,0,0,"n/a (no variation)",4164,578,4164,NA,NA,NA,NA,NA,FALSE,FALSE,"B",TRUE,FALSE,FALSE,FALSE
"any","B_dk","DQ57B__1","w5問57B_家を出る_時刻の回答形式: だいたい午前／午後×時○分ころ","ssm",0,0,0,NA,NA,NA,0,0,"n/a (no variation)",3618,493,4164,NA,NA,NA,NA,NA,FALSE,FALSE,"B",TRUE,FALSE,FALSE,FALSE
"any","B_dk","DQ57B__1","w5問57B_家を出る_時刻の回答形式: だいたい午前／午後×時○分ころ","ec",0,0,0,NA,NA,NA,0,0,"n/a (no variation)",4164,963,4164,NA,NA,NA,NA,NA,FALSE,FALSE,"B",TRUE,FALSE,FALSE,FALSE
"any","B_dk","DQ57B__1","w5問57B_家を出る_時刻の回答形式: だいたい午前／午後×時○分ころ","ec_adj",0,NA,0,NA,NA,NA,0,0,"n/a (no variation)",4164,963,4164,NA,NA,NA,NA,NA,FALSE,FALSE,"B",TRUE,FALSE,FALSE,FALSE
"any","B_dk","DQ57C__1","w5問57C_帰宅_時刻の回答形式: だいたい午前／午後×時○分ころ","naive",0,0,0,NA,NA,NA,0,0,"n/a (no variation)",4164,963,4164,NA,NA,NA,NA,NA,FALSE,FALSE,"B",TRUE,FALSE,FALSE,FALSE
"any","B_dk","DQ57C__1","w5問57C_帰宅_時刻の回答形式: だいたい午前／午後×時○分ころ","sm",0,0,0,NA,NA,NA,0,0,"n/a (no variation)",4164,578,4164,NA,NA,NA,NA,NA,FALSE,FALSE,"B",TRUE,FALSE,FALSE,FALSE
"any","B_dk","DQ57C__1","w5問57C_帰宅_時刻の回答形式: だいたい午前／午後×時○分ころ","ssm",0,0,0,NA,NA,NA,0,0,"n/a (no variation)",3618,493,4164,NA,NA,NA,NA,NA,FALSE,FALSE,"B",TRUE,FALSE,FALSE,FALSE
"any","B_dk","DQ57C__1","w5問57C_帰宅_時刻の回答形式: だいたい午前／午後×時○分ころ","ec",0,0,0,NA,NA,NA,0,0,"n/a (no variation)",4164,963,4164,NA,NA,NA,NA,NA,FALSE,FALSE,"B",TRUE,FALSE,FALSE,FALSE
"any","B_dk","DQ57C__1","w5問57C_帰宅_時刻の回答形式: だいたい午前／午後×時○分ころ","ec_adj",0,NA,0,NA,NA,NA,0,0,"n/a (no variation)",4164,963,4164,NA,NA,NA,NA,NA,FALSE,FALSE,"B",TRUE,FALSE,FALSE,FALSE
"any","B_dk","DQ57D","w5問57D_就寝_時刻の回答形式","naive",0,0,0,NA,NA,NA,0,0,"n/a (no variation)",4164,963,4117,NA,NA,NA,NA,NA,FALSE,FALSE,"B",TRUE,FALSE,FALSE,FALSE
"any","B_dk","DQ57D","w5問57D_就寝_時刻の回答形式","sm",0,0,0,NA,NA,NA,0,0,"n/a (no variation)",4164,578,4117,NA,NA,NA,NA,NA,FALSE,FALSE,"B",TRUE,FALSE,FALSE,FALSE
"any","B_dk","DQ57D","w5問57D_就寝_時刻の回答形式","ssm",0,0,0,NA,NA,NA,0,0,"n/a (no variation)",3618,493,4117,NA,NA,NA,NA,NA,FALSE,FALSE,"B",TRUE,FALSE,FALSE,FALSE
"any","B_dk","DQ57D","w5問57D_就寝_時刻の回答形式","ec",0,0,0,NA,NA,NA,0,0,"n/a (no variation)",4164,963,4117,NA,NA,NA,NA,NA,FALSE,FALSE,"B",TRUE,FALSE,FALSE,FALSE
"any","B_dk","DQ57D","w5問57D_就寝_時刻の回答形式","ec_adj",0,NA,0,NA,NA,NA,0,0,"n/a (no variation)",4164,963,4117,NA,NA,NA,NA,NA,FALSE,FALSE,"B",TRUE,FALSE,FALSE,FALSE
"any","B_dk","DQ03_5E","w5問3(5)-5_収入の形態―年俸","naive",0,0,0,NA,NA,NA,0,0,"n/a (no variation)",4164,963,0,NA,NA,NA,NA,NA,FALSE,FALSE,"",FALSE,FALSE,FALSE,FALSE
"any","B_dk","DQ03_5E","w5問3(5)-5_収入の形態―年俸","sm",0,0,0,NA,NA,NA,0,0,"n/a (no variation)",4164,578,0,NA,NA,NA,NA,NA,FALSE,FALSE,"",FALSE,FALSE,FALSE,FALSE
"any","B_dk","DQ03_5E","w5問3(5)-5_収入の形態―年俸","ssm",0,0,0,NA,NA,NA,0,0,"n/a (no variation)",3618,493,0,NA,NA,NA,NA,NA,FALSE,FALSE,"",FALSE,FALSE,FALSE,FALSE
"any","B_dk","DQ03_5ES","w5問3(5)-5_収入の金額―年俸","naive",0,0,0,NA,NA,NA,0,0,"n/a (no variation)",1064,246,0,NA,NA,NA,NA,NA,FALSE,FALSE,"",FALSE,FALSE,FALSE,FALSE
"any","B_dk","DQ03_5ES","w5問3(5)-5_収入の金額―年俸","sm",0,0,0,NA,NA,NA,0,0,"n/a (no variation)",1064,142,0,NA,NA,NA,NA,NA,FALSE,FALSE,"",FALSE,FALSE,FALSE,FALSE
"any","B_dk","DQ03_5ES","w5問3(5)-5_収入の金額―年俸","ssm",0,0,0,NA,NA,NA,0,0,"n/a (no variation)",925,123,0,NA,NA,NA,NA,NA,FALSE,FALSE,"",FALSE,FALSE,FALSE,FALSE
"any","B_dk","DQ03_13","w5問3(13)_現在の会社で当面仕事を続けるか","naive",-0.01147,0.0115,0.01232,-0.0522,0.3519,0.3519,0.2442,0.526,"undetermined",2088,478,1017,NA,NA,NA,NA,NA,FALSE,FALSE,"C",TRUE,FALSE,FALSE,FALSE
"any","B_dk","DQ03_13","w5問3(13)_現在の会社で当面仕事を続けるか","sm",0.00138,0.01315,0.01437,0.0063,0.9234,0.9234,0.09762,0.2103,"undetermined",2088,275,1017,NA,NA,NA,NA,NA,FALSE,FALSE,"C",TRUE,FALSE,FALSE,FALSE
"any","B_dk","DQ03_13","w5問3(13)_現在の会社で当面仕事を続けるか","ssm",0.00361,0.01437,0.01638,0.0165,0.8254,0.8254,0.1586,0.3415,"undetermined",1805,230,1017,NA,NA,NA,NA,NA,FALSE,FALSE,"C",TRUE,FALSE,FALSE,FALSE
"any","B_dk","DQ03_13","w5問3(13)_現在の会社で当面仕事を続けるか","ec",-0.01469,0.01256,0.01362,-0.0669,0.2808,0.2808,0.3481,0.7659,"undetermined",2088,478,1017,NA,NA,NA,NA,NA,FALSE,FALSE,"C",TRUE,FALSE,FALSE,FALSE
"any","B_dk","DQ03_13","w5問3(13)_現在の会社で当面仕事を続けるか","ec_adj",-0.01477,NA,0.01352,-0.0673,0.2745,0.2745,0.3494,0.7687,"undetermined",2088,478,1017,NA,NA,NA,NA,NA,FALSE,FALSE,"C",TRUE,FALSE,FALSE,FALSE
"any","B_dk","DQ17A","w5問17A_中3時の父親の喫煙","naive",0,0,0,NA,NA,NA,0,0,"n/a (no variation)",3977,912,0,NA,NA,NA,NA,NA,FALSE,FALSE,"",FALSE,FALSE,FALSE,FALSE
"any","B_dk","DQ17A","w5問17A_中3時の父親の喫煙","sm",0,0,0,NA,NA,NA,0,0,"n/a (no variation)",3977,548,0,NA,NA,NA,NA,NA,FALSE,FALSE,"",FALSE,FALSE,FALSE,FALSE
"any","B_dk","DQ17A","w5問17A_中3時の父親の喫煙","ssm",0,0,0,NA,NA,NA,0,0,"n/a (no variation)",3455,467,0,NA,NA,NA,NA,NA,FALSE,FALSE,"",FALSE,FALSE,FALSE,FALSE
"any","P_style","pdq_miss_share",NA,"naive",-0.00186,0.00063,0.00058,-0.1083,0.001381,0.001842,3.669e-215,1.468e-214,"affected",4164,963,4164,NA,NA,NA,NA,NA,FALSE,FALSE,NA,TRUE,NA,NA,FALSE
"any","P_style","pdq_miss_share",NA,"sm",-0.00128,0.00077,0.00085,-0.0748,0.1323,0.1323,1.943e-107,7.771e-107,"equivalent",4164,578,4164,NA,NA,NA,NA,NA,FALSE,FALSE,NA,TRUE,NA,NA,FALSE
"any","P_style","pdq_miss_share",NA,"ssm",-0.00085,0.00083,0.00088,-0.0499,0.3313,0.3313,1.969e-105,7.875e-105,"equivalent",3618,493,4164,NA,NA,NA,NA,NA,FALSE,FALSE,NA,TRUE,NA,NA,FALSE
"any","P_style","pdq_miss_share",NA,"ec",-0.0019,0.00064,0.00056,-0.1109,0.0007294,0.0007294,1.2e-227,4.799e-227,"affected",4164,963,4164,NA,NA,NA,NA,NA,FALSE,FALSE,NA,TRUE,NA,NA,FALSE
"any","P_style","pdq_miss_share",NA,"ec_adj",-0.00183,NA,0.00055,-0.1071,0.0008003,0.0008003,4.562e-242,1.825e-241,"affected",4164,963,4164,NA,NA,NA,NA,NA,FALSE,FALSE,NA,TRUE,NA,NA,FALSE
"any","P_style","pdq_dk_share",NA,"naive",-0.01725,0.00083,0.00084,-0.8129,1.289e-93,5.154e-93,0.0005429,0.001086,"affected",4164,963,4164,NA,NA,NA,NA,NA,FALSE,FALSE,NA,TRUE,NA,NA,FALSE
"any","P_style","pdq_dk_share",NA,"sm",-0.01764,0.00102,0.00095,-0.8313,1.016e-77,4.063e-77,0.006334,0.01267,"affected",4164,578,4164,NA,NA,NA,NA,NA,FALSE,FALSE,NA,TRUE,NA,NA,FALSE
"any","P_style","pdq_dk_share",NA,"ssm",-0.01776,0.00109,0.00107,-0.8369,1.124e-61,4.497e-61,0.01838,0.03677,"affected",3618,493,4164,NA,NA,NA,NA,NA,FALSE,FALSE,NA,TRUE,NA,NA,FALSE
"any","P_style","pdq_dk_share",NA,"ec",-0.01731,0.00084,0.00086,-0.8158,5.926e-91,2.37e-90,0.0008529,0.001706,"affected",4164,963,4164,NA,NA,NA,NA,NA,FALSE,FALSE,NA,TRUE,NA,NA,FALSE
"any","P_style","pdq_dk_share",NA,"ec_adj",-0.01733,NA,0.00085,-0.8167,1.743e-92,6.97e-92,0.000846,0.001692,"affected",4164,963,4164,NA,NA,NA,NA,NA,FALSE,FALSE,NA,TRUE,NA,NA,FALSE
"any","P_style","pdq_mid_share",NA,"naive",-0.01259,0.00441,0.00415,-0.1018,0.002425,0.002425,0.0371,0.0371,"affected",4164,963,4164,NA,NA,NA,NA,NA,FALSE,FALSE,NA,TRUE,NA,NA,FALSE
"any","P_style","pdq_mid_share",NA,"sm",-0.01721,0.00548,0.00531,-0.1392,0.001194,0.001592,0.2999,0.2999,"affected",4164,578,4164,NA,NA,NA,NA,NA,FALSE,FALSE,NA,TRUE,NA,NA,FALSE
"any","P_style","pdq_mid_share",NA,"ssm",-0.01803,0.00591,0.00575,-0.1458,0.001733,0.00231,0.3659,0.3659,"affected",3618,493,4164,NA,NA,NA,NA,NA,FALSE,FALSE,NA,TRUE,NA,NA,FALSE
"any","P_style","pdq_mid_share",NA,"ec",-0.01439,0.00445,0.00424,-0.1164,0.0006916,0.0007294,0.09308,0.09308,"affected",4164,963,4164,NA,NA,NA,NA,NA,FALSE,FALSE,NA,TRUE,NA,NA,FALSE
"any","P_style","pdq_mid_share",NA,"ec_adj",-0.01435,NA,0.00417,-0.116,0.0005741,0.0007654,0.08748,0.08748,"affected",4164,963,4164,NA,NA,NA,NA,NA,FALSE,FALSE,NA,TRUE,NA,NA,FALSE
"any","P_style","pdq_ext_share",NA,"naive",0.01217,0.00395,0.00372,0.1089,0.001068,0.001842,0.01771,0.02361,"affected",4164,963,4164,NA,NA,NA,NA,NA,FALSE,FALSE,NA,TRUE,NA,NA,FALSE
"any","P_style","pdq_ext_share",NA,"sm",0.01621,0.00479,0.0046,0.145,0.0004236,0.0008472,0.205,0.2733,"affected",4164,578,4164,NA,NA,NA,NA,NA,FALSE,FALSE,NA,TRUE,NA,NA,FALSE
"any","P_style","pdq_ext_share",NA,"ssm",0.01648,0.00503,0.00478,0.1473,0.0005739,0.001148,0.2307,0.3076,"affected",3618,493,4164,NA,NA,NA,NA,NA,FALSE,FALSE,NA,TRUE,NA,NA,FALSE
"any","P_style","pdq_ext_share",NA,"ec",0.0142,0.00395,0.00381,0.127,0.0001981,0.0003961,0.0641,0.08547,"affected",4164,963,4164,NA,NA,NA,NA,NA,FALSE,FALSE,NA,TRUE,NA,NA,FALSE
"any","P_style","pdq_ext_share",NA,"ec_adj",0.01423,NA,0.00382,0.1273,0.0001954,0.0003908,0.06569,0.08748,"affected",4164,963,4164,NA,NA,NA,NA,NA,FALSE,FALSE,NA,TRUE,NA,NA,FALSE
